"Inst_Name","Course_name","Cat_Name","Board","Type of
Institute","closing"
"BIRLA VISHVAKARMA MAHA
VIDHYALAYA(GIA), V.V.NAGAR","CIVIL ENGINEERING","EWS","GUJCET Based","GIA","17808.00"
"BIRLA VISHVAKARMA MAHA
VIDHYALAYA(GIA), V.V.NAGAR","CIVIL ENGINEERING","GEN","GUJCET Based","GIA","16351.00"
"BIRLA VISHVAKARMA MAHA
VIDHYALAYA(GIA), V.V.NAGAR","CIVIL ENGINEERING","SC","GUJCET Based","GIA","33801.00"
"BIRLA VISHVAKARMA MAHA
VIDHYALAYA(GIA), V.V.NAGAR","CIVIL ENGINEERING","SEBC","GUJCET Based","GIA","20733.00"
"BIRLA VISHVAKARMA MAHA
VIDHYALAYA(GIA), V.V.NAGAR","CIVIL ENGINEERING","ST","GUJCET Based","GIA","28078.00"
"BIRLA VISHVAKARMA MAHA
VIDHYALAYA(GIA), V.V.NAGAR","CIVIL ENGINEERING","GEN","JEE Based","GIA","904604.00"
"BIRLA VISHVAKARMA MAHA
VIDHYALAYA(GIA), V.V.NAGAR","CIVIL ENGINEERING - TFWS","TFWS","GUJCET Based","GIA","11664.00"
"BIRLA VISHVAKARMA MAHA
VIDHYALAYA(GIA), V.V.NAGAR","COMPUTER ENGINEERING","EWS","GUJCET Based","GIA","2011.00"
"BIRLA VISHVAKARMA MAHA
VIDHYALAYA(GIA), V.V.NAGAR","COMPUTER ENGINEERING","GEN","GUJCET Based","GIA","1717.00"
"BIRLA VISHVAKARMA MAHA
VIDHYALAYA(GIA), V.V.NAGAR","COMPUTER ENGINEERING","SC","GUJCET Based","GIA","8211.00"
"BIRLA VISHVAKARMA MAHA
VIDHYALAYA(GIA), V.V.NAGAR","COMPUTER ENGINEERING","SEBC","GUJCET Based","GIA","2918.00"
"BIRLA VISHVAKARMA MAHA
VIDHYALAYA(GIA), V.V.NAGAR","COMPUTER ENGINEERING","EWS","JEE Based","GIA","900771.00"
"BIRLA VISHVAKARMA MAHA
VIDHYALAYA(GIA), V.V.NAGAR","COMPUTER ENGINEERING","GEN","JEE Based","GIA","900281.00"
"BIRLA VISHVAKARMA MAHA
VIDHYALAYA(GIA), V.V.NAGAR","COMPUTER ENGINEERING","SEBC","JEE Based","GIA","901010.00"
"BIRLA VISHVAKARMA MAHA
VIDHYALAYA(GIA), V.V.NAGAR","COMPUTER ENGINEERING - TFWS","TFWS","GUJCET Based","GIA","860.00"
"BIRLA VISHVAKARMA MAHA
VIDHYALAYA(GIA), V.V.NAGAR","ELECTRICAL ENGINEERING","EWS","GUJCET Based","GIA","11308.00"
"BIRLA VISHVAKARMA MAHA
VIDHYALAYA(GIA), V.V.NAGAR","ELECTRICAL ENGINEERING","GEN","GUJCET Based","GIA","10159.00"
"BIRLA VISHVAKARMA MAHA
VIDHYALAYA(GIA), V.V.NAGAR","ELECTRICAL ENGINEERING","SC","GUJCET Based","GIA","22660.00"
"BIRLA VISHVAKARMA MAHA
VIDHYALAYA(GIA), V.V.NAGAR","ELECTRICAL ENGINEERING","SEBC","GUJCET Based","GIA","13697.00"
"BIRLA VISHVAKARMA MAHA
VIDHYALAYA(GIA), V.V.NAGAR","ELECTRICAL ENGINEERING","GEN","JEE Based","GIA","902040.00"
"BIRLA VISHVAKARMA MAHA
VIDHYALAYA(GIA), V.V.NAGAR","ELECTRICAL ENGINEERING","SEBC","JEE Based","GIA","904822.00"
"BIRLA VISHVAKARMA MAHA
VIDHYALAYA(GIA), V.V.NAGAR","ELECTRICAL ENGINEERING - TFWS","TFWS","GUJCET Based","GIA","7824.00"
"BIRLA VISHVAKARMA MAHA
VIDHYALAYA(GIA), V.V.NAGAR","ELECTRONICS ENGINEERING","EWS","GUJCET Based","GIA","8728.00"
"BIRLA VISHVAKARMA MAHA
VIDHYALAYA(GIA), V.V.NAGAR","ELECTRONICS ENGINEERING","GEN","GUJCET Based","GIA","6578.00"
"BIRLA VISHVAKARMA MAHA
VIDHYALAYA(GIA), V.V.NAGAR","ELECTRONICS ENGINEERING","SEBC","GUJCET Based","GIA","11269.00"
"BIRLA VISHVAKARMA MAHA
VIDHYALAYA(GIA), V.V.NAGAR","ELECTRONICS ENGINEERING","GEN","JEE Based","GIA","900940.00"
"BIRLA VISHVAKARMA MAHA
VIDHYALAYA(GIA), V.V.NAGAR","ELECTRONICS ENGINEERING","SEBC","JEE Based","GIA","902536.00"
"BIRLA VISHVAKARMA MAHA
VIDHYALAYA(GIA), V.V.NAGAR","ELECTRONICS ENGINEERING","ST","JEE Based","GIA","924634.00"
"BIRLA VISHVAKARMA MAHA
VIDHYALAYA(GIA), V.V.NAGAR","ELECTRONICS ENGINEERING-
TFWS","TFWS","GUJCET Based","GIA","4504.00"
"BIRLA VISHVAKARMA MAHA
VIDHYALAYA(GIA), V.V.NAGAR","MECHANICAL ENGINEERING","EWS","GUJCET Based","GIA","10656.00"
"BIRLA VISHVAKARMA MAHA
VIDHYALAYA(GIA), V.V.NAGAR","MECHANICAL ENGINEERING","GEN","GUJCET Based","GIA","9157.00"
"BIRLA VISHVAKARMA MAHA
VIDHYALAYA(GIA), V.V.NAGAR","MECHANICAL ENGINEERING","SC","GUJCET Based","GIA","20243.00"
"BIRLA VISHVAKARMA MAHA
VIDHYALAYA(GIA), V.V.NAGAR","MECHANICAL ENGINEERING","SEBC","GUJCET Based","GIA","13369.00"
"BIRLA VISHVAKARMA MAHA
VIDHYALAYA(GIA), V.V.NAGAR","MECHANICAL ENGINEERING","ST","GUJCET Based","GIA","29655.00"
"BIRLA VISHVAKARMA MAHA
VIDHYALAYA(GIA), V.V.NAGAR","MECHANICAL ENGINEERING","SC","JEE Based","GIA","906144.00"
"BIRLA VISHVAKARMA MAHA
VIDHYALAYA(GIA), V.V.NAGAR","PRODUCTION ENGINEERING","EWS","GUJCET Based","GIA","38356.00"
"BIRLA VISHVAKARMA MAHA
VIDHYALAYA(GIA), V.V.NAGAR","PRODUCTION ENGINEERING","GEN","GUJCET Based","GIA","34014.00"
"BIRLA VISHVAKARMA MAHA
VIDHYALAYA(GIA), V.V.NAGAR","PRODUCTION ENGINEERING","SEBC","GUJCET Based","GIA","36833.00"
"BIRLA VISHVAKARMA MAHA
VIDHYALAYA(GIA), V.V.NAGAR","PRODUCTION ENGINEERING","GEN","JEE Based","GIA","905352.00"
"BIRLA VISHVAKARMA MAHA
VIDHYALAYA(GIA), V.V.NAGAR","PRODUCTION ENGINEERING -
TFWS","TFWS","GUJCET Based","GIA","22117.00"
"Admission Committee for Professional Courses, Gujarat"
"First Year Degree Engineering : 2025-26"
"Institute Wise : Program Wise : Last Admitted Rank after Round-3"
"Inst_Name","Course_name","Cat_Name","Board","Type of
Institute","closing"
"FACULTY OF TECHNOLOGY &
ENGINEERING(MSU), VADODARA","CHEMICAL ENGINEERING","EWS","GUJCET Based","GIA","5747.00"
"FACULTY OF TECHNOLOGY &
ENGINEERING(MSU), VADODARA","CHEMICAL ENGINEERING","GEN","GUJCET Based","GIA","4429.00"
"FACULTY OF TECHNOLOGY &
ENGINEERING(MSU), VADODARA","CHEMICAL ENGINEERING","SEBC","GUJCET Based","GIA","5892.00"
"FACULTY OF TECHNOLOGY &
ENGINEERING(MSU), VADODARA","CIVIL ENGINEERING","EWS","GUJCET Based","GIA","14124.00"
"FACULTY OF TECHNOLOGY &
ENGINEERING(MSU), VADODARA","CIVIL ENGINEERING","GEN","GUJCET Based","GIA","13073.00"
"FACULTY OF TECHNOLOGY &
ENGINEERING(MSU), VADODARA","CIVIL ENGINEERING","SC","GUJCET Based","GIA","23499.00"
"FACULTY OF TECHNOLOGY &
ENGINEERING(MSU), VADODARA","CIVIL ENGINEERING","SEBC","GUJCET Based","GIA","18445.00"
"FACULTY OF TECHNOLOGY &
ENGINEERING(MSU), VADODARA","CIVIL ENGINEERING","ST","GUJCET Based","GIA","28908.00"
"FACULTY OF TECHNOLOGY &
ENGINEERING(MSU), VADODARA","CIVIL ENGINEERING","ESM","JEE Based","GIA","922121.00"
"FACULTY OF TECHNOLOGY &
ENGINEERING(MSU), VADODARA","CIVIL ENGINEERING","GEN","JEE Based","GIA","902767.00"
"FACULTY OF TECHNOLOGY &
ENGINEERING(MSU), VADODARA","CIVIL IRRIGATION WATER
MANAGEMENT","GEN","GUJCET Based","GIA","50430.00"
"FACULTY OF TECHNOLOGY &
ENGINEERING(MSU), VADODARA","CIVIL IRRIGATION WATER
MANAGEMENT","GEN","JEE Based","GIA","932149.00"
"FACULTY OF TECHNOLOGY &
ENGINEERING(MSU), VADODARA","COMPUTER SCIENCE &
ENGINEERING","EWS","GUJCET Based","GIA","1477.00"
"FACULTY OF TECHNOLOGY &
ENGINEERING(MSU), VADODARA","COMPUTER SCIENCE &
ENGINEERING","GEN","GUJCET Based","GIA","1087.00"
"FACULTY OF TECHNOLOGY &
ENGINEERING(MSU), VADODARA","COMPUTER SCIENCE &
ENGINEERING","SC","GUJCET Based","GIA","6695.00"
"FACULTY OF TECHNOLOGY &
ENGINEERING(MSU), VADODARA","COMPUTER SCIENCE &
ENGINEERING","SEBC","GUJCET Based","GIA","2202.00"
"FACULTY OF TECHNOLOGY &
ENGINEERING(MSU), VADODARA","COMPUTER SCIENCE &
ENGINEERING","GEN","JEE Based","GIA","900285.00"
"FACULTY OF TECHNOLOGY &
ENGINEERING(MSU), VADODARA","COMPUTER SCIENCE &
ENGINEERING","ST","JEE Based","GIA","907175.00"
"FACULTY OF TECHNOLOGY &
ENGINEERING(MSU), VADODARA","COMPUTER SCIENCE &
ENGINEERING - TFWS","TFWS","GUJCET Based","GIA","467.00"
"FACULTY OF TECHNOLOGY &
ENGINEERING(MSU), VADODARA","ELECTRICAL ENGINEERING","EWS","GUJCET Based","GIA","8402.00"
"FACULTY OF TECHNOLOGY &
ENGINEERING(MSU), VADODARA","ELECTRICAL ENGINEERING","GEN","GUJCET Based","GIA","7254.00"
"FACULTY OF TECHNOLOGY &
ENGINEERING(MSU), VADODARA","ELECTRICAL ENGINEERING","SC","GUJCET Based","GIA","18109.00"
"FACULTY OF TECHNOLOGY &
ENGINEERING(MSU), VADODARA","ELECTRICAL ENGINEERING","SEBC","GUJCET Based","GIA","11544.00"
"FACULTY OF TECHNOLOGY &
ENGINEERING(MSU), VADODARA","ELECTRICAL ENGINEERING","ST","GUJCET Based","GIA","17851.00"
"FACULTY OF TECHNOLOGY &
ENGINEERING(MSU), VADODARA","ELECTRICAL ENGINEERING","SEBC","JEE Based","GIA","903514.00"
"FACULTY OF TECHNOLOGY &
ENGINEERING(MSU), VADODARA","ELECTRICAL ENGINEERING - TFWS","TFWS","GUJCET Based","GIA","5478.00"
"FACULTY OF TECHNOLOGY &
ENGINEERING(MSU), VADODARA","ELECTRONICS ENGINEERING","EWS","GUJCET Based","GIA","4405.00"
"FACULTY OF TECHNOLOGY &
ENGINEERING(MSU), VADODARA","ELECTRONICS ENGINEERING","GEN","GUJCET Based","GIA","3512.00"
"FACULTY OF TECHNOLOGY &
ENGINEERING(MSU), VADODARA","ELECTRONICS ENGINEERING","SEBC","GUJCET Based","GIA","3669.00"
"FACULTY OF TECHNOLOGY &
ENGINEERING(MSU), VADODARA","ELECTRONICS ENGINEERING","ST","GUJCET Based","GIA","18135.00"
"FACULTY OF TECHNOLOGY &
ENGINEERING(MSU), VADODARA","ELECTRONICS ENGINEERING-
TFWS","TFWS","GUJCET Based","GIA","2357.00"
"FACULTY OF TECHNOLOGY &
ENGINEERING(MSU), VADODARA","MECHANICAL ENGINEERING","EWS","GUJCET Based","GIA","8820.00"
"FACULTY OF TECHNOLOGY &
ENGINEERING(MSU), VADODARA","MECHANICAL ENGINEERING","GEN","GUJCET Based","GIA","6605.00"
"FACULTY OF TECHNOLOGY &
ENGINEERING(MSU), VADODARA","MECHANICAL ENGINEERING","SEBC","GUJCET Based","GIA","10920.00"
"FACULTY OF TECHNOLOGY &
ENGINEERING(MSU), VADODARA","MECHANICAL ENGINEERING","SEBC","JEE Based","GIA","902102.00"
"FACULTY OF TECHNOLOGY &
ENGINEERING(MSU), VADODARA","METALLURGICAL AND MATERIALS
ENGINEERING","EWS","GUJCET Based","GIA","36883.00"
"FACULTY OF TECHNOLOGY &
ENGINEERING(MSU), VADODARA","METALLURGICAL AND MATERIALS
ENGINEERING","GEN","GUJCET Based","GIA","24570.00"
"FACULTY OF TECHNOLOGY &
ENGINEERING(MSU), VADODARA","METALLURGICAL AND MATERIALS
ENGINEERING","SEBC","GUJCET Based","GIA","30861.00"
"FACULTY OF TECHNOLOGY &
ENGINEERING(MSU), VADODARA","TEXTILE ENGINEERING","GEN","GUJCET Based","GIA","36327.00"
"FACULTY OF TECHNOLOGY &
ENGINEERING(MSU), VADODARA","TEXTILE ENGINEERING","GEN","JEE Based","GIA","931868.00"
"Admission Committee for Professional Courses, Gujarat"
"First Year Degree Engineering : 2025-26"
"Institute Wise : Program Wise : Last Admitted Rank after Round-3"
"Inst_Name","Course_name","Cat_Name","Board","Type of
Institute","closing"
"FACULTY OF TECHNOLOGY &
ENGINEERING(MSU), VADODARA","TEXTILE ENGINEERING - TFWS","TFWS","GUJCET Based","GIA","31574.00"
"FACULTY OF TECHNOLOGY &
ENGINEERING(MSU), VADODARA","TEXTILE PROCESSING","GEN","JEE Based","GIA","932461.00"
"FACULTY OF TECHNOLOGY &
ENGINEERING(MSU), VADODARA","TEXTILE TECHNOLOGY","GEN","GUJCET Based","GIA","38328.00"
"FACULTY OF TECHNOLOGY &
ENGINEERING(MSU), VADODARA","TEXTILE TECHNOLOGY","GEN","JEE Based","GIA","931898.00"
"FACULTY OF TECHNOLOGY AND
ENGINEERING(GIA), DHARMSINH DESAI
UNIVERSITY, (DDU), NADIAD","CHEMICAL ENGINEERING","EWS","GUJCET Based","GIA","6412.00"
"FACULTY OF TECHNOLOGY AND
ENGINEERING(GIA), DHARMSINH DESAI
UNIVERSITY, (DDU), NADIAD","CHEMICAL ENGINEERING","GEN","GUJCET Based","GIA","5591.00"
"FACULTY OF TECHNOLOGY AND
ENGINEERING(GIA), DHARMSINH DESAI
UNIVERSITY, (DDU), NADIAD","CHEMICAL ENGINEERING","SEBC","GUJCET Based","GIA","9186.00"
"FACULTY OF TECHNOLOGY AND
ENGINEERING(GIA), DHARMSINH DESAI
UNIVERSITY, (DDU), NADIAD","CHEMICAL ENGINEERING","GEN","JEE Based","GIA","901369.00"
"FACULTY OF TECHNOLOGY AND
ENGINEERING(GIA), DHARMSINH DESAI
UNIVERSITY, (DDU), NADIAD","CIVIL ENGINEERING","EWS","GUJCET Based","GIA","13859.00"
"FACULTY OF TECHNOLOGY AND
ENGINEERING(GIA), DHARMSINH DESAI
UNIVERSITY, (DDU), NADIAD","CIVIL ENGINEERING","GEN","GUJCET Based","GIA","12638.00"
"FACULTY OF TECHNOLOGY AND
ENGINEERING(GIA), DHARMSINH DESAI
UNIVERSITY, (DDU), NADIAD","CIVIL ENGINEERING","SEBC","GUJCET Based","GIA","19020.00"
"FACULTY OF TECHNOLOGY AND
ENGINEERING(GIA), DHARMSINH DESAI
UNIVERSITY, (DDU), NADIAD","CIVIL ENGINEERING","ST","GUJCET Based","GIA","36610.00"
"FACULTY OF TECHNOLOGY AND
ENGINEERING(GIA), DHARMSINH DESAI
UNIVERSITY, (DDU), NADIAD","CIVIL ENGINEERING","EWS","JEE Based","GIA","904700.00"
"FACULTY OF TECHNOLOGY AND
ENGINEERING(GIA), DHARMSINH DESAI
UNIVERSITY, (DDU), NADIAD","CIVIL ENGINEERING","GEN","JEE Based","GIA","902894.00"
"FACULTY OF TECHNOLOGY AND
ENGINEERING(GIA), DHARMSINH DESAI
UNIVERSITY, (DDU), NADIAD","COMPUTER ENGINEERING","EWS","GUJCET Based","GIA","381.00"
"FACULTY OF TECHNOLOGY AND
ENGINEERING(GIA), DHARMSINH DESAI
UNIVERSITY, (DDU), NADIAD","COMPUTER ENGINEERING","GEN","GUJCET Based","GIA","351.00"
"FACULTY OF TECHNOLOGY AND
ENGINEERING(GIA), DHARMSINH DESAI
UNIVERSITY, (DDU), NADIAD","COMPUTER ENGINEERING","SC","GUJCET Based","GIA","3942.00"
"FACULTY OF TECHNOLOGY AND
ENGINEERING(GIA), DHARMSINH DESAI
UNIVERSITY, (DDU), NADIAD","COMPUTER ENGINEERING","SEBC","GUJCET Based","GIA","842.00"
"FACULTY OF TECHNOLOGY AND
ENGINEERING(GIA), DHARMSINH DESAI
UNIVERSITY, (DDU), NADIAD","COMPUTER ENGINEERING","ST","GUJCET Based","GIA","21009.00"
"FACULTY OF TECHNOLOGY AND
ENGINEERING(GIA), DHARMSINH DESAI
UNIVERSITY, (DDU), NADIAD","COMPUTER ENGINEERING","GEN","JEE Based","GIA","900029.00"
"FACULTY OF TECHNOLOGY AND
ENGINEERING(GIA), DHARMSINH DESAI
UNIVERSITY, (DDU), NADIAD","COMPUTER ENGINEERING","SEBC","JEE Based","GIA","900571.00"
"FACULTY OF TECHNOLOGY AND
ENGINEERING(GIA), DHARMSINH DESAI
UNIVERSITY, (DDU), NADIAD","COMPUTER ENGINEERING - TFWS","TFWS","GUJCET Based","GIA","184.00"
"FACULTY OF TECHNOLOGY AND
ENGINEERING(GIA), DHARMSINH DESAI
UNIVERSITY, (DDU), NADIAD","ELECTRONICS &
COMMUNICATION ENGINEERING","EWS","GUJCET Based","GIA","1637.00"
"FACULTY OF TECHNOLOGY AND
ENGINEERING(GIA), DHARMSINH DESAI
UNIVERSITY, (DDU), NADIAD","ELECTRONICS &
COMMUNICATION ENGINEERING","GEN","GUJCET Based","GIA","1188.00"
"FACULTY OF TECHNOLOGY AND
ENGINEERING(GIA), DHARMSINH DESAI
UNIVERSITY, (DDU), NADIAD","ELECTRONICS &
COMMUNICATION ENGINEERING","SEBC","GUJCET Based","GIA","1830.00"
"FACULTY OF TECHNOLOGY AND
ENGINEERING(GIA), DHARMSINH DESAI
UNIVERSITY, (DDU), NADIAD","ELECTRONICS &
COMMUNICATION ENGINEERING","ST","GUJCET Based","GIA","38955.00"
"FACULTY OF TECHNOLOGY AND
ENGINEERING(GIA), DHARMSINH DESAI
UNIVERSITY, (DDU), NADIAD","ELECTRONICS &
COMMUNICATION ENGINEERING","SEBC","JEE Based","GIA","901045.00"
"FACULTY OF TECHNOLOGY AND
ENGINEERING(GIA), DHARMSINH DESAI
UNIVERSITY, (DDU), NADIAD","ELECTRONICS &
COMMUNICATION ENGINEERING -
TFWS","TFWS","JEE Based","GIA","900471.00"
"Admission Committee for Professional Courses, Gujarat"
"First Year Degree Engineering : 2025-26"
"Institute Wise : Program Wise : Last Admitted Rank after Round-3"
"Inst_Name","Course_name","Cat_Name","Board","Type of
Institute","closing"
"FACULTY OF TECHNOLOGY AND
ENGINEERING(GIA), DHARMSINH DESAI
UNIVERSITY, (DDU), NADIAD","INSTRUMENTATION & CONTROL
ENGINEERING","GEN","GUJCET Based","GIA","8047.00"
"FACULTY OF TECHNOLOGY AND
ENGINEERING(GIA), DHARMSINH DESAI
UNIVERSITY, (DDU), NADIAD","INSTRUMENTATION & CONTROL
ENGINEERING","GEN","JEE Based","GIA","901854.00"
"DR. S & S.S.GHANDHI GOVERNMENT
ENGINEERING COLLEGE SURAT","CIVIL ENGINEERING","EWS","GUJCET Based","GOVT","22046.00"
"DR. S & S.S.GHANDHI GOVERNMENT
ENGINEERING COLLEGE SURAT","CIVIL ENGINEERING","GEN","GUJCET Based","GOVT","20822.00"
"DR. S & S.S.GHANDHI GOVERNMENT
ENGINEERING COLLEGE SURAT","CIVIL ENGINEERING","SEBC","GUJCET Based","GOVT","31011.00"
"DR. S & S.S.GHANDHI GOVERNMENT
ENGINEERING COLLEGE SURAT","CIVIL ENGINEERING","ST","GUJCET Based","GOVT","35313.00"
"DR. S & S.S.GHANDHI GOVERNMENT
ENGINEERING COLLEGE SURAT","CIVIL ENGINEERING","GEN","JEE Based","GOVT","904173.00"
"DR. S & S.S.GHANDHI GOVERNMENT
ENGINEERING COLLEGE SURAT","CIVIL ENGINEERING","SEBC","JEE Based","GOVT","912805.00"
"DR. S & S.S.GHANDHI GOVERNMENT
ENGINEERING COLLEGE SURAT","CIVIL ENGINEERING - TFWS","TFWS","GUJCET Based","GOVT","11507.00"
"DR. S & S.S.GHANDHI GOVERNMENT
ENGINEERING COLLEGE SURAT","COMPUTER ENGINEERING","EWS","GUJCET Based","GOVT","4911.00"
"DR. S & S.S.GHANDHI GOVERNMENT
ENGINEERING COLLEGE SURAT","COMPUTER ENGINEERING","GEN","GUJCET Based","GOVT","4693.00"
"DR. S & S.S.GHANDHI GOVERNMENT
ENGINEERING COLLEGE SURAT","COMPUTER ENGINEERING","SC","GUJCET Based","GOVT","26099.00"
"DR. S & S.S.GHANDHI GOVERNMENT
ENGINEERING COLLEGE SURAT","COMPUTER ENGINEERING","SEBC","GUJCET Based","GOVT","7400.00"
"DR. S & S.S.GHANDHI GOVERNMENT
ENGINEERING COLLEGE SURAT","COMPUTER ENGINEERING","ST","GUJCET Based","GOVT","32198.00"
"DR. S & S.S.GHANDHI GOVERNMENT
ENGINEERING COLLEGE SURAT","COMPUTER ENGINEERING","SC","JEE Based","GOVT","908166.00"
"DR. S & S.S.GHANDHI GOVERNMENT
ENGINEERING COLLEGE SURAT","COMPUTER ENGINEERING","SEBC","JEE Based","GOVT","902645.00"
"DR. S & S.S.GHANDHI GOVERNMENT
ENGINEERING COLLEGE SURAT","COMPUTER ENGINEERING - TFWS","TFWS","GUJCET Based","GOVT","3278.00"
"DR. S & S.S.GHANDHI GOVERNMENT
ENGINEERING COLLEGE SURAT","ELECTRICAL ENGINEERING","EWS","GUJCET Based","GOVT","23351.00"
"DR. S & S.S.GHANDHI GOVERNMENT
ENGINEERING COLLEGE SURAT","ELECTRICAL ENGINEERING","GEN","GUJCET Based","GOVT","17848.00"
"DR. S & S.S.GHANDHI GOVERNMENT
ENGINEERING COLLEGE SURAT","ELECTRICAL ENGINEERING","SEBC","GUJCET Based","GOVT","23870.00"
"DR. S & S.S.GHANDHI GOVERNMENT
ENGINEERING COLLEGE SURAT","ELECTRICAL ENGINEERING","ST","GUJCET Based","GOVT","33562.00"
"DR. S & S.S.GHANDHI GOVERNMENT
ENGINEERING COLLEGE SURAT","ELECTRICAL ENGINEERING - TFWS","TFWS","GUJCET Based","GOVT","11359.00"
"DR. S & S.S.GHANDHI GOVERNMENT
ENGINEERING COLLEGE SURAT","ELECTRONICS &
COMMUNICATION ENGINEERING","EWS","GUJCET Based","GOVT","11902.00"
"DR. S & S.S.GHANDHI GOVERNMENT
ENGINEERING COLLEGE SURAT","ELECTRONICS &
COMMUNICATION ENGINEERING","GEN","GUJCET Based","GOVT","11045.00"
"DR. S & S.S.GHANDHI GOVERNMENT
ENGINEERING COLLEGE SURAT","ELECTRONICS &
COMMUNICATION ENGINEERING","SC","GUJCET Based","GOVT","30471.00"
"DR. S & S.S.GHANDHI GOVERNMENT
ENGINEERING COLLEGE SURAT","ELECTRONICS &
COMMUNICATION ENGINEERING","SEBC","GUJCET Based","GOVT","20040.00"
"DR. S & S.S.GHANDHI GOVERNMENT
ENGINEERING COLLEGE SURAT","ELECTRONICS &
COMMUNICATION ENGINEERING","GEN","JEE Based","GOVT","901727.00"
"DR. S & S.S.GHANDHI GOVERNMENT
ENGINEERING COLLEGE SURAT","ENVIRONMENTAL ENGINEERING","GEN","GUJCET Based","GOVT","50143.00"
"DR. S & S.S.GHANDHI GOVERNMENT
ENGINEERING COLLEGE SURAT","ENVIRONMENTAL ENGINEERING","GEN","JEE Based","GOVT","924724.00"
"DR. S & S.S.GHANDHI GOVERNMENT
ENGINEERING COLLEGE SURAT","ENVIRONMENTAL ENGINEERING -
TFWS","TFWS","GUJCET Based","GOVT","18675.00"
"DR. S & S.S.GHANDHI GOVERNMENT
ENGINEERING COLLEGE SURAT","MECHANICAL ENGINEERING","EWS","GUJCET Based","GOVT","18438.00"
"DR. S & S.S.GHANDHI GOVERNMENT
ENGINEERING COLLEGE SURAT","MECHANICAL ENGINEERING","GEN","GUJCET Based","GOVT","17175.00"
"DR. S & S.S.GHANDHI GOVERNMENT
ENGINEERING COLLEGE SURAT","MECHANICAL ENGINEERING","SEBC","GUJCET Based","GOVT","24581.00"
"DR. S & S.S.GHANDHI GOVERNMENT
ENGINEERING COLLEGE SURAT","MECHANICAL ENGINEERING","ST","GUJCET Based","GOVT","34597.00"
"DR. S & S.S.GHANDHI GOVERNMENT
ENGINEERING COLLEGE SURAT","MECHANICAL ENGINEERING","GEN","JEE Based","GOVT","902453.00"
"DR. S & S.S.GHANDHI GOVERNMENT
ENGINEERING COLLEGE SURAT","MECHANICAL ENGINEERING","SC","JEE Based","GOVT","920242.00"
"Admission Committee for Professional Courses, Gujarat"
"First Year Degree Engineering : 2025-26"
"Institute Wise : Program Wise : Last Admitted Rank after Round-3"
"Inst_Name","Course_name","Cat_Name","Board","Type of
Institute","closing"
"GOVERNMENT ENGINEERING COLLEGE,
BHARUCH","CHEMICAL ENGINEERING","EWS","GUJCET Based","GOVT","16150.00"
"GOVERNMENT ENGINEERING COLLEGE,
BHARUCH","CHEMICAL ENGINEERING","GEN","GUJCET Based","GOVT","14286.00"
"GOVERNMENT ENGINEERING COLLEGE,
BHARUCH","CHEMICAL ENGINEERING","SC","GUJCET Based","GOVT","31367.00"
"GOVERNMENT ENGINEERING COLLEGE,
BHARUCH","CHEMICAL ENGINEERING","SEBC","GUJCET Based","GOVT","17303.00"
"GOVERNMENT ENGINEERING COLLEGE,
BHARUCH","CHEMICAL ENGINEERING","EWS","JEE Based","GOVT","905298.00"
"GOVERNMENT ENGINEERING COLLEGE,
BHARUCH","CHEMICAL ENGINEERING","GEN","JEE Based","GOVT","903008.00"
"GOVERNMENT ENGINEERING COLLEGE,
BHARUCH","CIVIL ENGINEERING","EWS","GUJCET Based","GOVT","38123.00"
"GOVERNMENT ENGINEERING COLLEGE,
BHARUCH","CIVIL ENGINEERING","GEN","GUJCET Based","GOVT","31640.00"
"GOVERNMENT ENGINEERING COLLEGE,
BHARUCH","CIVIL ENGINEERING","SEBC","GUJCET Based","GOVT","37326.00"
"GOVERNMENT ENGINEERING COLLEGE,
BHARUCH","CIVIL ENGINEERING","ST","GUJCET Based","GOVT","39033.00"
"GOVERNMENT ENGINEERING COLLEGE,
BHARUCH","CIVIL ENGINEERING","GEN","JEE Based","GOVT","900026.00"
"GOVERNMENT ENGINEERING COLLEGE,
BHARUCH","CIVIL ENGINEERING - TFWS","TFWS","GUJCET Based","GOVT","21087.00"
"GOVERNMENT ENGINEERING COLLEGE,
BHARUCH","COMPUTER ENGINEERING","EWS","GUJCET Based","GOVT","14444.00"
"GOVERNMENT ENGINEERING COLLEGE,
BHARUCH","COMPUTER ENGINEERING","GEN","GUJCET Based","GOVT","9850.00"
"GOVERNMENT ENGINEERING COLLEGE,
BHARUCH","COMPUTER ENGINEERING","SC","GUJCET Based","GOVT","18538.00"
"GOVERNMENT ENGINEERING COLLEGE,
BHARUCH","COMPUTER ENGINEERING","SEBC","GUJCET Based","GOVT","14992.00"
"GOVERNMENT ENGINEERING COLLEGE,
BHARUCH","COMPUTER ENGINEERING","ST","GUJCET Based","GOVT","28499.00"
"GOVERNMENT ENGINEERING COLLEGE,
BHARUCH","COMPUTER ENGINEERING","GEN","JEE Based","GOVT","901605.00"
"GOVERNMENT ENGINEERING COLLEGE,
BHARUCH","COMPUTER ENGINEERING","SC","JEE Based","GOVT","907236.00"
"GOVERNMENT ENGINEERING COLLEGE,
BHARUCH","COMPUTER ENGINEERING","SEBC","JEE Based","GOVT","904157.00"
"GOVERNMENT ENGINEERING COLLEGE,
BHARUCH","COMPUTER ENGINEERING - TFWS","TFWS","GUJCET Based","GOVT","6545.00"
"GOVERNMENT ENGINEERING COLLEGE,
BHARUCH","ELECTRICAL ENGINEERING","EWS","GUJCET Based","GOVT","24579.00"
"GOVERNMENT ENGINEERING COLLEGE,
BHARUCH","ELECTRICAL ENGINEERING","GEN","GUJCET Based","GOVT","22239.00"
"GOVERNMENT ENGINEERING COLLEGE,
BHARUCH","ELECTRICAL ENGINEERING","SEBC","GUJCET Based","GOVT","26938.00"
"GOVERNMENT ENGINEERING COLLEGE,
BHARUCH","ELECTRICAL ENGINEERING","SEBC","JEE Based","GOVT","913764.00"
"GOVERNMENT ENGINEERING COLLEGE,
BHARUCH","ELECTRICAL ENGINEERING - TFWS","TFWS","GUJCET Based","GOVT","17657.00"
"GOVERNMENT ENGINEERING COLLEGE,
BHARUCH","ELECTRONICS &
COMMUNICATION ENGINEERING","EWS","GUJCET Based","GOVT","22583.00"
"GOVERNMENT ENGINEERING COLLEGE,
BHARUCH","ELECTRONICS &
COMMUNICATION ENGINEERING","GEN","GUJCET Based","GOVT","18580.00"
"GOVERNMENT ENGINEERING COLLEGE,
BHARUCH","ELECTRONICS &
COMMUNICATION ENGINEERING","SEBC","GUJCET Based","GOVT","31106.00"
"GOVERNMENT ENGINEERING COLLEGE,
BHARUCH","ELECTRONICS &
COMMUNICATION ENGINEERING","GEN","JEE Based","GOVT","902791.00"
"GOVERNMENT ENGINEERING COLLEGE,
BHARUCH","ELECTRONICS &
COMMUNICATION ENGINEERING","SEBC","JEE Based","GOVT","910937.00"
"GOVERNMENT ENGINEERING COLLEGE,
BHARUCH","ELECTRONICS &
COMMUNICATION ENGINEERING -
TFWS","TFWS","GUJCET Based","GOVT","11821.00"
"GOVERNMENT ENGINEERING COLLEGE,
BHARUCH","MECHANICAL ENGINEERING","EWS","GUJCET Based","GOVT","33402.00"
"GOVERNMENT ENGINEERING COLLEGE,
BHARUCH","MECHANICAL ENGINEERING","GEN","GUJCET Based","GOVT","27725.00"
"GOVERNMENT ENGINEERING COLLEGE,
BHARUCH","MECHANICAL ENGINEERING","SEBC","GUJCET Based","GOVT","34826.00"
"GOVERNMENT ENGINEERING COLLEGE,
BHARUCH","MECHANICAL ENGINEERING","EWS","JEE Based","GOVT","910512.00"
"GOVERNMENT ENGINEERING COLLEGE,
BHARUCH","MECHANICAL ENGINEERING","SEBC","JEE Based","GOVT","916561.00"
"Admission Committee for Professional Courses, Gujarat"
"First Year Degree Engineering : 2025-26"
"Institute Wise : Program Wise : Last Admitted Rank after Round-3"
"Inst_Name","Course_name","Cat_Name","Board","Type of
Institute","closing"
"GOVERNMENT ENGINEERING COLLEGE,
BHARUCH","MECHANICAL ENGINEERING -
TFWS","TFWS","GUJCET Based","GOVT","17466.00"
"GOVERNMENT ENGINEERING COLLEGE,
BHAVNAGAR","CIVIL ENGINEERING","EWS","GUJCET Based","GOVT","18817.00"
"GOVERNMENT ENGINEERING COLLEGE,
BHAVNAGAR","CIVIL ENGINEERING","GEN","GUJCET Based","GOVT","11393.00"
"GOVERNMENT ENGINEERING COLLEGE,
BHAVNAGAR","CIVIL ENGINEERING","SEBC","GUJCET Based","GOVT","19247.00"
"GOVERNMENT ENGINEERING COLLEGE,
BHAVNAGAR","COMPUTER ENGINEERING","EWS","GUJCET Based","GOVT","7916.00"
"GOVERNMENT ENGINEERING COLLEGE,
BHAVNAGAR","COMPUTER ENGINEERING","GEN","GUJCET Based","GOVT","6635.00"
"GOVERNMENT ENGINEERING COLLEGE,
BHAVNAGAR","COMPUTER ENGINEERING","SC","GUJCET Based","GOVT","19769.00"
"GOVERNMENT ENGINEERING COLLEGE,
BHAVNAGAR","COMPUTER ENGINEERING","SEBC","GUJCET Based","GOVT","8628.00"
"GOVERNMENT ENGINEERING COLLEGE,
BHAVNAGAR","COMPUTER ENGINEERING","EWS","JEE Based","GOVT","901819.00"
"GOVERNMENT ENGINEERING COLLEGE,
BHAVNAGAR","ELECTRONICS &
COMMUNICATION ENGINEERING","ESM","GUJCET Based","GOVT","25479.00"
"GOVERNMENT ENGINEERING COLLEGE,
BHAVNAGAR","ELECTRONICS &
COMMUNICATION ENGINEERING","EWS","GUJCET Based","GOVT","21158.00"
"GOVERNMENT ENGINEERING COLLEGE,
BHAVNAGAR","ELECTRONICS &
COMMUNICATION ENGINEERING","GEN","GUJCET Based","GOVT","16822.00"
"GOVERNMENT ENGINEERING COLLEGE,
BHAVNAGAR","ELECTRONICS &
COMMUNICATION ENGINEERING","SEBC","GUJCET Based","GOVT","24826.00"
"GOVERNMENT ENGINEERING COLLEGE,
BHAVNAGAR","ELECTRONICS &
COMMUNICATION ENGINEERING","EWS","JEE Based","GOVT","906224.00"
"GOVERNMENT ENGINEERING COLLEGE,
BHAVNAGAR","ELECTRONICS &
COMMUNICATION ENGINEERING","GEN","JEE Based","GOVT","905653.00"
"GOVERNMENT ENGINEERING COLLEGE,
BHAVNAGAR","ELECTRONICS &
COMMUNICATION ENGINEERING","SEBC","JEE Based","GOVT","908461.00"
"GOVERNMENT ENGINEERING COLLEGE,
BHAVNAGAR","ELECTRONICS &
COMMUNICATION ENGINEERING -
TFWS","TFWS","GUJCET Based","GOVT","10943.00"
"GOVERNMENT ENGINEERING COLLEGE,
BHAVNAGAR","INFORMATION &
COMMUNICATION TECHNOLOGY","EWS","GUJCET Based","GOVT","28969.00"
"GOVERNMENT ENGINEERING COLLEGE,
BHAVNAGAR","INFORMATION &
COMMUNICATION TECHNOLOGY","GEN","GUJCET Based","GOVT","21516.00"
"GOVERNMENT ENGINEERING COLLEGE,
BHAVNAGAR","INFORMATION &
COMMUNICATION TECHNOLOGY","SC","GUJCET Based","GOVT","34312.00"
"GOVERNMENT ENGINEERING COLLEGE,
BHAVNAGAR","INFORMATION &
COMMUNICATION TECHNOLOGY","SEBC","GUJCET Based","GOVT","31274.00"
"GOVERNMENT ENGINEERING COLLEGE,
BHAVNAGAR","INFORMATION &
COMMUNICATION TECHNOLOGY","GEN","JEE Based","GOVT","904573.00"
"GOVERNMENT ENGINEERING COLLEGE,
BHAVNAGAR","INFORMATION &
COMMUNICATION TECHNOLOGY -
TFWS","TFWS","GUJCET Based","GOVT","12891.00"
"GOVERNMENT ENGINEERING COLLEGE,
BHAVNAGAR","INFORMATION &
COMMUNICATION TECHNOLOGY -
TFWS","TFWS","JEE Based","GOVT","906932.00"
"GOVERNMENT ENGINEERING COLLEGE,
BHAVNAGAR","INFORMATION TECHNOLOGY","EWS","GUJCET Based","GOVT","11504.00"
"GOVERNMENT ENGINEERING COLLEGE,
BHAVNAGAR","INFORMATION TECHNOLOGY","GEN","GUJCET Based","GOVT","10429.00"
"GOVERNMENT ENGINEERING COLLEGE,
BHAVNAGAR","INFORMATION TECHNOLOGY","SEBC","GUJCET Based","GOVT","13576.00"
"GOVERNMENT ENGINEERING COLLEGE,
BHAVNAGAR","INFORMATION TECHNOLOGY","SC","JEE Based","GOVT","907636.00"
"GOVERNMENT ENGINEERING COLLEGE,
BHAVNAGAR","INFORMATION TECHNOLOGY -
TFWS","TFWS","GUJCET Based","GOVT","7507.00"
"GOVERNMENT ENGINEERING COLLEGE,
BHAVNAGAR","MECHANICAL ENGINEERING","EWS","GUJCET Based","GOVT","27626.00"
"GOVERNMENT ENGINEERING COLLEGE,
BHAVNAGAR","MECHANICAL ENGINEERING","GEN","GUJCET Based","GOVT","26146.00"
"GOVERNMENT ENGINEERING COLLEGE,
BHAVNAGAR","MECHANICAL ENGINEERING","SEBC","GUJCET Based","GOVT","31833.00"
"Admission Committee for Professional Courses, Gujarat"
"First Year Degree Engineering : 2025-26"
"Institute Wise : Program Wise : Last Admitted Rank after Round-3"
"Inst_Name","Course_name","Cat_Name","Board","Type of
Institute","closing"
"GOVERNMENT ENGINEERING COLLEGE,
BHAVNAGAR","MECHANICAL ENGINEERING","GEN","JEE Based","GOVT","906556.00"
"GOVERNMENT ENGINEERING COLLEGE,
BHAVNAGAR","MECHANICAL ENGINEERING -
TFWS","TFWS","GUJCET Based","GOVT","10503.00"
"GOVERNMENT ENGINEERING COLLEGE, BHUJ","CHEMICAL ENGINEERING","GEN","GUJCET Based","GOVT","37841.00"
"GOVERNMENT ENGINEERING COLLEGE, BHUJ","CHEMICAL ENGINEERING","GEN","JEE Based","GOVT","990520.00"
"GOVERNMENT ENGINEERING COLLEGE, BHUJ","CIVIL ENGINEERING","GEN","GUJCET Based","GOVT","39062.00"
"GOVERNMENT ENGINEERING COLLEGE, BHUJ","CIVIL ENGINEERING","GEN","JEE Based","GOVT","990074.00"
"GOVERNMENT ENGINEERING COLLEGE, BHUJ","ELECTRICAL ENGINEERING","GEN","GUJCET Based","GOVT","50315.00"
"GOVERNMENT ENGINEERING COLLEGE, BHUJ","ELECTRICAL ENGINEERING","GEN","JEE Based","GOVT","931186.00"
"GOVERNMENT ENGINEERING COLLEGE, BHUJ","MECHANICAL ENGINEERING","GEN","GUJCET Based","GOVT","37428.00"
"GOVERNMENT ENGINEERING COLLEGE, BHUJ","MECHANICAL ENGINEERING","GEN","JEE Based","GOVT","932597.00"
"GOVERNMENT ENGINEERING COLLEGE, BHUJ","MINING ENGINEERING","GEN","JEE Based","GOVT","929692.00"
"GOVERNMENT ENGINEERING COLLEGE,
DAHOD","CIVIL ENGINEERING","GEN","GUJCET Based","GOVT","50361.00"
"GOVERNMENT ENGINEERING COLLEGE,
DAHOD","CIVIL ENGINEERING","GEN","JEE Based","GOVT","990409.00"
"GOVERNMENT ENGINEERING COLLEGE,
DAHOD","CIVIL ENGINEERING - TFWS","TFWS","GUJCET Based","GOVT","30276.00"
"GOVERNMENT ENGINEERING COLLEGE,
DAHOD","COMPUTER ENGINEERING","EWS","GUJCET Based","GOVT","29117.00"
"GOVERNMENT ENGINEERING COLLEGE,
DAHOD","COMPUTER ENGINEERING","GEN","GUJCET Based","GOVT","22745.00"
"GOVERNMENT ENGINEERING COLLEGE,
DAHOD","COMPUTER ENGINEERING","SC","GUJCET Based","GOVT","25234.00"
"GOVERNMENT ENGINEERING COLLEGE,
DAHOD","COMPUTER ENGINEERING","SEBC","GUJCET Based","GOVT","28750.00"
"GOVERNMENT ENGINEERING COLLEGE,
DAHOD","COMPUTER ENGINEERING","ST","GUJCET Based","GOVT","38928.00"
"GOVERNMENT ENGINEERING COLLEGE,
DAHOD","COMPUTER ENGINEERING","SC","JEE Based","GOVT","918353.00"
"GOVERNMENT ENGINEERING COLLEGE,
DAHOD","COMPUTER ENGINEERING","SEBC","JEE Based","GOVT","904334.00"
"GOVERNMENT ENGINEERING COLLEGE,
DAHOD","COMPUTER ENGINEERING - TFWS","TFWS","GUJCET Based","GOVT","10073.00"
"GOVERNMENT ENGINEERING COLLEGE,
DAHOD","ELECTRICAL ENGINEERING","GEN","GUJCET Based","GOVT","38138.00"
"GOVERNMENT ENGINEERING COLLEGE,
DAHOD","ELECTRICAL ENGINEERING","GEN","JEE Based","GOVT","928671.00"
"GOVERNMENT ENGINEERING COLLEGE,
DAHOD","ELECTRICAL ENGINEERING - TFWS","TFWS","GUJCET Based","GOVT","29331.00"
"GOVERNMENT ENGINEERING COLLEGE,
DAHOD","ELECTRONICS &
COMMUNICATION ENGINEERING","EWS","GUJCET Based","GOVT","33040.00"
"GOVERNMENT ENGINEERING COLLEGE,
DAHOD","ELECTRONICS &
COMMUNICATION ENGINEERING","GEN","GUJCET Based","GOVT","30564.00"
"GOVERNMENT ENGINEERING COLLEGE,
DAHOD","ELECTRONICS &
COMMUNICATION ENGINEERING","SEBC","GUJCET Based","GOVT","37006.00"
"GOVERNMENT ENGINEERING COLLEGE,
DAHOD","ELECTRONICS &
COMMUNICATION ENGINEERING","GEN","JEE Based","GOVT","903470.00"
"GOVERNMENT ENGINEERING COLLEGE,
DAHOD","ELECTRONICS &
COMMUNICATION ENGINEERING -
TFWS","TFWS","GUJCET Based","GOVT","27902.00"
"GOVERNMENT ENGINEERING COLLEGE,
DAHOD","MECHANICAL ENGINEERING","GEN","GUJCET Based","GOVT","50789.00"
"GOVERNMENT ENGINEERING COLLEGE,
DAHOD","MECHANICAL ENGINEERING","GEN","JEE Based","GOVT","932494.00"
"GOVERNMENT ENGINEERING COLLEGE,
GODHRA","CIVIL ENGINEERING","GEN","JEE Based","GOVT","932836.00"
"GOVERNMENT ENGINEERING COLLEGE,
GODHRA","ELECTRICAL ENGINEERING","GEN","GUJCET Based","GOVT","50676.00"
"GOVERNMENT ENGINEERING COLLEGE,
GODHRA","ELECTRICAL ENGINEERING","GEN","JEE Based","GOVT","990396.00"
"GOVERNMENT ENGINEERING COLLEGE,
GODHRA","ELECTRICAL ENGINEERING - TFWS","TFWS","GUJCET Based","GOVT","30391.00"
"GOVERNMENT ENGINEERING COLLEGE,
GODHRA","MECHANICAL ENGINEERING","GEN","GUJCET Based","GOVT","50399.00"
"Admission Committee for Professional Courses, Gujarat"
"First Year Degree Engineering : 2025-26"
"Institute Wise : Program Wise : Last Admitted Rank after Round-3"
"Inst_Name","Course_name","Cat_Name","Board","Type of
Institute","closing"
"GOVERNMENT ENGINEERING COLLEGE,
GODHRA","MECHANICAL ENGINEERING","GEN","JEE Based","GOVT","990509.00"
"GOVERNMENT ENGINEERING COLLEGE,
MODASA","AUTOMOBILE ENGINEERING","GEN","JEE Based","GOVT","932464.00"
"GOVERNMENT ENGINEERING COLLEGE,
MODASA","CIVIL ENGINEERING","GEN","GUJCET Based","GOVT","50914.00"
"GOVERNMENT ENGINEERING COLLEGE,
MODASA","CIVIL ENGINEERING","GEN","JEE Based","GOVT","932918.00"
"GOVERNMENT ENGINEERING COLLEGE,
MODASA","CIVIL ENGINEERING - TFWS","TFWS","GUJCET Based","GOVT","18572.00"
"GOVERNMENT ENGINEERING COLLEGE,
MODASA","COMPUTER ENGINEERING","EWS","GUJCET Based","GOVT","21577.00"
"GOVERNMENT ENGINEERING COLLEGE,
MODASA","COMPUTER ENGINEERING","GEN","GUJCET Based","GOVT","17764.00"
"GOVERNMENT ENGINEERING COLLEGE,
MODASA","COMPUTER ENGINEERING","SC","GUJCET Based","GOVT","23656.00"
"GOVERNMENT ENGINEERING COLLEGE,
MODASA","COMPUTER ENGINEERING","SEBC","GUJCET Based","GOVT","23695.00"
"GOVERNMENT ENGINEERING COLLEGE,
MODASA","COMPUTER ENGINEERING","GEN","JEE Based","GOVT","903247.00"
"GOVERNMENT ENGINEERING COLLEGE,
MODASA","COMPUTER ENGINEERING","SEBC","JEE Based","GOVT","907680.00"
"GOVERNMENT ENGINEERING COLLEGE,
MODASA","COMPUTER ENGINEERING - TFWS","TFWS","GUJCET Based","GOVT","9547.00"
"GOVERNMENT ENGINEERING COLLEGE,
MODASA","ELECTRICAL ENGINEERING","GEN","GUJCET Based","GOVT","50918.00"
"GOVERNMENT ENGINEERING COLLEGE,
MODASA","ELECTRICAL ENGINEERING","GEN","JEE Based","GOVT","928867.00"
"GOVERNMENT ENGINEERING COLLEGE,
MODASA","ELECTRICAL ENGINEERING - TFWS","TFWS","GUJCET Based","GOVT","21001.00"
"GOVERNMENT ENGINEERING COLLEGE,
MODASA","ELECTRONICS &
COMMUNICATION ENGINEERING","EWS","GUJCET Based","GOVT","25769.00"
"GOVERNMENT ENGINEERING COLLEGE,
MODASA","ELECTRONICS &
COMMUNICATION ENGINEERING","GEN","GUJCET Based","GOVT","24495.00"
"GOVERNMENT ENGINEERING COLLEGE,
MODASA","ELECTRONICS &
COMMUNICATION ENGINEERING","SEBC","GUJCET Based","GOVT","31424.00"
"GOVERNMENT ENGINEERING COLLEGE,
MODASA","ELECTRONICS &
COMMUNICATION ENGINEERING","GEN","JEE Based","GOVT","903301.00"
"GOVERNMENT ENGINEERING COLLEGE,
MODASA","ELECTRONICS &
COMMUNICATION ENGINEERING -
TFWS","TFWS","GUJCET Based","GOVT","17275.00"
"GOVERNMENT ENGINEERING COLLEGE,
MODASA","INFORMATION TECHNOLOGY","EWS","GUJCET Based","GOVT","28791.00"
"GOVERNMENT ENGINEERING COLLEGE,
MODASA","INFORMATION TECHNOLOGY","GEN","GUJCET Based","GOVT","22603.00"
"GOVERNMENT ENGINEERING COLLEGE,
MODASA","INFORMATION TECHNOLOGY","SEBC","GUJCET Based","GOVT","28864.00"
"GOVERNMENT ENGINEERING COLLEGE,
MODASA","INFORMATION TECHNOLOGY","EWS","JEE Based","GOVT","911224.00"
"GOVERNMENT ENGINEERING COLLEGE,
MODASA","INFORMATION TECHNOLOGY","GEN","JEE Based","GOVT","905358.00"
"GOVERNMENT ENGINEERING COLLEGE,
MODASA","INFORMATION TECHNOLOGY","SEBC","JEE Based","GOVT","912503.00"
"GOVERNMENT ENGINEERING COLLEGE,
MODASA","INFORMATION TECHNOLOGY -
TFWS","TFWS","GUJCET Based","GOVT","12941.00"
"GOVERNMENT ENGINEERING COLLEGE,
MODASA","INFORMATION TECHNOLOGY -
TFWS","TFWS","JEE Based","GOVT","908603.00"
"GOVERNMENT ENGINEERING COLLEGE,
MODASA","MECHANICAL ENGINEERING","GEN","GUJCET Based","GOVT","50388.00"
"GOVERNMENT ENGINEERING COLLEGE,
MODASA","MECHANICAL ENGINEERING","GEN","JEE Based","GOVT","910836.00"
"GOVERNMENT ENGINEERING COLLEGE,
PALANPUR","CIVIL ENGINEERING","GEN","GUJCET Based","GOVT","38688.00"
"GOVERNMENT ENGINEERING COLLEGE,
PALANPUR","CIVIL ENGINEERING","GEN","JEE Based","GOVT","909693.00"
"GOVERNMENT ENGINEERING COLLEGE,
PALANPUR","COMPUTER ENGINEERING","EWS","GUJCET Based","GOVT","25030.00"
"GOVERNMENT ENGINEERING COLLEGE,
PALANPUR","COMPUTER ENGINEERING","GEN","GUJCET Based","GOVT","19345.00"
"GOVERNMENT ENGINEERING COLLEGE,
PALANPUR","COMPUTER ENGINEERING","SC","GUJCET Based","GOVT","31599.00"
"GOVERNMENT ENGINEERING COLLEGE,
PALANPUR","COMPUTER ENGINEERING","SEBC","GUJCET Based","GOVT","22447.00"
"GOVERNMENT ENGINEERING COLLEGE,
PALANPUR","COMPUTER ENGINEERING","GEN","JEE Based","GOVT","903198.00"
"Admission Committee for Professional Courses, Gujarat"
"First Year Degree Engineering : 2025-26"
"Institute Wise : Program Wise : Last Admitted Rank after Round-3"
"Inst_Name","Course_name","Cat_Name","Board","Type of
Institute","closing"
"GOVERNMENT ENGINEERING COLLEGE,
PALANPUR","COMPUTER ENGINEERING","ST","JEE Based","GOVT","927253.00"
"GOVERNMENT ENGINEERING COLLEGE,
PALANPUR","ELECTRICAL ENGINEERING","GEN","GUJCET Based","GOVT","50345.00"
"GOVERNMENT ENGINEERING COLLEGE,
PALANPUR","ELECTRICAL ENGINEERING","GEN","JEE Based","GOVT","926989.00"
"GOVERNMENT ENGINEERING COLLEGE,
PALANPUR","ELECTRICAL ENGINEERING - TFWS","TFWS","GUJCET Based","GOVT","18896.00"
"GOVERNMENT ENGINEERING COLLEGE,
PALANPUR","MECHANICAL ENGINEERING","GEN","GUJCET Based","GOVT","38174.00"
"GOVERNMENT ENGINEERING COLLEGE,
PALANPUR","MECHANICAL ENGINEERING","GEN","JEE Based","GOVT","990525.00"
"GOVERNMENT ENGINEERING COLLEGE,
PATAN","CIVIL ENGINEERING","GEN","GUJCET Based","GOVT","25164.00"
"GOVERNMENT ENGINEERING COLLEGE,
PATAN","CIVIL ENGINEERING","GEN","JEE Based","GOVT","990338.00"
"GOVERNMENT ENGINEERING COLLEGE,
PATAN","COMPUTER SCIENCE &
ENGINEERING","EWS","GUJCET Based","GOVT","23586.00"
"GOVERNMENT ENGINEERING COLLEGE,
PATAN","COMPUTER SCIENCE &
ENGINEERING","GEN","GUJCET Based","GOVT","16394.00"
"GOVERNMENT ENGINEERING COLLEGE,
PATAN","COMPUTER SCIENCE &
ENGINEERING","SC","GUJCET Based","GOVT","21475.00"
"GOVERNMENT ENGINEERING COLLEGE,
PATAN","COMPUTER SCIENCE &
ENGINEERING","SEBC","GUJCET Based","GOVT","21320.00"
"GOVERNMENT ENGINEERING COLLEGE,
PATAN","COMPUTER SCIENCE &
ENGINEERING","EWS","JEE Based","GOVT","902705.00"
"GOVERNMENT ENGINEERING COLLEGE,
PATAN","COMPUTER SCIENCE &
ENGINEERING","GEN","JEE Based","GOVT","901126.00"
"GOVERNMENT ENGINEERING COLLEGE,
PATAN","COMPUTER SCIENCE &
ENGINEERING","SEBC","JEE Based","GOVT","907980.00"
"GOVERNMENT ENGINEERING COLLEGE,
PATAN","COMPUTER SCIENCE &
ENGINEERING - TFWS","TFWS","GUJCET Based","GOVT","10250.00"
"GOVERNMENT ENGINEERING COLLEGE,
PATAN","ELECTRICAL ENGINEERING","GEN","GUJCET Based","GOVT","50737.00"
"GOVERNMENT ENGINEERING COLLEGE,
PATAN","ELECTRICAL ENGINEERING","GEN","JEE Based","GOVT","930116.00"
"GOVERNMENT ENGINEERING COLLEGE,
PATAN","ELECTRONICS &
COMMUNICATION ENGINEERING","EWS","GUJCET Based","GOVT","26298.00"
"GOVERNMENT ENGINEERING COLLEGE,
PATAN","ELECTRONICS &
COMMUNICATION ENGINEERING","GEN","GUJCET Based","GOVT","22284.00"
"GOVERNMENT ENGINEERING COLLEGE,
PATAN","ELECTRONICS &
COMMUNICATION ENGINEERING","SC","GUJCET Based","GOVT","50605.00"
"GOVERNMENT ENGINEERING COLLEGE,
PATAN","ELECTRONICS &
COMMUNICATION ENGINEERING","SEBC","GUJCET Based","GOVT","28333.00"
"GOVERNMENT ENGINEERING COLLEGE,
PATAN","MECHANICAL ENGINEERING","GEN","GUJCET Based","GOVT","37889.00"
"GOVERNMENT ENGINEERING COLLEGE,
PATAN","MECHANICAL ENGINEERING","GEN","JEE Based","GOVT","990423.00"
"GOVERNMENT ENGINEERING COLLEGE,
RAJKOT","ARTIFICIAL INTELLIGENCE AND
DATA SCIENCE","EWS","GUJCET Based","GOVT","11622.00"
"GOVERNMENT ENGINEERING COLLEGE,
RAJKOT","ARTIFICIAL INTELLIGENCE AND
DATA SCIENCE","GEN","GUJCET Based","GOVT","10500.00"
"GOVERNMENT ENGINEERING COLLEGE,
RAJKOT","ARTIFICIAL INTELLIGENCE AND
DATA SCIENCE","SEBC","GUJCET Based","GOVT","13281.00"
"GOVERNMENT ENGINEERING COLLEGE,
RAJKOT","ARTIFICIAL INTELLIGENCE AND
DATA SCIENCE","ST","GUJCET Based","GOVT","38077.00"
"GOVERNMENT ENGINEERING COLLEGE,
RAJKOT","ARTIFICIAL INTELLIGENCE AND
DATA SCIENCE","EWS","JEE Based","GOVT","903801.00"
"GOVERNMENT ENGINEERING COLLEGE,
RAJKOT","ARTIFICIAL INTELLIGENCE AND
DATA SCIENCE","GEN","JEE Based","GOVT","901699.00"
"GOVERNMENT ENGINEERING COLLEGE,
RAJKOT","ARTIFICIAL INTELLIGENCE AND
DATA SCIENCE - TFWS","TFWS","GUJCET Based","GOVT","7974.00"
"GOVERNMENT ENGINEERING COLLEGE,
RAJKOT","ARTIFICIAL INTELLIGENCE AND
DATA SCIENCE - TFWS","TFWS","JEE Based","GOVT","901326.00"
"GOVERNMENT ENGINEERING COLLEGE,
RAJKOT","CIVIL ENGINEERING","EWS","GUJCET Based","GOVT","24959.00"
"GOVERNMENT ENGINEERING COLLEGE,
RAJKOT","CIVIL ENGINEERING","GEN","GUJCET Based","GOVT","23907.00"
"GOVERNMENT ENGINEERING COLLEGE,
RAJKOT","CIVIL ENGINEERING","SEBC","GUJCET Based","GOVT","26221.00"
"GOVERNMENT ENGINEERING COLLEGE,
RAJKOT","CIVIL ENGINEERING","GEN","JEE Based","GOVT","907271.00"
"GOVERNMENT ENGINEERING COLLEGE,
RAJKOT","CIVIL ENGINEERING","SEBC","JEE Based","GOVT","913398.00"
"GOVERNMENT ENGINEERING COLLEGE,
RAJKOT","CIVIL ENGINEERING - TFWS","TFWS","GUJCET Based","GOVT","12725.00"
"Admission Committee for Professional Courses, Gujarat"
"First Year Degree Engineering : 2025-26"
"Institute Wise : Program Wise : Last Admitted Rank after Round-3"
"Inst_Name","Course_name","Cat_Name","Board","Type of
Institute","closing"
"GOVERNMENT ENGINEERING COLLEGE,
RAJKOT","COMPUTER ENGINEERING","EWS","GUJCET Based","GOVT","11336.00"
"GOVERNMENT ENGINEERING COLLEGE,
RAJKOT","COMPUTER ENGINEERING","GEN","GUJCET Based","GOVT","8543.00"
"GOVERNMENT ENGINEERING COLLEGE,
RAJKOT","COMPUTER ENGINEERING","SC","GUJCET Based","GOVT","24855.00"
"GOVERNMENT ENGINEERING COLLEGE,
RAJKOT","COMPUTER ENGINEERING","SEBC","GUJCET Based","GOVT","10726.00"
"GOVERNMENT ENGINEERING COLLEGE,
RAJKOT","COMPUTER ENGINEERING","ST","GUJCET Based","GOVT","37230.00"
"GOVERNMENT ENGINEERING COLLEGE,
RAJKOT","COMPUTER ENGINEERING","EWS","JEE Based","GOVT","901923.00"
"GOVERNMENT ENGINEERING COLLEGE,
RAJKOT","COMPUTER ENGINEERING","GEN","JEE Based","GOVT","901632.00"
"GOVERNMENT ENGINEERING COLLEGE,
RAJKOT","COMPUTER ENGINEERING - TFWS","TFWS","GUJCET Based","GOVT","3786.00"
"GOVERNMENT ENGINEERING COLLEGE,
RAJKOT","ELECTRICAL ENGINEERING","EWS","GUJCET Based","GOVT","25449.00"
"GOVERNMENT ENGINEERING COLLEGE,
RAJKOT","ELECTRICAL ENGINEERING","GEN","GUJCET Based","GOVT","17811.00"
"GOVERNMENT ENGINEERING COLLEGE,
RAJKOT","ELECTRICAL ENGINEERING","SEBC","GUJCET Based","GOVT","24038.00"
"GOVERNMENT ENGINEERING COLLEGE,
RAJKOT","ELECTRICAL ENGINEERING - TFWS","TFWS","GUJCET Based","GOVT","16124.00"
"GOVERNMENT ENGINEERING COLLEGE,
RAJKOT","ELECTRONICS &
COMMUNICATION ENGINEERING","EWS","GUJCET Based","GOVT","25396.00"
"GOVERNMENT ENGINEERING COLLEGE,
RAJKOT","ELECTRONICS &
COMMUNICATION ENGINEERING","GEN","GUJCET Based","GOVT","20413.00"
"GOVERNMENT ENGINEERING COLLEGE,
RAJKOT","ELECTRONICS &
COMMUNICATION ENGINEERING","SEBC","GUJCET Based","GOVT","28807.00"
"GOVERNMENT ENGINEERING COLLEGE,
RAJKOT","ELECTRONICS &
COMMUNICATION ENGINEERING","GEN","JEE Based","GOVT","903342.00"
"GOVERNMENT ENGINEERING COLLEGE,
RAJKOT","ELECTRONICS &
COMMUNICATION ENGINEERING -
TFWS","TFWS","GUJCET Based","GOVT","11348.00"
"GOVERNMENT ENGINEERING COLLEGE,
RAJKOT","ELECTRONICS &
COMMUNICATION ENGINEERING -
TFWS","TFWS","JEE Based","GOVT","902525.00"
"GOVERNMENT ENGINEERING COLLEGE,
RAJKOT","INSTRUMENTATION & CONTROL
ENGINEERING","EWS","GUJCET Based","GOVT","31623.00"
"GOVERNMENT ENGINEERING COLLEGE,
RAJKOT","INSTRUMENTATION & CONTROL
ENGINEERING","GEN","GUJCET Based","GOVT","26882.00"
"GOVERNMENT ENGINEERING COLLEGE,
RAJKOT","INSTRUMENTATION & CONTROL
ENGINEERING","SEBC","GUJCET Based","GOVT","30891.00"
"GOVERNMENT ENGINEERING COLLEGE,
RAJKOT","INSTRUMENTATION & CONTROL
ENGINEERING - TFWS","TFWS","GUJCET Based","GOVT","20485.00"
"GOVERNMENT ENGINEERING COLLEGE,
RAJKOT","MECHANICAL ENGINEERING","EWS","GUJCET Based","GOVT","26210.00"
"GOVERNMENT ENGINEERING COLLEGE,
RAJKOT","MECHANICAL ENGINEERING","GEN","GUJCET Based","GOVT","20923.00"
"GOVERNMENT ENGINEERING COLLEGE,
RAJKOT","MECHANICAL ENGINEERING","SEBC","GUJCET Based","GOVT","23126.00"
"GOVERNMENT ENGINEERING COLLEGE,
RAJKOT","MECHANICAL ENGINEERING","GEN","JEE Based","GOVT","905356.00"
"GOVERNMENT ENGINEERING COLLEGE,
RAJKOT","MECHANICAL ENGINEERING -
TFWS","TFWS","GUJCET Based","GOVT","13294.00"
"GOVERNMENT ENGINEERING COLLEGE,
RAJKOT","ROBOTICS AND AUTOMATION","EWS","GUJCET Based","GOVT","32342.00"
"GOVERNMENT ENGINEERING COLLEGE,
RAJKOT","ROBOTICS AND AUTOMATION","GEN","GUJCET Based","GOVT","29342.00"
"GOVERNMENT ENGINEERING COLLEGE,
RAJKOT","ROBOTICS AND AUTOMATION","SC","GUJCET Based","GOVT","37980.00"
"GOVERNMENT ENGINEERING COLLEGE,
RAJKOT","ROBOTICS AND AUTOMATION","SEBC","GUJCET Based","GOVT","38422.00"
"GOVERNMENT ENGINEERING COLLEGE,
RAJKOT","ROBOTICS AND AUTOMATION","GEN","JEE Based","GOVT","905170.00"
"GOVERNMENT ENGINEERING COLLEGE,
RAJKOT","ROBOTICS AND AUTOMATION","SC","JEE Based","GOVT","922705.00"
"GOVERNMENT ENGINEERING COLLEGE,
RAJKOT","ROBOTICS AND AUTOMATION","SEBC","JEE Based","GOVT","914280.00"
"GOVERNMENT ENGINEERING COLLEGE,
RAJKOT","ROBOTICS AND AUTOMATION -
TFWS","TFWS","GUJCET Based","GOVT","18465.00"
"GOVERNMENT ENGINEERING COLLEGE,
SECTOR 28 GANDHINAGAR","BIOMEDICAL ENGINEERING","GEN","GUJCET Based","GOVT","38952.00"
"Admission Committee for Professional Courses, Gujarat"
"First Year Degree Engineering : 2025-26"
"Institute Wise : Program Wise : Last Admitted Rank after Round-3"
"Inst_Name","Course_name","Cat_Name","Board","Type of
Institute","closing"
"GOVERNMENT ENGINEERING COLLEGE,
SECTOR 28 GANDHINAGAR","BIOMEDICAL ENGINEERING","GEN","JEE Based","GOVT","929536.00"
"GOVERNMENT ENGINEERING COLLEGE,
SECTOR 28 GANDHINAGAR","BIOMEDICAL ENGINEERING -
TFWS","TFWS","GUJCET Based","GOVT","28843.00"
"GOVERNMENT ENGINEERING COLLEGE,
SECTOR 28 GANDHINAGAR","BIOMEDICAL ENGINEERING -
TFWS","TFWS","JEE Based","GOVT","913542.00"
"GOVERNMENT ENGINEERING COLLEGE,
SECTOR 28 GANDHINAGAR","CIVIL ENGINEERING","EWS","GUJCET Based","GOVT","17500.00"
"GOVERNMENT ENGINEERING COLLEGE,
SECTOR 28 GANDHINAGAR","CIVIL ENGINEERING","GEN","GUJCET Based","GOVT","15840.00"
"GOVERNMENT ENGINEERING COLLEGE,
SECTOR 28 GANDHINAGAR","CIVIL ENGINEERING","SC","GUJCET Based","GOVT","26166.00"
"GOVERNMENT ENGINEERING COLLEGE,
SECTOR 28 GANDHINAGAR","CIVIL ENGINEERING","SEBC","GUJCET Based","GOVT","20522.00"
"GOVERNMENT ENGINEERING COLLEGE,
SECTOR 28 GANDHINAGAR","CIVIL ENGINEERING","ST","GUJCET Based","GOVT","30729.00"
"GOVERNMENT ENGINEERING COLLEGE,
SECTOR 28 GANDHINAGAR","CIVIL ENGINEERING","GEN","JEE Based","GOVT","904424.00"
"GOVERNMENT ENGINEERING COLLEGE,
SECTOR 28 GANDHINAGAR","CIVIL ENGINEERING","SEBC","JEE Based","GOVT","906698.00"
"GOVERNMENT ENGINEERING COLLEGE,
SECTOR 28 GANDHINAGAR","CIVIL ENGINEERING - TFWS","TFWS","GUJCET Based","GOVT","11596.00"
"GOVERNMENT ENGINEERING COLLEGE,
SECTOR 28 GANDHINAGAR","COMPUTER ENGINEERING","EWS","GUJCET Based","GOVT","4340.00"
"GOVERNMENT ENGINEERING COLLEGE,
SECTOR 28 GANDHINAGAR","COMPUTER ENGINEERING","GEN","GUJCET Based","GOVT","3447.00"
"GOVERNMENT ENGINEERING COLLEGE,
SECTOR 28 GANDHINAGAR","COMPUTER ENGINEERING","SC","GUJCET Based","GOVT","10816.00"
"GOVERNMENT ENGINEERING COLLEGE,
SECTOR 28 GANDHINAGAR","COMPUTER ENGINEERING","SEBC","GUJCET Based","GOVT","4967.00"
"GOVERNMENT ENGINEERING COLLEGE,
SECTOR 28 GANDHINAGAR","COMPUTER ENGINEERING","ST","GUJCET Based","GOVT","35840.00"
"GOVERNMENT ENGINEERING COLLEGE,
SECTOR 28 GANDHINAGAR","COMPUTER ENGINEERING","SEBC","JEE Based","GOVT","901529.00"
"GOVERNMENT ENGINEERING COLLEGE,
SECTOR 28 GANDHINAGAR","COMPUTER ENGINEERING","ST","JEE Based","GOVT","917715.00"
"GOVERNMENT ENGINEERING COLLEGE,
SECTOR 28 GANDHINAGAR","COMPUTER ENGINEERING - TFWS","TFWS","GUJCET Based","GOVT","2428.00"
"GOVERNMENT ENGINEERING COLLEGE,
SECTOR 28 GANDHINAGAR","ELECTRICAL ENGINEERING","EWS","GUJCET Based","GOVT","14074.00"
"GOVERNMENT ENGINEERING COLLEGE,
SECTOR 28 GANDHINAGAR","ELECTRICAL ENGINEERING","GEN","GUJCET Based","GOVT","12798.00"
"GOVERNMENT ENGINEERING COLLEGE,
SECTOR 28 GANDHINAGAR","ELECTRICAL ENGINEERING","SC","GUJCET Based","GOVT","26313.00"
"GOVERNMENT ENGINEERING COLLEGE,
SECTOR 28 GANDHINAGAR","ELECTRICAL ENGINEERING","SEBC","GUJCET Based","GOVT","16785.00"
"GOVERNMENT ENGINEERING COLLEGE,
SECTOR 28 GANDHINAGAR","ELECTRICAL ENGINEERING","ST","GUJCET Based","GOVT","34918.00"
"GOVERNMENT ENGINEERING COLLEGE,
SECTOR 28 GANDHINAGAR","ELECTRICAL ENGINEERING","GEN","JEE Based","GOVT","902042.00"
"GOVERNMENT ENGINEERING COLLEGE,
SECTOR 28 GANDHINAGAR","ELECTRICAL ENGINEERING","SEBC","JEE Based","GOVT","903578.00"
"GOVERNMENT ENGINEERING COLLEGE,
SECTOR 28 GANDHINAGAR","ELECTRICAL ENGINEERING - TFWS","TFWS","GUJCET Based","GOVT","11148.00"
"GOVERNMENT ENGINEERING COLLEGE,
SECTOR 28 GANDHINAGAR","ELECTRONICS &
COMMUNICATION ENGINEERING","EWS","GUJCET Based","GOVT","9053.00"
"GOVERNMENT ENGINEERING COLLEGE,
SECTOR 28 GANDHINAGAR","ELECTRONICS &
COMMUNICATION ENGINEERING","GEN","GUJCET Based","GOVT","7590.00"
"GOVERNMENT ENGINEERING COLLEGE,
SECTOR 28 GANDHINAGAR","ELECTRONICS &
COMMUNICATION ENGINEERING","SC","GUJCET Based","GOVT","24990.00"
"GOVERNMENT ENGINEERING COLLEGE,
SECTOR 28 GANDHINAGAR","ELECTRONICS &
COMMUNICATION ENGINEERING","SEBC","GUJCET Based","GOVT","12492.00"
"GOVERNMENT ENGINEERING COLLEGE,
SECTOR 28 GANDHINAGAR","ELECTRONICS &
COMMUNICATION ENGINEERING","EWS","JEE Based","GOVT","901883.00"
"GOVERNMENT ENGINEERING COLLEGE,
SECTOR 28 GANDHINAGAR","ELECTRONICS &
COMMUNICATION ENGINEERING","GEN","JEE Based","GOVT","901473.00"
"GOVERNMENT ENGINEERING COLLEGE,
SECTOR 28 GANDHINAGAR","ELECTRONICS &
COMMUNICATION ENGINEERING","SC","JEE Based","GOVT","906157.00"
"GOVERNMENT ENGINEERING COLLEGE,
SECTOR 28 GANDHINAGAR","ELECTRONICS &
COMMUNICATION ENGINEERING -
TFWS","TFWS","GUJCET Based","GOVT","4928.00"
"GOVERNMENT ENGINEERING COLLEGE,
SECTOR 28 GANDHINAGAR","INFORMATION TECHNOLOGY","EWS","GUJCET Based","GOVT","5995.00"
"Admission Committee for Professional Courses, Gujarat"
"First Year Degree Engineering : 2025-26"
"Institute Wise : Program Wise : Last Admitted Rank after Round-3"
"Inst_Name","Course_name","Cat_Name","Board","Type of
Institute","closing"
"GOVERNMENT ENGINEERING COLLEGE,
SECTOR 28 GANDHINAGAR","INFORMATION TECHNOLOGY","GEN","GUJCET Based","GOVT","4737.00"
"GOVERNMENT ENGINEERING COLLEGE,
SECTOR 28 GANDHINAGAR","INFORMATION TECHNOLOGY","SC","GUJCET Based","GOVT","17531.00"
"GOVERNMENT ENGINEERING COLLEGE,
SECTOR 28 GANDHINAGAR","INFORMATION TECHNOLOGY","SEBC","GUJCET Based","GOVT","5833.00"
"GOVERNMENT ENGINEERING COLLEGE,
SECTOR 28 GANDHINAGAR","INFORMATION TECHNOLOGY","ST","GUJCET Based","GOVT","27090.00"
"GOVERNMENT ENGINEERING COLLEGE,
SECTOR 28 GANDHINAGAR","INFORMATION TECHNOLOGY","GEN","JEE Based","GOVT","901393.00"
"GOVERNMENT ENGINEERING COLLEGE,
SECTOR 28 GANDHINAGAR","INFORMATION TECHNOLOGY","SC","JEE Based","GOVT","906353.00"
"GOVERNMENT ENGINEERING COLLEGE,
SECTOR 28 GANDHINAGAR","INFORMATION TECHNOLOGY","SEBC","JEE Based","GOVT","901957.00"
"GOVERNMENT ENGINEERING COLLEGE,
SECTOR 28 GANDHINAGAR","INFORMATION TECHNOLOGY -
TFWS","TFWS","GUJCET Based","GOVT","3260.00"
"GOVERNMENT ENGINEERING COLLEGE,
SECTOR 28 GANDHINAGAR","INSTRUMENTATION & CONTROL
ENGINEERING","EWS","GUJCET Based","GOVT","18711.00"
"GOVERNMENT ENGINEERING COLLEGE,
SECTOR 28 GANDHINAGAR","INSTRUMENTATION & CONTROL
ENGINEERING","GEN","GUJCET Based","GOVT","16614.00"
"GOVERNMENT ENGINEERING COLLEGE,
SECTOR 28 GANDHINAGAR","INSTRUMENTATION & CONTROL
ENGINEERING","SC","GUJCET Based","GOVT","32596.00"
"GOVERNMENT ENGINEERING COLLEGE,
SECTOR 28 GANDHINAGAR","INSTRUMENTATION & CONTROL
ENGINEERING","SEBC","GUJCET Based","GOVT","18318.00"
"GOVERNMENT ENGINEERING COLLEGE,
SECTOR 28 GANDHINAGAR","INSTRUMENTATION & CONTROL
ENGINEERING - TFWS","TFWS","GUJCET Based","GOVT","12077.00"
"GOVERNMENT ENGINEERING COLLEGE,
SECTOR 28 GANDHINAGAR","MECHANICAL ENGINEERING","ESM","GUJCET Based","GOVT","27024.00"
"GOVERNMENT ENGINEERING COLLEGE,
SECTOR 28 GANDHINAGAR","MECHANICAL ENGINEERING","EWS","GUJCET Based","GOVT","13218.00"
"GOVERNMENT ENGINEERING COLLEGE,
SECTOR 28 GANDHINAGAR","MECHANICAL ENGINEERING","GEN","GUJCET Based","GOVT","12195.00"
"GOVERNMENT ENGINEERING COLLEGE,
SECTOR 28 GANDHINAGAR","MECHANICAL ENGINEERING","SC","GUJCET Based","GOVT","23462.00"
"GOVERNMENT ENGINEERING COLLEGE,
SECTOR 28 GANDHINAGAR","MECHANICAL ENGINEERING","SEBC","GUJCET Based","GOVT","16548.00"
"GOVERNMENT ENGINEERING COLLEGE,
SECTOR 28 GANDHINAGAR","MECHANICAL ENGINEERING","GEN","JEE Based","GOVT","903667.00"
"GOVERNMENT ENGINEERING COLLEGE,
SECTOR 28 GANDHINAGAR","MECHANICAL ENGINEERING -
TFWS","TFWS","GUJCET Based","GOVT","9693.00"
"GOVERNMENT ENGINEERING COLLEGE,
SECTOR 28 GANDHINAGAR","METALLURGY","GEN","GUJCET Based","GOVT","50780.00"
"GOVERNMENT ENGINEERING COLLEGE,
SECTOR 28 GANDHINAGAR","METALLURGY","GEN","JEE Based","GOVT","932734.00"
"GOVERNMENT ENGINEERING COLLEGE,
SECTOR 28 GANDHINAGAR","ROBOTICS AND AUTOMATION","EWS","GUJCET Based","GOVT","17083.00"
"GOVERNMENT ENGINEERING COLLEGE,
SECTOR 28 GANDHINAGAR","ROBOTICS AND AUTOMATION","GEN","GUJCET Based","GOVT","14567.00"
"GOVERNMENT ENGINEERING COLLEGE,
SECTOR 28 GANDHINAGAR","ROBOTICS AND AUTOMATION","SC","GUJCET Based","GOVT","30319.00"
"GOVERNMENT ENGINEERING COLLEGE,
SECTOR 28 GANDHINAGAR","ROBOTICS AND AUTOMATION","SEBC","GUJCET Based","GOVT","16255.00"
"GOVERNMENT ENGINEERING COLLEGE,
SECTOR 28 GANDHINAGAR","ROBOTICS AND AUTOMATION","EWS","JEE Based","GOVT","904626.00"
"GOVERNMENT ENGINEERING COLLEGE,
SECTOR 28 GANDHINAGAR","ROBOTICS AND AUTOMATION","SEBC","JEE Based","GOVT","908213.00"
"GOVERNMENT ENGINEERING COLLEGE,
SECTOR 28 GANDHINAGAR","ROBOTICS AND AUTOMATION -
TFWS","TFWS","GUJCET Based","GOVT","4084.00"
"GOVERNMENT ENGINEERING COLLEGE,
VALSAD","CHEMICAL ENGINEERING","EWS","GUJCET Based","GOVT","32923.00"
"GOVERNMENT ENGINEERING COLLEGE,
VALSAD","CHEMICAL ENGINEERING","GEN","GUJCET Based","GOVT","26524.00"
"GOVERNMENT ENGINEERING COLLEGE,
VALSAD","CHEMICAL ENGINEERING","SEBC","GUJCET Based","GOVT","32829.00"
"GOVERNMENT ENGINEERING COLLEGE,
VALSAD","CHEMICAL ENGINEERING","GEN","JEE Based","GOVT","907293.00"
"GOVERNMENT ENGINEERING COLLEGE,
VALSAD","CHEMICAL ENGINEERING - TFWS","TFWS","GUJCET Based","GOVT","15402.00"
"GOVERNMENT ENGINEERING COLLEGE,
VALSAD","CIVIL ENGINEERING","GEN","GUJCET Based","GOVT","32150.00"
"GOVERNMENT ENGINEERING COLLEGE,
VALSAD","CIVIL ENGINEERING","ST","GUJCET Based","GOVT","34858.00"
"GOVERNMENT ENGINEERING COLLEGE,
VALSAD","CIVIL ENGINEERING","GEN","JEE Based","GOVT","909578.00"
"GOVERNMENT ENGINEERING COLLEGE,
VALSAD","ELECTRICAL ENGINEERING","EWS","GUJCET Based","GOVT","36969.00"
"GOVERNMENT ENGINEERING COLLEGE,
VALSAD","ELECTRICAL ENGINEERING","GEN","GUJCET Based","GOVT","25314.00"
"Admission Committee for Professional Courses, Gujarat"
"First Year Degree Engineering : 2025-26"
"Institute Wise : Program Wise : Last Admitted Rank after Round-3"
"Inst_Name","Course_name","Cat_Name","Board","Type of
Institute","closing"
"GOVERNMENT ENGINEERING COLLEGE,
VALSAD","ELECTRICAL ENGINEERING","SEBC","GUJCET Based","GOVT","29993.00"
"GOVERNMENT ENGINEERING COLLEGE,
VALSAD","ELECTRICAL ENGINEERING","GEN","JEE Based","GOVT","906680.00"
"GOVERNMENT ENGINEERING COLLEGE,
VALSAD","MECHANICAL ENGINEERING","EWS","GUJCET Based","GOVT","50310.00"
"GOVERNMENT ENGINEERING COLLEGE,
VALSAD","MECHANICAL ENGINEERING","GEN","GUJCET Based","GOVT","29792.00"
"GOVERNMENT ENGINEERING COLLEGE,
VALSAD","MECHANICAL ENGINEERING","SEBC","GUJCET Based","GOVT","33758.00"
"GOVERNMENT ENGINEERING COLLEGE,
VALSAD","MECHANICAL ENGINEERING","ST","GUJCET Based","GOVT","37317.00"
"GOVERNMENT ENGINEERING COLLEGE,
VALSAD","MECHANICAL ENGINEERING -
TFWS","TFWS","GUJCET Based","GOVT","17148.00"
"L.D.COLLEGE OF ENGINEERING, AHMEDABAD","ARTIFICIAL INTELLIGENCE(AI) AND
MACHINE LEARNING","EWS","GUJCET Based","GOVT","1237.00"
"L.D.COLLEGE OF ENGINEERING, AHMEDABAD","ARTIFICIAL INTELLIGENCE(AI) AND
MACHINE LEARNING","GEN","GUJCET Based","GOVT","1070.00"
"L.D.COLLEGE OF ENGINEERING, AHMEDABAD","ARTIFICIAL INTELLIGENCE(AI) AND
MACHINE LEARNING","SC","GUJCET Based","GOVT","5870.00"
"L.D.COLLEGE OF ENGINEERING, AHMEDABAD","ARTIFICIAL INTELLIGENCE(AI) AND
MACHINE LEARNING","SEBC","GUJCET Based","GOVT","1914.00"
"L.D.COLLEGE OF ENGINEERING, AHMEDABAD","ARTIFICIAL INTELLIGENCE(AI) AND
MACHINE LEARNING","ST","GUJCET Based","GOVT","14590.00"
"L.D.COLLEGE OF ENGINEERING, AHMEDABAD","ARTIFICIAL INTELLIGENCE(AI) AND
MACHINE LEARNING","GEN","JEE Based","GOVT","900131.00"
"L.D.COLLEGE OF ENGINEERING, AHMEDABAD","AUTOMOBILE ENGINEERING","EWS","GUJCET Based","GOVT","25374.00"
"L.D.COLLEGE OF ENGINEERING, AHMEDABAD","AUTOMOBILE ENGINEERING","GEN","GUJCET Based","GOVT","21559.00"
"L.D.COLLEGE OF ENGINEERING, AHMEDABAD","AUTOMOBILE ENGINEERING","SC","GUJCET Based","GOVT","27022.00"
"L.D.COLLEGE OF ENGINEERING, AHMEDABAD","AUTOMOBILE ENGINEERING","SEBC","GUJCET Based","GOVT","31602.00"
"L.D.COLLEGE OF ENGINEERING, AHMEDABAD","AUTOMOBILE ENGINEERING","SEBC","JEE Based","GOVT","909108.00"
"L.D.COLLEGE OF ENGINEERING, AHMEDABAD","AUTOMOBILE ENGINEERING -
TFWS","TFWS","GUJCET Based","GOVT","9091.00"
"L.D.COLLEGE OF ENGINEERING, AHMEDABAD","BIOMEDICAL ENGINEERING","EWS","GUJCET Based","GOVT","27574.00"
"L.D.COLLEGE OF ENGINEERING, AHMEDABAD","BIOMEDICAL ENGINEERING","GEN","GUJCET Based","GOVT","21486.00"
"L.D.COLLEGE OF ENGINEERING, AHMEDABAD","BIOMEDICAL ENGINEERING","SC","GUJCET Based","GOVT","32767.00"
"L.D.COLLEGE OF ENGINEERING, AHMEDABAD","BIOMEDICAL ENGINEERING","SEBC","GUJCET Based","GOVT","23007.00"
"L.D.COLLEGE OF ENGINEERING, AHMEDABAD","BIOMEDICAL ENGINEERING","GEN","JEE Based","GOVT","904274.00"
"L.D.COLLEGE OF ENGINEERING, AHMEDABAD","CHEMICAL ENGINEERING","ESM","GUJCET Based","GOVT","30841.00"
"L.D.COLLEGE OF ENGINEERING, AHMEDABAD","CHEMICAL ENGINEERING","EWS","GUJCET Based","GOVT","4875.00"
"L.D.COLLEGE OF ENGINEERING, AHMEDABAD","CHEMICAL ENGINEERING","SC","GUJCET Based","GOVT","14687.00"
"L.D.COLLEGE OF ENGINEERING, AHMEDABAD","CHEMICAL ENGINEERING","SEBC","GUJCET Based","GOVT","7209.00"
"L.D.COLLEGE OF ENGINEERING, AHMEDABAD","CHEMICAL ENGINEERING","GEN","JEE Based","GOVT","901739.00"
"L.D.COLLEGE OF ENGINEERING, AHMEDABAD","CHEMICAL ENGINEERING","SC","JEE Based","GOVT","906892.00"
"L.D.COLLEGE OF ENGINEERING, AHMEDABAD","CIVIL ENGINEERING","EWS","GUJCET Based","GOVT","5356.00"
"L.D.COLLEGE OF ENGINEERING, AHMEDABAD","CIVIL ENGINEERING","GEN","GUJCET Based","GOVT","4980.00"
"L.D.COLLEGE OF ENGINEERING, AHMEDABAD","CIVIL ENGINEERING","SC","GUJCET Based","GOVT","15151.00"
"L.D.COLLEGE OF ENGINEERING, AHMEDABAD","CIVIL ENGINEERING","SEBC","GUJCET Based","GOVT","6045.00"
"L.D.COLLEGE OF ENGINEERING, AHMEDABAD","CIVIL ENGINEERING","ST","GUJCET Based","GOVT","23905.00"
"L.D.COLLEGE OF ENGINEERING, AHMEDABAD","CIVIL ENGINEERING","EWS","JEE Based","GOVT","901714.00"
"L.D.COLLEGE OF ENGINEERING, AHMEDABAD","CIVIL ENGINEERING","SC","JEE Based","GOVT","907003.00"
"L.D.COLLEGE OF ENGINEERING, AHMEDABAD","COMPUTER ENGINEERING","EWS","GUJCET Based","GOVT","845.00"
"L.D.COLLEGE OF ENGINEERING, AHMEDABAD","COMPUTER ENGINEERING","GEN","GUJCET Based","GOVT","646.00"
"L.D.COLLEGE OF ENGINEERING, AHMEDABAD","COMPUTER ENGINEERING","GEN-PH","GUJCET Based","GOVT","27772.00"
"Admission Committee for Professional Courses, Gujarat"
"First Year Degree Engineering : 2025-26"
"Institute Wise : Program Wise : Last Admitted Rank after Round-3"
"Inst_Name","Course_name","Cat_Name","Board","Type of
Institute","closing"
"L.D.COLLEGE OF ENGINEERING, AHMEDABAD","COMPUTER ENGINEERING","SC","GUJCET Based","GOVT","4559.00"
"L.D.COLLEGE OF ENGINEERING, AHMEDABAD","COMPUTER ENGINEERING","SEBC","GUJCET Based","GOVT","1227.00"
"L.D.COLLEGE OF ENGINEERING, AHMEDABAD","COMPUTER ENGINEERING","EWS","JEE Based","GOVT","900557.00"
"L.D.COLLEGE OF ENGINEERING, AHMEDABAD","COMPUTER ENGINEERING","GEN","JEE Based","GOVT","900047.00"
"L.D.COLLEGE OF ENGINEERING, AHMEDABAD","ELECTRICAL ENGINEERING","EWS","GUJCET Based","GOVT","6352.00"
"L.D.COLLEGE OF ENGINEERING, AHMEDABAD","ELECTRICAL ENGINEERING","GEN","GUJCET Based","GOVT","5212.00"
"L.D.COLLEGE OF ENGINEERING, AHMEDABAD","ELECTRICAL ENGINEERING","SC","GUJCET Based","GOVT","14982.00"
"L.D.COLLEGE OF ENGINEERING, AHMEDABAD","ELECTRICAL ENGINEERING","SEBC","GUJCET Based","GOVT","7215.00"
"L.D.COLLEGE OF ENGINEERING, AHMEDABAD","ELECTRICAL ENGINEERING","ST","GUJCET Based","GOVT","8887.00"
"L.D.COLLEGE OF ENGINEERING, AHMEDABAD","ELECTRICAL ENGINEERING","ST","JEE Based","GOVT","908648.00"
"L.D.COLLEGE OF ENGINEERING, AHMEDABAD","ELECTRICAL ENGINEERING - TFWS","TFWS","JEE Based","GOVT","900891.00"
"L.D.COLLEGE OF ENGINEERING, AHMEDABAD","ELECTRONICS &
COMMUNICATION ENGINEERING","EWS","GUJCET Based","GOVT","2359.00"
"L.D.COLLEGE OF ENGINEERING, AHMEDABAD","ELECTRONICS &
COMMUNICATION ENGINEERING","GEN","GUJCET Based","GOVT","1924.00"
"L.D.COLLEGE OF ENGINEERING, AHMEDABAD","ELECTRONICS &
COMMUNICATION ENGINEERING","SC","GUJCET Based","GOVT","10245.00"
"L.D.COLLEGE OF ENGINEERING, AHMEDABAD","ELECTRONICS &
COMMUNICATION ENGINEERING","SEBC","GUJCET Based","GOVT","3508.00"
"L.D.COLLEGE OF ENGINEERING, AHMEDABAD","ELECTRONICS &
COMMUNICATION ENGINEERING","ST","GUJCET Based","GOVT","32698.00"
"L.D.COLLEGE OF ENGINEERING, AHMEDABAD","ELECTRONICS &
COMMUNICATION ENGINEERING","GEN","JEE Based","GOVT","900690.00"
"L.D.COLLEGE OF ENGINEERING, AHMEDABAD","ELECTRONICS &
COMMUNICATION ENGINEERING","SC","JEE Based","GOVT","904663.00"
"L.D.COLLEGE OF ENGINEERING, AHMEDABAD","ELECTRONICS &
COMMUNICATION ENGINEERING","SEBC","JEE Based","GOVT","901167.00"
"L.D.COLLEGE OF ENGINEERING, AHMEDABAD","ELECTRONICS &
COMMUNICATION ENGINEERING -
TFWS","TFWS","GUJCET Based","GOVT","1220.00"
"L.D.COLLEGE OF ENGINEERING, AHMEDABAD","ENVIRONMENTAL ENGINEERING","EWS","GUJCET Based","GOVT","16921.00"
"L.D.COLLEGE OF ENGINEERING, AHMEDABAD","ENVIRONMENTAL ENGINEERING","GEN","GUJCET Based","GOVT","16646.00"
"L.D.COLLEGE OF ENGINEERING, AHMEDABAD","ENVIRONMENTAL ENGINEERING","SEBC","GUJCET Based","GOVT","16918.00"
"L.D.COLLEGE OF ENGINEERING, AHMEDABAD","ENVIRONMENTAL ENGINEERING","ST","JEE Based","GOVT","924431.00"
"L.D.COLLEGE OF ENGINEERING, AHMEDABAD","INFORMATION TECHNOLOGY","EWS","GUJCET Based","GOVT","1428.00"
"L.D.COLLEGE OF ENGINEERING, AHMEDABAD","INFORMATION TECHNOLOGY","GEN","GUJCET Based","GOVT","1271.00"
"L.D.COLLEGE OF ENGINEERING, AHMEDABAD","INFORMATION TECHNOLOGY","SC","GUJCET Based","GOVT","6282.00"
"L.D.COLLEGE OF ENGINEERING, AHMEDABAD","INFORMATION TECHNOLOGY","SEBC","GUJCET Based","GOVT","2100.00"
"L.D.COLLEGE OF ENGINEERING, AHMEDABAD","INFORMATION TECHNOLOGY","ST","GUJCET Based","GOVT","18779.00"
"L.D.COLLEGE OF ENGINEERING, AHMEDABAD","INFORMATION TECHNOLOGY","EWS","JEE Based","GOVT","900654.00"
"L.D.COLLEGE OF ENGINEERING, AHMEDABAD","INFORMATION TECHNOLOGY","GEN","JEE Based","GOVT","900220.00"
"L.D.COLLEGE OF ENGINEERING, AHMEDABAD","INFORMATION TECHNOLOGY","SEBC","JEE Based","GOVT","900988.00"
"L.D.COLLEGE OF ENGINEERING, AHMEDABAD","INFORMATION TECHNOLOGY -
TFWS","TFWS","GUJCET Based","GOVT","876.00"
"L.D.COLLEGE OF ENGINEERING, AHMEDABAD","INSTRUMENTATION & CONTROL
ENGINEERING","EWS","GUJCET Based","GOVT","7852.00"
"L.D.COLLEGE OF ENGINEERING, AHMEDABAD","INSTRUMENTATION & CONTROL
ENGINEERING","GEN","GUJCET Based","GOVT","6687.00"
"Admission Committee for Professional Courses, Gujarat"
"First Year Degree Engineering : 2025-26"
"Institute Wise : Program Wise : Last Admitted Rank after Round-3"
"Inst_Name","Course_name","Cat_Name","Board","Type of
Institute","closing"
"L.D.COLLEGE OF ENGINEERING, AHMEDABAD","INSTRUMENTATION & CONTROL
ENGINEERING","SC","GUJCET Based","GOVT","20527.00"
"L.D.COLLEGE OF ENGINEERING, AHMEDABAD","INSTRUMENTATION & CONTROL
ENGINEERING","ST","GUJCET Based","GOVT","38516.00"
"L.D.COLLEGE OF ENGINEERING, AHMEDABAD","INSTRUMENTATION & CONTROL
ENGINEERING","EWS","JEE Based","GOVT","901977.00"
"L.D.COLLEGE OF ENGINEERING, AHMEDABAD","INSTRUMENTATION & CONTROL
ENGINEERING","GEN","JEE Based","GOVT","901669.00"
"L.D.COLLEGE OF ENGINEERING, AHMEDABAD","INSTRUMENTATION & CONTROL
ENGINEERING - TFWS","TFWS","GUJCET Based","GOVT","3785.00"
"L.D.COLLEGE OF ENGINEERING, AHMEDABAD","MECHANICAL ENGINEERING","EWS","GUJCET Based","GOVT","4280.00"
"L.D.COLLEGE OF ENGINEERING, AHMEDABAD","MECHANICAL ENGINEERING","GEN","GUJCET Based","GOVT","3554.00"
"L.D.COLLEGE OF ENGINEERING, AHMEDABAD","MECHANICAL ENGINEERING","SC","GUJCET Based","GOVT","15385.00"
"L.D.COLLEGE OF ENGINEERING, AHMEDABAD","MECHANICAL ENGINEERING","SEBC","GUJCET Based","GOVT","6298.00"
"L.D.COLLEGE OF ENGINEERING, AHMEDABAD","MECHANICAL ENGINEERING","GEN","JEE Based","GOVT","900764.00"
"L.D.COLLEGE OF ENGINEERING, AHMEDABAD","PLASTIC TECHNOLOGY","GEN","GUJCET Based","GOVT","50705.00"
"L.D.COLLEGE OF ENGINEERING, AHMEDABAD","PLASTIC TECHNOLOGY","GEN","JEE Based","GOVT","906404.00"
"L.D.COLLEGE OF ENGINEERING, AHMEDABAD","PLASTIC TECHNOLOGY-TFWS","TFWS","GUJCET Based","GOVT","4956.00"
"L.D.COLLEGE OF ENGINEERING, AHMEDABAD","ROBOTICS AND AUTOMATION","ESM","GUJCET Based","GOVT","22080.00"
"L.D.COLLEGE OF ENGINEERING, AHMEDABAD","ROBOTICS AND AUTOMATION","EWS","GUJCET Based","GOVT","6945.00"
"L.D.COLLEGE OF ENGINEERING, AHMEDABAD","ROBOTICS AND AUTOMATION","GEN","GUJCET Based","GOVT","5583.00"
"L.D.COLLEGE OF ENGINEERING, AHMEDABAD","ROBOTICS AND AUTOMATION","SC","GUJCET Based","GOVT","22764.00"
"L.D.COLLEGE OF ENGINEERING, AHMEDABAD","ROBOTICS AND AUTOMATION","SEBC","GUJCET Based","GOVT","8128.00"
"L.D.COLLEGE OF ENGINEERING, AHMEDABAD","ROBOTICS AND AUTOMATION","ST","GUJCET Based","GOVT","38403.00"
"L.D.COLLEGE OF ENGINEERING, AHMEDABAD","ROBOTICS AND AUTOMATION","EWS","JEE Based","GOVT","901511.00"
"L.D.COLLEGE OF ENGINEERING, AHMEDABAD","ROBOTICS AND AUTOMATION","GEN","JEE Based","GOVT","900755.00"
"L.D.COLLEGE OF ENGINEERING, AHMEDABAD","ROBOTICS AND AUTOMATION","ST","JEE Based","GOVT","922438.00"
"L.D.COLLEGE OF ENGINEERING, AHMEDABAD","ROBOTICS AND AUTOMATION -
TFWS","TFWS","GUJCET Based","GOVT","2720.00"
"L.D.COLLEGE OF ENGINEERING, AHMEDABAD","RUBBER TECHNOLOGY","EWS","GUJCET Based","GOVT","35566.00"
"L.D.COLLEGE OF ENGINEERING, AHMEDABAD","RUBBER TECHNOLOGY","GEN","GUJCET Based","GOVT","29947.00"
"L.D.COLLEGE OF ENGINEERING, AHMEDABAD","RUBBER TECHNOLOGY","SEBC","GUJCET Based","GOVT","36738.00"
"L.D.COLLEGE OF ENGINEERING, AHMEDABAD","RUBBER TECHNOLOGY","GEN","JEE Based","GOVT","907679.00"
"L.D.COLLEGE OF ENGINEERING, AHMEDABAD","RUBBER TECHNOLOGY - TFWS","TFWS","GUJCET Based","GOVT","14277.00"
"L.D.COLLEGE OF ENGINEERING, AHMEDABAD","TEXTILE TECHNOLOGY","GEN","GUJCET Based","GOVT","37862.00"
"L.D.COLLEGE OF ENGINEERING, AHMEDABAD","TEXTILE TECHNOLOGY","GEN","JEE Based","GOVT","928484.00"
"L.D.COLLEGE OF ENGINEERING, AHMEDABAD","TEXTILE TECHNOLOGY - TFWS","TFWS","GUJCET Based","GOVT","20146.00"
"L.E.COLLEGE ,MORBI","CHEMICAL ENGINEERING","EWS","GUJCET Based","GOVT","38841.00"
"L.E.COLLEGE ,MORBI","CHEMICAL ENGINEERING","GEN","GUJCET Based","GOVT","33517.00"
"L.E.COLLEGE ,MORBI","CHEMICAL ENGINEERING","SEBC","GUJCET Based","GOVT","38103.00"
"L.E.COLLEGE ,MORBI","CHEMICAL ENGINEERING","GEN","JEE Based","GOVT","905286.00"
"L.E.COLLEGE ,MORBI","CHEMICAL ENGINEERING","SEBC","JEE Based","GOVT","922074.00"
"L.E.COLLEGE ,MORBI","CIVIL ENGINEERING","GEN","GUJCET Based","GOVT","50067.00"
"L.E.COLLEGE ,MORBI","CIVIL ENGINEERING","GEN","JEE Based","GOVT","929418.00"
"L.E.COLLEGE ,MORBI","ELECTRICAL ENGINEERING","GEN","GUJCET Based","GOVT","35664.00"
"L.E.COLLEGE ,MORBI","ELECTRICAL ENGINEERING","GEN","JEE Based","GOVT","990257.00"
"L.E.COLLEGE ,MORBI","INFORMATION TECHNOLOGY","EWS","GUJCET Based","GOVT","27978.00"
"L.E.COLLEGE ,MORBI","INFORMATION TECHNOLOGY","GEN","GUJCET Based","GOVT","18940.00"
"L.E.COLLEGE ,MORBI","INFORMATION TECHNOLOGY","SEBC","GUJCET Based","GOVT","30773.00"
"L.E.COLLEGE ,MORBI","INFORMATION TECHNOLOGY","GEN","JEE Based","GOVT","903088.00"
"L.E.COLLEGE ,MORBI","INFORMATION TECHNOLOGY -
TFWS","TFWS","GUJCET Based","GOVT","15147.00"
"L.E.COLLEGE ,MORBI","MECHANICAL ENGINEERING","GEN","GUJCET Based","GOVT","50686.00"
"L.E.COLLEGE ,MORBI","MECHANICAL ENGINEERING","GEN","JEE Based","GOVT","990532.00"
"Admission Committee for Professional Courses, Gujarat"
"First Year Degree Engineering : 2025-26"
"Institute Wise : Program Wise : Last Admitted Rank after Round-3"
"Inst_Name","Course_name","Cat_Name","Board","Type of
Institute","closing"
"SHANTILAL SHAH ENGINEERING COLLEGE
,BHAVNAGAR","CIVIL ENGINEERING","GEN","GUJCET Based","GOVT","35676.00"
"SHANTILAL SHAH ENGINEERING COLLEGE
,BHAVNAGAR","CIVIL ENGINEERING","GEN","JEE Based","GOVT","932625.00"
"SHANTILAL SHAH ENGINEERING COLLEGE
,BHAVNAGAR","CIVIL ENGINEERING - TFWS","TFWS","GUJCET Based","GOVT","21761.00"
"SHANTILAL SHAH ENGINEERING COLLEGE
,BHAVNAGAR","ELECTRICAL ENGINEERING","GEN","GUJCET Based","GOVT","50158.00"
"SHANTILAL SHAH ENGINEERING COLLEGE
,BHAVNAGAR","ELECTRICAL ENGINEERING","GEN","JEE Based","GOVT","907700.00"
"SHANTILAL SHAH ENGINEERING COLLEGE
,BHAVNAGAR","INFORMATION TECHNOLOGY","EWS","GUJCET Based","GOVT","31174.00"
"SHANTILAL SHAH ENGINEERING COLLEGE
,BHAVNAGAR","INFORMATION TECHNOLOGY","GEN","GUJCET Based","GOVT","20170.00"
"SHANTILAL SHAH ENGINEERING COLLEGE
,BHAVNAGAR","INFORMATION TECHNOLOGY","SC","GUJCET Based","GOVT","37493.00"
"SHANTILAL SHAH ENGINEERING COLLEGE
,BHAVNAGAR","INFORMATION TECHNOLOGY","SEBC","GUJCET Based","GOVT","30147.00"
"SHANTILAL SHAH ENGINEERING COLLEGE
,BHAVNAGAR","INFORMATION TECHNOLOGY","ST","GUJCET Based","GOVT","27341.00"
"SHANTILAL SHAH ENGINEERING COLLEGE
,BHAVNAGAR","INFORMATION TECHNOLOGY","EWS","JEE Based","GOVT","910556.00"
"SHANTILAL SHAH ENGINEERING COLLEGE
,BHAVNAGAR","INFORMATION TECHNOLOGY","GEN","JEE Based","GOVT","903664.00"
"SHANTILAL SHAH ENGINEERING COLLEGE
,BHAVNAGAR","INFORMATION TECHNOLOGY -
TFWS","TFWS","GUJCET Based","GOVT","12576.00"
"SHANTILAL SHAH ENGINEERING COLLEGE
,BHAVNAGAR","MECHANICAL ENGINEERING","EWS","GUJCET Based","GOVT","34525.00"
"SHANTILAL SHAH ENGINEERING COLLEGE
,BHAVNAGAR","MECHANICAL ENGINEERING","GEN","GUJCET Based","GOVT","34439.00"
"SHANTILAL SHAH ENGINEERING COLLEGE
,BHAVNAGAR","MECHANICAL ENGINEERING","SEBC","GUJCET Based","GOVT","35655.00"
"SHANTILAL SHAH ENGINEERING COLLEGE
,BHAVNAGAR","MECHANICAL ENGINEERING","GEN","JEE Based","GOVT","906589.00"
"VISHWAKARMA GOVERNMENT ENGINEERING
COLLEGE, CHANDKHEDA,GANDHINAGAR","CHEMICAL ENGINEERING","EWS","GUJCET Based","GOVT","10890.00"
"VISHWAKARMA GOVERNMENT ENGINEERING
COLLEGE, CHANDKHEDA,GANDHINAGAR","CHEMICAL ENGINEERING","GEN","GUJCET Based","GOVT","9707.00"
"VISHWAKARMA GOVERNMENT ENGINEERING
COLLEGE, CHANDKHEDA,GANDHINAGAR","CHEMICAL ENGINEERING","SC","GUJCET Based","GOVT","21474.00"
"VISHWAKARMA GOVERNMENT ENGINEERING
COLLEGE, CHANDKHEDA,GANDHINAGAR","CHEMICAL ENGINEERING","SEBC","GUJCET Based","GOVT","13230.00"
"VISHWAKARMA GOVERNMENT ENGINEERING
COLLEGE, CHANDKHEDA,GANDHINAGAR","CHEMICAL ENGINEERING","GEN","JEE Based","GOVT","902087.00"
"VISHWAKARMA GOVERNMENT ENGINEERING
COLLEGE, CHANDKHEDA,GANDHINAGAR","CHEMICAL ENGINEERING - TFWS","TFWS","GUJCET Based","GOVT","4918.00"
"VISHWAKARMA GOVERNMENT ENGINEERING
COLLEGE, CHANDKHEDA,GANDHINAGAR","CIVIL ENGINEERING","ESM","GUJCET Based","GOVT","32709.00"
"VISHWAKARMA GOVERNMENT ENGINEERING
COLLEGE, CHANDKHEDA,GANDHINAGAR","CIVIL ENGINEERING","EWS","GUJCET Based","GOVT","10062.00"
"VISHWAKARMA GOVERNMENT ENGINEERING
COLLEGE, CHANDKHEDA,GANDHINAGAR","CIVIL ENGINEERING","GEN","GUJCET Based","GOVT","9014.00"
"VISHWAKARMA GOVERNMENT ENGINEERING
COLLEGE, CHANDKHEDA,GANDHINAGAR","CIVIL ENGINEERING","SEBC","GUJCET Based","GOVT","11141.00"
"VISHWAKARMA GOVERNMENT ENGINEERING
COLLEGE, CHANDKHEDA,GANDHINAGAR","CIVIL ENGINEERING","ST","GUJCET Based","GOVT","25817.00"
"VISHWAKARMA GOVERNMENT ENGINEERING
COLLEGE, CHANDKHEDA,GANDHINAGAR","CIVIL ENGINEERING","ST","JEE Based","GOVT","913143.00"
"VISHWAKARMA GOVERNMENT ENGINEERING
COLLEGE, CHANDKHEDA,GANDHINAGAR","COMPUTER ENGINEERING","EWS","GUJCET Based","GOVT","1972.00"
"VISHWAKARMA GOVERNMENT ENGINEERING
COLLEGE, CHANDKHEDA,GANDHINAGAR","COMPUTER ENGINEERING","GEN","GUJCET Based","GOVT","1643.00"
"VISHWAKARMA GOVERNMENT ENGINEERING
COLLEGE, CHANDKHEDA,GANDHINAGAR","COMPUTER ENGINEERING","SC","GUJCET Based","GOVT","7864.00"
"Admission Committee for Professional Courses, Gujarat"
"First Year Degree Engineering : 2025-26"
"Institute Wise : Program Wise : Last Admitted Rank after Round-3"
"Inst_Name","Course_name","Cat_Name","Board","Type of
Institute","closing"
"VISHWAKARMA GOVERNMENT ENGINEERING
COLLEGE, CHANDKHEDA,GANDHINAGAR","COMPUTER ENGINEERING","SEBC","GUJCET Based","GOVT","2513.00"
"VISHWAKARMA GOVERNMENT ENGINEERING
COLLEGE, CHANDKHEDA,GANDHINAGAR","COMPUTER ENGINEERING","ST","GUJCET Based","GOVT","23794.00"
"VISHWAKARMA GOVERNMENT ENGINEERING
COLLEGE, CHANDKHEDA,GANDHINAGAR","COMPUTER ENGINEERING","EWS","JEE Based","GOVT","900850.00"
"VISHWAKARMA GOVERNMENT ENGINEERING
COLLEGE, CHANDKHEDA,GANDHINAGAR","COMPUTER ENGINEERING","GEN","JEE Based","GOVT","900671.00"
"VISHWAKARMA GOVERNMENT ENGINEERING
COLLEGE, CHANDKHEDA,GANDHINAGAR","COMPUTER ENGINEERING","SC","JEE Based","GOVT","901452.00"
"VISHWAKARMA GOVERNMENT ENGINEERING
COLLEGE, CHANDKHEDA,GANDHINAGAR","COMPUTER ENGINEERING","SEBC","JEE Based","GOVT","901151.00"
"VISHWAKARMA GOVERNMENT ENGINEERING
COLLEGE, CHANDKHEDA,GANDHINAGAR","COMPUTER ENGINEERING","ST","JEE Based","GOVT","912659.00"
"VISHWAKARMA GOVERNMENT ENGINEERING
COLLEGE, CHANDKHEDA,GANDHINAGAR","COMPUTER ENGINEERING - TFWS","TFWS","GUJCET Based","GOVT","1091.00"
"VISHWAKARMA GOVERNMENT ENGINEERING
COLLEGE, CHANDKHEDA,GANDHINAGAR","COMPUTER SCIENCE &
ENGINEERING (DATA SCIENCE)","EWS","GUJCET Based","GOVT","2567.00"
"VISHWAKARMA GOVERNMENT ENGINEERING
COLLEGE, CHANDKHEDA,GANDHINAGAR","COMPUTER SCIENCE &
ENGINEERING (DATA SCIENCE)","GEN","GUJCET Based","GOVT","2371.00"
"VISHWAKARMA GOVERNMENT ENGINEERING
COLLEGE, CHANDKHEDA,GANDHINAGAR","COMPUTER SCIENCE &
ENGINEERING (DATA SCIENCE)","SC","GUJCET Based","GOVT","9598.00"
"VISHWAKARMA GOVERNMENT ENGINEERING
COLLEGE, CHANDKHEDA,GANDHINAGAR","COMPUTER SCIENCE &
ENGINEERING (DATA SCIENCE)","SEBC","GUJCET Based","GOVT","3094.00"
"VISHWAKARMA GOVERNMENT ENGINEERING
COLLEGE, CHANDKHEDA,GANDHINAGAR","COMPUTER SCIENCE &
ENGINEERING (DATA SCIENCE)","ST","GUJCET Based","GOVT","25615.00"
"VISHWAKARMA GOVERNMENT ENGINEERING
COLLEGE, CHANDKHEDA,GANDHINAGAR","COMPUTER SCIENCE &
ENGINEERING (DATA SCIENCE)","GEN","JEE Based","GOVT","900962.00"
"VISHWAKARMA GOVERNMENT ENGINEERING
COLLEGE, CHANDKHEDA,GANDHINAGAR","COMPUTER SCIENCE &
ENGINEERING (DATA SCIENCE)","SEBC","JEE Based","GOVT","901355.00"
"VISHWAKARMA GOVERNMENT ENGINEERING
COLLEGE, CHANDKHEDA,GANDHINAGAR","COMPUTER SCIENCE &
ENGINEERING (DATA SCIENCE)","ST","JEE Based","GOVT","915081.00"
"VISHWAKARMA GOVERNMENT ENGINEERING
COLLEGE, CHANDKHEDA,GANDHINAGAR","ELECTRICAL ENGINEERING","ESM","GUJCET Based","GOVT","30360.00"
"VISHWAKARMA GOVERNMENT ENGINEERING
COLLEGE, CHANDKHEDA,GANDHINAGAR","ELECTRICAL ENGINEERING","EWS","GUJCET Based","GOVT","10866.00"
"VISHWAKARMA GOVERNMENT ENGINEERING
COLLEGE, CHANDKHEDA,GANDHINAGAR","ELECTRICAL ENGINEERING","GEN","GUJCET Based","GOVT","8959.00"
"VISHWAKARMA GOVERNMENT ENGINEERING
COLLEGE, CHANDKHEDA,GANDHINAGAR","ELECTRICAL ENGINEERING","SC","GUJCET Based","GOVT","15765.00"
"VISHWAKARMA GOVERNMENT ENGINEERING
COLLEGE, CHANDKHEDA,GANDHINAGAR","ELECTRICAL ENGINEERING","SEBC","GUJCET Based","GOVT","11340.00"
"VISHWAKARMA GOVERNMENT ENGINEERING
COLLEGE, CHANDKHEDA,GANDHINAGAR","ELECTRICAL ENGINEERING","ST","GUJCET Based","GOVT","17882.00"
"VISHWAKARMA GOVERNMENT ENGINEERING
COLLEGE, CHANDKHEDA,GANDHINAGAR","ELECTRICAL ENGINEERING","EWS","JEE Based","GOVT","901764.00"
"VISHWAKARMA GOVERNMENT ENGINEERING
COLLEGE, CHANDKHEDA,GANDHINAGAR","ELECTRICAL ENGINEERING","GEN","JEE Based","GOVT","901754.00"
"VISHWAKARMA GOVERNMENT ENGINEERING
COLLEGE, CHANDKHEDA,GANDHINAGAR","ELECTRICAL ENGINEERING - TFWS","TFWS","GUJCET Based","GOVT","5951.00"
"VISHWAKARMA GOVERNMENT ENGINEERING
COLLEGE, CHANDKHEDA,GANDHINAGAR","ELECTRONICS &
COMMUNICATION ENGINEERING","EWS","GUJCET Based","GOVT","4136.00"
"Admission Committee for Professional Courses, Gujarat"
"First Year Degree Engineering : 2025-26"
"Institute Wise : Program Wise : Last Admitted Rank after Round-3"
"Inst_Name","Course_name","Cat_Name","Board","Type of
Institute","closing"
"VISHWAKARMA GOVERNMENT ENGINEERING
COLLEGE, CHANDKHEDA,GANDHINAGAR","ELECTRONICS &
COMMUNICATION ENGINEERING","GEN","GUJCET Based","GOVT","3760.00"
"VISHWAKARMA GOVERNMENT ENGINEERING
COLLEGE, CHANDKHEDA,GANDHINAGAR","ELECTRONICS &
COMMUNICATION ENGINEERING","SC","GUJCET Based","GOVT","14510.00"
"VISHWAKARMA GOVERNMENT ENGINEERING
COLLEGE, CHANDKHEDA,GANDHINAGAR","ELECTRONICS &
COMMUNICATION ENGINEERING","SEBC","GUJCET Based","GOVT","5217.00"
"VISHWAKARMA GOVERNMENT ENGINEERING
COLLEGE, CHANDKHEDA,GANDHINAGAR","ELECTRONICS &
COMMUNICATION ENGINEERING","ESM","JEE Based","GOVT","907506.00"
"VISHWAKARMA GOVERNMENT ENGINEERING
COLLEGE, CHANDKHEDA,GANDHINAGAR","ELECTRONICS &
COMMUNICATION ENGINEERING","EWS","JEE Based","GOVT","901291.00"
"VISHWAKARMA GOVERNMENT ENGINEERING
COLLEGE, CHANDKHEDA,GANDHINAGAR","ELECTRONICS &
COMMUNICATION ENGINEERING","GEN","JEE Based","GOVT","900239.00"
"VISHWAKARMA GOVERNMENT ENGINEERING
COLLEGE, CHANDKHEDA,GANDHINAGAR","ELECTRONICS &
COMMUNICATION ENGINEERING","SEBC","JEE Based","GOVT","901983.00"
"VISHWAKARMA GOVERNMENT ENGINEERING
COLLEGE, CHANDKHEDA,GANDHINAGAR","ELECTRONICS &
COMMUNICATION ENGINEERING -
TFWS","TFWS","GUJCET Based","GOVT","2519.00"
"VISHWAKARMA GOVERNMENT ENGINEERING
COLLEGE, CHANDKHEDA,GANDHINAGAR","ELECTRONICS &
COMMUNICATION ENGINEERING -
TFWS","TFWS","JEE Based","GOVT","900995.00"
"VISHWAKARMA GOVERNMENT ENGINEERING
COLLEGE, CHANDKHEDA,GANDHINAGAR","ELECTRONICS &
INSTRUMENTATION
ENGINEERING","ESM","GUJCET Based","GOVT","25943.00"
"VISHWAKARMA GOVERNMENT ENGINEERING
COLLEGE, CHANDKHEDA,GANDHINAGAR","ELECTRONICS &
INSTRUMENTATION
ENGINEERING","EWS","GUJCET Based","GOVT","10666.00"
"VISHWAKARMA GOVERNMENT ENGINEERING
COLLEGE, CHANDKHEDA,GANDHINAGAR","ELECTRONICS &
INSTRUMENTATION
ENGINEERING","GEN","GUJCET Based","GOVT","9461.00"
"VISHWAKARMA GOVERNMENT ENGINEERING
COLLEGE, CHANDKHEDA,GANDHINAGAR","ELECTRONICS &
INSTRUMENTATION
ENGINEERING","SC","GUJCET Based","GOVT","23713.00"
"VISHWAKARMA GOVERNMENT ENGINEERING
COLLEGE, CHANDKHEDA,GANDHINAGAR","ELECTRONICS &
INSTRUMENTATION
ENGINEERING","GEN","JEE Based","GOVT","901118.00"
"VISHWAKARMA GOVERNMENT ENGINEERING
COLLEGE, CHANDKHEDA,GANDHINAGAR","ELECTRONICS &
INSTRUMENTATION
ENGINEERING - TFW","TFWS","GUJCET Based","GOVT","6547.00"
"VISHWAKARMA GOVERNMENT ENGINEERING
COLLEGE, CHANDKHEDA,GANDHINAGAR","INFORMATION &
COMMUNICATION TECHNOLOGY","EWS","GUJCET Based","GOVT","3724.00"
"VISHWAKARMA GOVERNMENT ENGINEERING
COLLEGE, CHANDKHEDA,GANDHINAGAR","INFORMATION &
COMMUNICATION TECHNOLOGY","GEN","GUJCET Based","GOVT","3421.00"
"VISHWAKARMA GOVERNMENT ENGINEERING
COLLEGE, CHANDKHEDA,GANDHINAGAR","INFORMATION &
COMMUNICATION TECHNOLOGY","SC","GUJCET Based","GOVT","13563.00"
"VISHWAKARMA GOVERNMENT ENGINEERING
COLLEGE, CHANDKHEDA,GANDHINAGAR","INFORMATION &
COMMUNICATION TECHNOLOGY","SEBC","GUJCET Based","GOVT","7308.00"
"VISHWAKARMA GOVERNMENT ENGINEERING
COLLEGE, CHANDKHEDA,GANDHINAGAR","INFORMATION &
COMMUNICATION TECHNOLOGY","EWS","JEE Based","GOVT","901857.00"
"VISHWAKARMA GOVERNMENT ENGINEERING
COLLEGE, CHANDKHEDA,GANDHINAGAR","INFORMATION &
COMMUNICATION TECHNOLOGY","GEN","JEE Based","GOVT","901115.00"
"VISHWAKARMA GOVERNMENT ENGINEERING
COLLEGE, CHANDKHEDA,GANDHINAGAR","INFORMATION &
COMMUNICATION TECHNOLOGY","SEBC","JEE Based","GOVT","902810.00"
"VISHWAKARMA GOVERNMENT ENGINEERING
COLLEGE, CHANDKHEDA,GANDHINAGAR","INFORMATION &
COMMUNICATION TECHNOLOGY -
TFWS","TFWS","GUJCET Based","GOVT","2657.00"
"VISHWAKARMA GOVERNMENT ENGINEERING
COLLEGE, CHANDKHEDA,GANDHINAGAR","INFORMATION TECHNOLOGY","EWS","GUJCET Based","GOVT","2609.00"
"VISHWAKARMA GOVERNMENT ENGINEERING
COLLEGE, CHANDKHEDA,GANDHINAGAR","INFORMATION TECHNOLOGY","GEN","GUJCET Based","GOVT","2262.00"
"VISHWAKARMA GOVERNMENT ENGINEERING
COLLEGE, CHANDKHEDA,GANDHINAGAR","INFORMATION TECHNOLOGY","SC","GUJCET Based","GOVT","9016.00"
"Admission Committee for Professional Courses, Gujarat"
"First Year Degree Engineering : 2025-26"
"Institute Wise : Program Wise : Last Admitted Rank after Round-3"
"Inst_Name","Course_name","Cat_Name","Board","Type of
Institute","closing"
"VISHWAKARMA GOVERNMENT ENGINEERING
COLLEGE, CHANDKHEDA,GANDHINAGAR","INFORMATION TECHNOLOGY","SEBC","GUJCET Based","GOVT","2969.00"
"VISHWAKARMA GOVERNMENT ENGINEERING
COLLEGE, CHANDKHEDA,GANDHINAGAR","INFORMATION TECHNOLOGY","EWS","JEE Based","GOVT","901388.00"
"VISHWAKARMA GOVERNMENT ENGINEERING
COLLEGE, CHANDKHEDA,GANDHINAGAR","INFORMATION TECHNOLOGY","GEN","JEE Based","GOVT","901041.00"
"VISHWAKARMA GOVERNMENT ENGINEERING
COLLEGE, CHANDKHEDA,GANDHINAGAR","INFORMATION TECHNOLOGY","SEBC","JEE Based","GOVT","901360.00"
"VISHWAKARMA GOVERNMENT ENGINEERING
COLLEGE, CHANDKHEDA,GANDHINAGAR","INFORMATION TECHNOLOGY -
TFWS","TFWS","GUJCET Based","GOVT","1786.00"
"VISHWAKARMA GOVERNMENT ENGINEERING
COLLEGE, CHANDKHEDA,GANDHINAGAR","INSTRUMENTATION & CONTROL
ENGINEERING","EWS","GUJCET Based","GOVT","11597.00"
"VISHWAKARMA GOVERNMENT ENGINEERING
COLLEGE, CHANDKHEDA,GANDHINAGAR","INSTRUMENTATION & CONTROL
ENGINEERING","GEN","GUJCET Based","GOVT","10821.00"
"VISHWAKARMA GOVERNMENT ENGINEERING
COLLEGE, CHANDKHEDA,GANDHINAGAR","INSTRUMENTATION & CONTROL
ENGINEERING","SC","GUJCET Based","GOVT","26358.00"
"VISHWAKARMA GOVERNMENT ENGINEERING
COLLEGE, CHANDKHEDA,GANDHINAGAR","INSTRUMENTATION & CONTROL
ENGINEERING","GEN","JEE Based","GOVT","902077.00"
"VISHWAKARMA GOVERNMENT ENGINEERING
COLLEGE, CHANDKHEDA,GANDHINAGAR","INSTRUMENTATION & CONTROL
ENGINEERING - TFWS","TFWS","GUJCET Based","GOVT","8617.00"
"VISHWAKARMA GOVERNMENT ENGINEERING
COLLEGE, CHANDKHEDA,GANDHINAGAR","MECHANICAL ENGINEERING","ESM","GUJCET Based","GOVT","14374.00"
"VISHWAKARMA GOVERNMENT ENGINEERING
COLLEGE, CHANDKHEDA,GANDHINAGAR","MECHANICAL ENGINEERING","EWS","GUJCET Based","GOVT","8941.00"
"VISHWAKARMA GOVERNMENT ENGINEERING
COLLEGE, CHANDKHEDA,GANDHINAGAR","MECHANICAL ENGINEERING","GEN","GUJCET Based","GOVT","8219.00"
"VISHWAKARMA GOVERNMENT ENGINEERING
COLLEGE, CHANDKHEDA,GANDHINAGAR","MECHANICAL ENGINEERING","SC","GUJCET Based","GOVT","17900.00"
"VISHWAKARMA GOVERNMENT ENGINEERING
COLLEGE, CHANDKHEDA,GANDHINAGAR","MECHANICAL ENGINEERING","SEBC","GUJCET Based","GOVT","12963.00"
"VISHWAKARMA GOVERNMENT ENGINEERING
COLLEGE, CHANDKHEDA,GANDHINAGAR","MECHANICAL ENGINEERING","ST","GUJCET Based","GOVT","29665.00"
"VISHWAKARMA GOVERNMENT ENGINEERING
COLLEGE, CHANDKHEDA,GANDHINAGAR","POWER ELECTRONICS","GEN","GUJCET Based","GOVT","19089.00"
"VISHWAKARMA GOVERNMENT ENGINEERING
COLLEGE, CHANDKHEDA,GANDHINAGAR","POWER ELECTRONICS","SEBC","GUJCET Based","GOVT","24949.00"
"VISHWAKARMA GOVERNMENT ENGINEERING
COLLEGE, CHANDKHEDA,GANDHINAGAR","POWER ELECTRONICS","GEN","JEE Based","GOVT","903773.00"
"VISHWAKARMA GOVERNMENT ENGINEERING
COLLEGE, CHANDKHEDA,GANDHINAGAR","POWER ELECTRONICS - TFWS","TFWS","GUJCET Based","GOVT","6313.00"
"INSTITUTE OF
INFRASTRUCTURE,TECHNOLOGY,RESEARCH
AND MANAGEMENT(IITRAM),AHMEDABAD","CIVIL ENGINEERING","EWS","GUJCET Based","PVT","28587.00"
"INSTITUTE OF
INFRASTRUCTURE,TECHNOLOGY,RESEARCH
AND MANAGEMENT(IITRAM),AHMEDABAD","CIVIL ENGINEERING","GEN","GUJCET Based","PVT","24667.00"
"INSTITUTE OF
INFRASTRUCTURE,TECHNOLOGY,RESEARCH
AND MANAGEMENT(IITRAM),AHMEDABAD","CIVIL ENGINEERING","SC","GUJCET Based","PVT","28678.00"
"INSTITUTE OF
INFRASTRUCTURE,TECHNOLOGY,RESEARCH
AND MANAGEMENT(IITRAM),AHMEDABAD","CIVIL ENGINEERING","SEBC","GUJCET Based","PVT","36513.00"
"INSTITUTE OF
INFRASTRUCTURE,TECHNOLOGY,RESEARCH
AND MANAGEMENT(IITRAM),AHMEDABAD","CIVIL ENGINEERING - TFWS","TFWS","GUJCET Based","PVT","12663.00"
"Admission Committee for Professional Courses, Gujarat"
"First Year Degree Engineering : 2025-26"
"Institute Wise : Program Wise : Last Admitted Rank after Round-3"
"Inst_Name","Course_name","Cat_Name","Board","Type of
Institute","closing"
"INSTITUTE OF
INFRASTRUCTURE,TECHNOLOGY,RESEARCH
AND MANAGEMENT(IITRAM),AHMEDABAD","COMPUTER ENGINEERING","EWS","GUJCET Based","PVT","2751.00"
"INSTITUTE OF
INFRASTRUCTURE,TECHNOLOGY,RESEARCH
AND MANAGEMENT(IITRAM),AHMEDABAD","COMPUTER ENGINEERING","GEN","GUJCET Based","PVT","2373.00"
"INSTITUTE OF
INFRASTRUCTURE,TECHNOLOGY,RESEARCH
AND MANAGEMENT(IITRAM),AHMEDABAD","COMPUTER ENGINEERING","SC","GUJCET Based","PVT","8823.00"
"INSTITUTE OF
INFRASTRUCTURE,TECHNOLOGY,RESEARCH
AND MANAGEMENT(IITRAM),AHMEDABAD","COMPUTER ENGINEERING","SEBC","GUJCET Based","PVT","5118.00"
"INSTITUTE OF
INFRASTRUCTURE,TECHNOLOGY,RESEARCH
AND MANAGEMENT(IITRAM),AHMEDABAD","ELECTRICAL ENGINEERING","EWS","GUJCET Based","PVT","24047.00"
"INSTITUTE OF
INFRASTRUCTURE,TECHNOLOGY,RESEARCH
AND MANAGEMENT(IITRAM),AHMEDABAD","ELECTRICAL ENGINEERING","GEN","GUJCET Based","PVT","14945.00"
"INSTITUTE OF
INFRASTRUCTURE,TECHNOLOGY,RESEARCH
AND MANAGEMENT(IITRAM),AHMEDABAD","ELECTRICAL ENGINEERING","SEBC","GUJCET Based","PVT","28305.00"
"INSTITUTE OF
INFRASTRUCTURE,TECHNOLOGY,RESEARCH
AND MANAGEMENT(IITRAM),AHMEDABAD","ELECTRICAL ENGINEERING - TFWS","TFWS","GUJCET Based","PVT","9690.00"
"INSTITUTE OF
INFRASTRUCTURE,TECHNOLOGY,RESEARCH
AND MANAGEMENT(IITRAM),AHMEDABAD","MECHANICAL ENGINEERING","EWS","GUJCET Based","PVT","17471.00"
"INSTITUTE OF
INFRASTRUCTURE,TECHNOLOGY,RESEARCH
AND MANAGEMENT(IITRAM),AHMEDABAD","MECHANICAL ENGINEERING","GEN","GUJCET Based","PVT","14367.00"
"INSTITUTE OF
INFRASTRUCTURE,TECHNOLOGY,RESEARCH
AND MANAGEMENT(IITRAM),AHMEDABAD","MECHANICAL ENGINEERING","SEBC","GUJCET Based","PVT","26591.00"
"INSTITUTE OF
INFRASTRUCTURE,TECHNOLOGY,RESEARCH
AND MANAGEMENT(IITRAM),AHMEDABAD","MECHANICAL ENGINEERING -
TFWS","TFWS","GUJCET Based","PVT","8549.00"
"FACULTY OF TECHNOLOGY, CEPT
UNIVERSITY, AHMEDABAD","BACHELOR OF TECHNOLOGY
(HONS) IN CIVIL ENGINEERING
(BCE)","EWS","GUJCET Based","Self-Fin","19446.00"
"FACULTY OF TECHNOLOGY, CEPT
UNIVERSITY, AHMEDABAD","BACHELOR OF TECHNOLOGY
(HONS) IN CIVIL ENGINEERING
(BCE)","GEN","GUJCET Based","Self-Fin","14757.00"
"FACULTY OF TECHNOLOGY, CEPT
UNIVERSITY, AHMEDABAD","BACHELOR OF TECHNOLOGY
(HONS) IN CIVIL ENGINEERING
(BCE)","SEBC","GUJCET Based","Self-Fin","25760.00"
"A.D.PATEL INSTITUTE OF TECH.,KARAMSAD","ARTIFICIAL INTELLIGENCE AND
DATA SCIENCE","GEN","GUJCET Based","Self-Fin","50202.00"
"A.D.PATEL INSTITUTE OF TECH.,KARAMSAD","AUTOMOBILE ENGINEERING","GEN","GUJCET Based","Self-Fin","50055.00"
"A.D.PATEL INSTITUTE OF TECH.,KARAMSAD","CIVIL ENGINEERING","GEN","GUJCET Based","Self-Fin","36924.00"
"A.D.PATEL INSTITUTE OF TECH.,KARAMSAD","COMPUTER ENGINEERING","EWS","GUJCET Based","Self-Fin","24103.00"
"A.D.PATEL INSTITUTE OF TECH.,KARAMSAD","COMPUTER ENGINEERING","GEN","GUJCET Based","Self-Fin","19364.00"
"A.D.PATEL INSTITUTE OF TECH.,KARAMSAD","COMPUTER ENGINEERING","SC","GUJCET Based","Self-Fin","33253.00"
"A.D.PATEL INSTITUTE OF TECH.,KARAMSAD","COMPUTER ENGINEERING","SEBC","GUJCET Based","Self-Fin","34070.00"
"A.D.PATEL INSTITUTE OF TECH.,KARAMSAD","COMPUTER ENGINEERING - TFWS","TFWS","GUJCET Based","Self-Fin","6438.00"
"A.D.PATEL INSTITUTE OF TECH.,KARAMSAD","COMPUTER SCIENCE & DESIGN","GEN","GUJCET Based","Self-Fin","50618.00"
"A.D.PATEL INSTITUTE OF TECH.,KARAMSAD","COMPUTER SCIENCE & DESIGN -
TFW","TFWS","GUJCET Based","Self-Fin","10257.00"
"A.D.PATEL INSTITUTE OF TECH.,KARAMSAD","DAIRY TECHNOLOGY","GEN","GUJCET Based","Self-Fin","38093.00"
"Admission Committee for Professional Courses, Gujarat"
"First Year Degree Engineering : 2025-26"
"Institute Wise : Program Wise : Last Admitted Rank after Round-3"
"Inst_Name","Course_name","Cat_Name","Board","Type of
Institute","closing"
"A.D.PATEL INSTITUTE OF TECH.,KARAMSAD","ELECTRICAL ENGINEERING","GEN","GUJCET Based","Self-Fin","36772.00"
"A.D.PATEL INSTITUTE OF TECH.,KARAMSAD","ELECTRONICS &
COMMUNICATION ENGINEERING","EWS","GUJCET Based","Self-Fin","27131.00"
"A.D.PATEL INSTITUTE OF TECH.,KARAMSAD","ELECTRONICS &
COMMUNICATION ENGINEERING","GEN","GUJCET Based","Self-Fin","25091.00"
"A.D.PATEL INSTITUTE OF TECH.,KARAMSAD","ELECTRONICS &
COMMUNICATION ENGINEERING","SEBC","GUJCET Based","Self-Fin","32249.00"
"A.D.PATEL INSTITUTE OF TECH.,KARAMSAD","FOOD PROCESSING TECHNOLOGY","GEN","GUJCET Based","Self-Fin","29637.00"
"A.D.PATEL INSTITUTE OF TECH.,KARAMSAD","FOOD PROCESSING TECHNOLOGY -
TFWS","TFWS","GUJCET Based","Self-Fin","8670.00"
"A.D.PATEL INSTITUTE OF TECH.,KARAMSAD","INFORMATION TECHNOLOGY","GEN","GUJCET Based","Self-Fin","50653.00"
"A.D.PATEL INSTITUTE OF TECH.,KARAMSAD","MECHANICAL ENGINEERING","GEN","GUJCET Based","Self-Fin","50641.00"
"ADANI UNIVERSITY - FACULTY OF
ENGINEERING SCIENCES & TECHNOLOGY (AU-
FEST), AHMEDABAD","COMPUTER SCIENCE &
ENGINEERING (ARTIFICIAL
INTELLIGENCE AND MACHINE
LEARNING)","EWS","GUJCET Based","Self-Fin","6326.00"
"ADANI UNIVERSITY - FACULTY OF
ENGINEERING SCIENCES & TECHNOLOGY (AU-
FEST), AHMEDABAD","COMPUTER SCIENCE &
ENGINEERING (ARTIFICIAL
INTELLIGENCE AND MACHINE
LEARNING)","GEN","GUJCET Based","Self-Fin","5582.00"
"ADANI UNIVERSITY - FACULTY OF
ENGINEERING SCIENCES & TECHNOLOGY (AU-
FEST), AHMEDABAD","COMPUTER SCIENCE &
ENGINEERING (ARTIFICIAL
INTELLIGENCE AND MACHINE
LEARNING)","SC","GUJCET Based","Self-Fin","14605.00"
"ADANI UNIVERSITY - FACULTY OF
ENGINEERING SCIENCES & TECHNOLOGY (AU-
FEST), AHMEDABAD","COMPUTER SCIENCE &
ENGINEERING (ARTIFICIAL
INTELLIGENCE AND MACHINE
LEARNING)","SEBC","GUJCET Based","Self-Fin","10793.00"
"ADANI UNIVERSITY - FACULTY OF
ENGINEERING SCIENCES & TECHNOLOGY (AU-
FEST), AHMEDABAD","INFORMATION &
COMMUNICATION TECHNOLOGY","ESM","GUJCET Based","Self-Fin","23800.00"
"ADANI UNIVERSITY - FACULTY OF
ENGINEERING SCIENCES & TECHNOLOGY (AU-
FEST), AHMEDABAD","INFORMATION &
COMMUNICATION TECHNOLOGY","EWS","GUJCET Based","Self-Fin","8412.00"
"ADANI UNIVERSITY - FACULTY OF
ENGINEERING SCIENCES & TECHNOLOGY (AU-
FEST), AHMEDABAD","INFORMATION &
COMMUNICATION TECHNOLOGY","GEN","GUJCET Based","Self-Fin","7932.00"
"ADANI UNIVERSITY - FACULTY OF
ENGINEERING SCIENCES & TECHNOLOGY (AU-
FEST), AHMEDABAD","INFORMATION &
COMMUNICATION TECHNOLOGY","SC","GUJCET Based","Self-Fin","20497.00"
"ADANI UNIVERSITY - FACULTY OF
ENGINEERING SCIENCES & TECHNOLOGY (AU-
FEST), AHMEDABAD","INFORMATION &
COMMUNICATION TECHNOLOGY","SEBC","GUJCET Based","Self-Fin","15087.00"
"ADITYA SILVER OAK INSTITUTE OF
TECHNOLOGY (WITHIN LIMITS OF
AHMEDABAD MUNICIPAL CORPORATION)
AHMEDABAD","BIOTECHNOLOGY","GEN","GUJCET Based","Self-Fin","28975.00"
"ADITYA SILVER OAK INSTITUTE OF
TECHNOLOGY (WITHIN LIMITS OF
AHMEDABAD MUNICIPAL CORPORATION)
AHMEDABAD","CIVIL ENGINEERING","GEN","GUJCET Based","Self-Fin","25790.00"
"ADITYA SILVER OAK INSTITUTE OF
TECHNOLOGY (WITHIN LIMITS OF
AHMEDABAD MUNICIPAL CORPORATION)
AHMEDABAD","COMPUTER ENGINEERING","GEN","GUJCET Based","Self-Fin","33190.00"
"ADITYA SILVER OAK INSTITUTE OF
TECHNOLOGY (WITHIN LIMITS OF
AHMEDABAD MUNICIPAL CORPORATION)
AHMEDABAD","COMPUTER ENGINEERING - TFWS","TFWS","GUJCET Based","Self-Fin","20442.00"
"ADITYA SILVER OAK INSTITUTE OF
TECHNOLOGY (WITHIN LIMITS OF
AHMEDABAD MUNICIPAL CORPORATION)
AHMEDABAD","COMPUTER SCIENCE &
BIOSCIENCES","GEN","GUJCET Based","Self-Fin","20172.00"
"ADITYA SILVER OAK INSTITUTE OF
TECHNOLOGY (WITHIN LIMITS OF
AHMEDABAD MUNICIPAL CORPORATION)
AHMEDABAD","COMPUTER SCIENCE &
ENGINEERING","GEN","GUJCET Based","Self-Fin","38910.00"
"ADITYA SILVER OAK INSTITUTE OF
TECHNOLOGY (WITHIN LIMITS OF
AHMEDABAD MUNICIPAL CORPORATION)
AHMEDABAD","COMPUTER SCIENCE &
ENGINEERING - TFWS","TFWS","GUJCET Based","Self-Fin","20891.00"
"Admission Committee for Professional Courses, Gujarat"
"First Year Degree Engineering : 2025-26"
"Institute Wise : Program Wise : Last Admitted Rank after Round-3"
"Inst_Name","Course_name","Cat_Name","Board","Type of
Institute","closing"
"ADITYA SILVER OAK INSTITUTE OF
TECHNOLOGY (WITHIN LIMITS OF
AHMEDABAD MUNICIPAL CORPORATION)
AHMEDABAD","INFORMATION TECHNOLOGY","GEN","GUJCET Based","Self-Fin","37090.00"
"ADITYA SILVER OAK INSTITUTE OF
TECHNOLOGY (WITHIN LIMITS OF
AHMEDABAD MUNICIPAL CORPORATION)
AHMEDABAD","INFORMATION TECHNOLOGY -
TFWS","TFWS","GUJCET Based","Self-Fin","23466.00"
"AHMEDABAD INSTITUTE OF TECH,
AHMEDABAD","ARTIFICIAL INTELLIGENCE(AI) AND
MACHINE LEARNING","EWS","GUJCET Based","Self-Fin","22403.00"
"AHMEDABAD INSTITUTE OF TECH,
AHMEDABAD","ARTIFICIAL INTELLIGENCE(AI) AND
MACHINE LEARNING","GEN","GUJCET Based","Self-Fin","15114.00"
"AHMEDABAD INSTITUTE OF TECH,
AHMEDABAD","ARTIFICIAL INTELLIGENCE(AI) AND
MACHINE LEARNING","SC","GUJCET Based","Self-Fin","32266.00"
"AHMEDABAD INSTITUTE OF TECH,
AHMEDABAD","ARTIFICIAL INTELLIGENCE(AI) AND
MACHINE LEARNING","SEBC","GUJCET Based","Self-Fin","37540.00"
"AHMEDABAD INSTITUTE OF TECH,
AHMEDABAD","ARTIFICIAL INTELLIGENCE(AI) AND
MACHINE LEARNING - TFW","TFWS","GUJCET Based","Self-Fin","5946.00"
"AHMEDABAD INSTITUTE OF TECH,
AHMEDABAD","AUTOMOBILE ENGINEERING","GEN","GUJCET Based","Self-Fin","36087.00"
"AHMEDABAD INSTITUTE OF TECH,
AHMEDABAD","CIVIL ENGINEERING","GEN","GUJCET Based","Self-Fin","38760.00"
"AHMEDABAD INSTITUTE OF TECH,
AHMEDABAD","COMPUTER ENGINEERING","GEN","GUJCET Based","Self-Fin","50471.00"
"AHMEDABAD INSTITUTE OF TECH,
AHMEDABAD","COMPUTER ENGINEERING - TFWS","TFWS","GUJCET Based","Self-Fin","8522.00"
"AHMEDABAD INSTITUTE OF TECH,
AHMEDABAD","COMPUTER SCIENCE &
ENGINEERING (CYBER SECURITY)","EWS","GUJCET Based","Self-Fin","30557.00"
"AHMEDABAD INSTITUTE OF TECH,
AHMEDABAD","COMPUTER SCIENCE &
ENGINEERING (CYBER SECURITY)","GEN","GUJCET Based","Self-Fin","19000.00"
"AHMEDABAD INSTITUTE OF TECH,
AHMEDABAD","COMPUTER SCIENCE &
ENGINEERING (CYBER SECURITY)","SC","GUJCET Based","Self-Fin","33511.00"
"AHMEDABAD INSTITUTE OF TECH,
AHMEDABAD","COMPUTER SCIENCE &
ENGINEERING (CYBER SECURITY)","SEBC","GUJCET Based","Self-Fin","50414.00"
"AHMEDABAD INSTITUTE OF TECH,
AHMEDABAD","COMPUTER SCIENCE &
ENGINEERING (DATA SCIENCE)","EWS","GUJCET Based","Self-Fin","30627.00"
"AHMEDABAD INSTITUTE OF TECH,
AHMEDABAD","COMPUTER SCIENCE &
ENGINEERING (DATA SCIENCE)","GEN","GUJCET Based","Self-Fin","26727.00"
"AHMEDABAD INSTITUTE OF TECH,
AHMEDABAD","COMPUTER SCIENCE &
ENGINEERING (DATA SCIENCE)","SEBC","GUJCET Based","Self-Fin","50391.00"
"AHMEDABAD INSTITUTE OF TECH,
AHMEDABAD","ELECTRICAL ENGINEERING","GEN","GUJCET Based","Self-Fin","50626.00"
"AHMEDABAD INSTITUTE OF TECH,
AHMEDABAD","ELECTRONICS &
COMMUNICATION ENGINEERING","EWS","GUJCET Based","Self-Fin","14400.00"
"AHMEDABAD INSTITUTE OF TECH,
AHMEDABAD","ELECTRONICS &
COMMUNICATION ENGINEERING","GEN","GUJCET Based","Self-Fin","14249.00"
"AHMEDABAD INSTITUTE OF TECH,
AHMEDABAD","ELECTRONICS &
COMMUNICATION ENGINEERING","SEBC","GUJCET Based","Self-Fin","37396.00"
"AHMEDABAD INSTITUTE OF TECH,
AHMEDABAD","ELECTRONICS &
COMMUNICATION ENGINEERING -
TFWS","TFWS","GUJCET Based","Self-Fin","9782.00"
"AHMEDABAD INSTITUTE OF TECH,
AHMEDABAD","INFORMATION TECHNOLOGY","GEN","GUJCET Based","Self-Fin","50339.00"
"AHMEDABAD INSTITUTE OF TECH,
AHMEDABAD","MECHANICAL ENGINEERING","GEN","GUJCET Based","Self-Fin","36261.00"
"AHMEDABAD UNIVERSITY, AHMEDABAD","CHEMICAL AND ENVIRONMENTAL
ENGINEERING","GEN","GUJCET Based","Self-Fin","17590.00"
"AHMEDABAD UNIVERSITY, AHMEDABAD","CHEMICAL AND ENVIRONMENTAL
ENGINEERING","SEBC","GUJCET Based","Self-Fin","30676.00"
"AHMEDABAD UNIVERSITY, AHMEDABAD","COMPUTER SCIENCE &
ENGINEERING","EWS","GUJCET Based","Self-Fin","5223.00"
"AHMEDABAD UNIVERSITY, AHMEDABAD","COMPUTER SCIENCE &
ENGINEERING","GEN","GUJCET Based","Self-Fin","3886.00"
"AHMEDABAD UNIVERSITY, AHMEDABAD","COMPUTER SCIENCE &
ENGINEERING","SC","GUJCET Based","Self-Fin","10466.00"
"AHMEDABAD UNIVERSITY, AHMEDABAD","COMPUTER SCIENCE &
ENGINEERING","SEBC","GUJCET Based","Self-Fin","11880.00"
"Admission Committee for Professional Courses, Gujarat"
"First Year Degree Engineering : 2025-26"
"Institute Wise : Program Wise : Last Admitted Rank after Round-3"
"Inst_Name","Course_name","Cat_Name","Board","Type of
Institute","closing"
"AHMEDABAD UNIVERSITY, AHMEDABAD","COMPUTER SCIENCE &
ENGINEERING - TFWS","TFWS","GUJCET Based","Self-Fin","1381.00"
"AHMEDABAD UNIVERSITY, AHMEDABAD","ELECTRICAL AND ELECTRONICS
ENGINEERING","GEN","GUJCET Based","Self-Fin","5123.00"
"AHMEDABAD UNIVERSITY, AHMEDABAD","ELECTRICAL AND ELECTRONICS
ENGINEERING","SEBC","GUJCET Based","Self-Fin","17309.00"
"AHMEDABAD UNIVERSITY, AHMEDABAD","MECHANICAL ENGINEERING","EWS","GUJCET Based","Self-Fin","10374.00"
"AHMEDABAD UNIVERSITY, AHMEDABAD","MECHANICAL ENGINEERING","GEN","GUJCET Based","Self-Fin","8756.00"
"AHMEDABAD UNIVERSITY, AHMEDABAD","MECHANICAL ENGINEERING","SEBC","GUJCET Based","Self-Fin","22141.00"
"ANANT SCHOOL FOR CLIMATE ACTION,
AHMEDABAD","CLIMATE CHANGE","GEN","GUJCET Based","Self-Fin","36105.00"
"APOLLO INSTITUTE OF ENGINEERING &
TECHNOLOGY AHMEDABAD","ARTIFICIAL INTELLIGENCE AND
DATA SCIENCE","GEN","GUJCET Based","Self-Fin","37101.00"
"APOLLO INSTITUTE OF ENGINEERING &
TECHNOLOGY AHMEDABAD","ARTIFICIAL INTELLIGENCE AND
DATA SCIENCE - TFWS","TFWS","GUJCET Based","Self-Fin","11358.00"
"APOLLO INSTITUTE OF ENGINEERING &
TECHNOLOGY AHMEDABAD","COMPUTER ENGINEERING","GEN","GUJCET Based","Self-Fin","50766.00"
"APOLLO INSTITUTE OF ENGINEERING &
TECHNOLOGY AHMEDABAD","INFORMATION TECHNOLOGY","GEN","GUJCET Based","Self-Fin","37160.00"
"APOLLO INSTITUTE OF ENGINEERING &
TECHNOLOGY AHMEDABAD","MECHANICAL ENGINEERING","GEN","GUJCET Based","Self-Fin","36251.00"
"ARRDEKTA INST. OF TECHNOLOGY,
KHEDBRAHMA, SABARKANTHA","COMPUTER ENGINEERING","GEN","GUJCET Based","Self-Fin","37102.00"
"ARRDEKTA INST. OF TECHNOLOGY,
KHEDBRAHMA, SABARKANTHA","INFORMATION TECHNOLOGY","GEN","GUJCET Based","Self-Fin","38513.00"
"Asha M. Tarsadia Institute of Computer
Science & Technology, Maliba Campus,
Bardoli","COMPUTER ENGINEERING","GEN","GUJCET Based","Self-Fin","50452.00"
"Asha M. Tarsadia Institute of Computer
Science & Technology, Maliba Campus,
Bardoli","COMPUTER SCIENCE &
BIOSCIENCES","GEN","GUJCET Based","Self-Fin","50192.00"
"Asha M. Tarsadia Institute of Computer
Science & Technology, Maliba Campus,
Bardoli","COMPUTER SCIENCE &
BIOSCIENCES - TFW","TFWS","GUJCET Based","Self-Fin","7184.00"
"Asha M. Tarsadia Institute of Computer
Science & Technology, Maliba Campus,
Bardoli","COMPUTER SCIENCE &
ENGINEERING","GEN","GUJCET Based","Self-Fin","37678.00"
"Asha M. Tarsadia Institute of Computer
Science & Technology, Maliba Campus,
Bardoli","COMPUTER SCIENCE &
ENGINEERING - TFWS","TFWS","GUJCET Based","Self-Fin","15335.00"
"Asha M. Tarsadia Institute of Computer
Science & Technology, Maliba Campus,
Bardoli","COMPUTER SCIENCE &
ENGINEERING (ARTIFICIAL
INTELLIGENCE AND MACHINE
LEARNING)","GEN","GUJCET Based","Self-Fin","36574.00"
"Asha M. Tarsadia Institute of Computer
Science & Technology, Maliba Campus,
Bardoli","COMPUTER SCIENCE &
ENGINEERING (CLOUD
COMPUTING)","GEN","GUJCET Based","Self-Fin","34153.00"
"Asha M. Tarsadia Institute of Computer
Science & Technology, Maliba Campus,
Bardoli","COMPUTER SCIENCE &
ENGINEERING (CLOUD
COMPUTING) - TFW","TFWS","GUJCET Based","Self-Fin","13704.00"
"Asha M. Tarsadia Institute of Computer
Science & Technology, Maliba Campus,
Bardoli","COMPUTER SCIENCE &
ENGINEERING (CYBER SECURITY)","GEN","GUJCET Based","Self-Fin","16430.00"
"Asha M. Tarsadia Institute of Computer
Science & Technology, Maliba Campus,
Bardoli","INFORMATION TECHNOLOGY","GEN","GUJCET Based","Self-Fin","29009.00"
"ATMIYA UNIVERSITY, FACULTY OF
ENGINEERING AND TECHNOLOGY, RAJKOT","CIVIL ENGINEERING","GEN","GUJCET Based","Self-Fin","38988.00"
"ATMIYA UNIVERSITY, FACULTY OF
ENGINEERING AND TECHNOLOGY, RAJKOT","COMPUTER ENGINEERING","GEN","GUJCET Based","Self-Fin","37666.00"
"ATMIYA UNIVERSITY, FACULTY OF
ENGINEERING AND TECHNOLOGY, RAJKOT","COMPUTER ENGINEERING - TFWS","TFWS","GUJCET Based","Self-Fin","18010.00"
"ATMIYA UNIVERSITY, FACULTY OF
ENGINEERING AND TECHNOLOGY, RAJKOT","COMPUTER SCIENCE &
ENGINEERING","GEN","GUJCET Based","Self-Fin","38058.00"
"ATMIYA UNIVERSITY, FACULTY OF
ENGINEERING AND TECHNOLOGY, RAJKOT","COMPUTER SCIENCE &
ENGINEERING - TFWS","TFWS","GUJCET Based","Self-Fin","14904.00"
"ATMIYA UNIVERSITY, FACULTY OF
ENGINEERING AND TECHNOLOGY, RAJKOT","COMPUTER SCIENCE &
ENGINEERING (ARTIFICIAL
INTELLIGENCE AND MACHINE
LEARNING)","GEN","GUJCET Based","Self-Fin","32189.00"
"ATMIYA UNIVERSITY, FACULTY OF
ENGINEERING AND TECHNOLOGY, RAJKOT","COMPUTER SCIENCE &
ENGINEERING (ARTIFICIAL
INTELLIGENCE AND MACHINE
LEARNING) - TFWS","TFWS","GUJCET Based","Self-Fin","17782.00"
"Admission Committee for Professional Courses, Gujarat"
"First Year Degree Engineering : 2025-26"
"Institute Wise : Program Wise : Last Admitted Rank after Round-3"
"Inst_Name","Course_name","Cat_Name","Board","Type of
Institute","closing"
"ATMIYA UNIVERSITY, FACULTY OF
ENGINEERING AND TECHNOLOGY, RAJKOT","ELECTRICAL ENGINEERING","GEN","GUJCET Based","Self-Fin","22556.00"
"ATMIYA UNIVERSITY, FACULTY OF
ENGINEERING AND TECHNOLOGY, RAJKOT","ELECTRONICS &
COMMUNICATION ENGINEERING","GEN","GUJCET Based","Self-Fin","37536.00"
"ATMIYA UNIVERSITY, FACULTY OF
ENGINEERING AND TECHNOLOGY, RAJKOT","ELECTRONICS &
COMMUNICATION ENGINEERING -
TFWS","TFWS","GUJCET Based","Self-Fin","14710.00"
"ATMIYA UNIVERSITY, FACULTY OF
ENGINEERING AND TECHNOLOGY, RAJKOT","MECHANICAL ENGINEERING","GEN","GUJCET Based","Self-Fin","14988.00"
"B.H.GARDI COLLEGE OF ENGG. &
TECHNOLOGY , RAJKOT","CIVIL ENGINEERING","GEN","GUJCET Based","Self-Fin","23938.00"
"B.H.GARDI COLLEGE OF ENGG. &
TECHNOLOGY , RAJKOT","COMPUTER ENGINEERING","GEN","GUJCET Based","Self-Fin","34908.00"
"B.H.GARDI COLLEGE OF ENGG. &
TECHNOLOGY , RAJKOT","COMPUTER SCIENCE &
ENGINEERING","GEN","GUJCET Based","Self-Fin","50128.00"
"BHAGWAN ARIHANT INSTITUTE OF TECH.,
SURAT","COMPUTER ENGINEERING","GEN","GUJCET Based","Self-Fin","38785.00"
"BHAGWAN ARIHANT INSTITUTE OF TECH.,
SURAT","INFORMATION TECHNOLOGY","GEN","GUJCET Based","Self-Fin","37299.00"
"BHAGWAN ARIHANT INSTITUTE OF TECH.,
SURAT","PHARMACEUTICAL ENGINEERING","GEN","GUJCET Based","Self-Fin","50226.00"
"BHAGWAN ARIHANT INSTITUTE OF TECH.,
SURAT","ROBOTICS AND AUTOMATION","GEN","GUJCET Based","Self-Fin","12816.00"
"BHAGWAN MAHAVIR COLLEGE OF ENGG.
AND TECH., SURAT","COMPUTER SCIENCE &
ENGINEERING","GEN","GUJCET Based","Self-Fin","36179.00"
"BHAGWAN MAHAVIR COLLEGE OF ENGG.
AND TECH., SURAT","COMPUTER SCIENCE &
ENGINEERING (ARTIFICIAL
INTELLIGENCE AND MACHINE
LEARNING)","GEN","GUJCET Based","Self-Fin","36219.00"
"BHAGWAN MAHAVIR COLLEGE OF ENGG.
AND TECH., SURAT","COMPUTER SCIENCE &
ENGINEERING (DATA SCIENCE)","GEN","GUJCET Based","Self-Fin","38080.00"
"BHAGWAN MAHAVIR COLLEGE OF ENGG.
AND TECH., SURAT","ELECTRONICS &
COMMUNICATION ENGINEERING","GEN","GUJCET Based","Self-Fin","50543.00"
"BHAGWAN MAHAVIR COLLEGE OF ENGG.
AND TECH., SURAT","MECHANICAL ENGINEERING","GEN","GUJCET Based","Self-Fin","28815.00"
"BIRLA VISHVAKARMA MAHA VIDHYLAYA(SFI),
V.V.NAGAR","COMPUTER ENGINEERING","EWS","GUJCET Based","Self-Fin","3220.00"
"BIRLA VISHVAKARMA MAHA VIDHYLAYA(SFI),
V.V.NAGAR","COMPUTER ENGINEERING","GEN","GUJCET Based","Self-Fin","2962.00"
"BIRLA VISHVAKARMA MAHA VIDHYLAYA(SFI),
V.V.NAGAR","COMPUTER ENGINEERING","SC","GUJCET Based","Self-Fin","17690.00"
"BIRLA VISHVAKARMA MAHA VIDHYLAYA(SFI),
V.V.NAGAR","COMPUTER ENGINEERING","SEBC","GUJCET Based","Self-Fin","5364.00"
"BIRLA VISHVAKARMA MAHA VIDHYLAYA(SFI),
V.V.NAGAR","COMPUTER ENGINEERING","ST","GUJCET Based","Self-Fin","37322.00"
"BIRLA VISHVAKARMA MAHA VIDHYLAYA(SFI),
V.V.NAGAR","ELECTRONICS &
COMMUNICATION ENGINEERING","ESM","GUJCET Based","Self-Fin","7640.00"
"BIRLA VISHVAKARMA MAHA VIDHYLAYA(SFI),
V.V.NAGAR","ELECTRONICS &
COMMUNICATION ENGINEERING","EWS","GUJCET Based","Self-Fin","7650.00"
"BIRLA VISHVAKARMA MAHA VIDHYLAYA(SFI),
V.V.NAGAR","ELECTRONICS &
COMMUNICATION ENGINEERING","GEN","GUJCET Based","Self-Fin","6669.00"
"BIRLA VISHVAKARMA MAHA VIDHYLAYA(SFI),
V.V.NAGAR","ELECTRONICS &
COMMUNICATION ENGINEERING","SC","GUJCET Based","Self-Fin","33920.00"
"BIRLA VISHVAKARMA MAHA VIDHYLAYA(SFI),
V.V.NAGAR","ELECTRONICS &
COMMUNICATION ENGINEERING","SEBC","GUJCET Based","Self-Fin","17071.00"
"BIRLA VISHVAKARMA MAHA VIDHYLAYA(SFI),
V.V.NAGAR","ELECTRONICS &
COMMUNICATION ENGINEERING -
TFWS","TFWS","GUJCET Based","Self-Fin","3428.00"
"BIRLA VISHVAKARMA MAHA VIDHYLAYA(SFI),
V.V.NAGAR","INFORMATION TECHNOLOGY","EWS","GUJCET Based","Self-Fin","5076.00"
"BIRLA VISHVAKARMA MAHA VIDHYLAYA(SFI),
V.V.NAGAR","INFORMATION TECHNOLOGY","GEN","GUJCET Based","Self-Fin","4795.00"
"BIRLA VISHVAKARMA MAHA VIDHYLAYA(SFI),
V.V.NAGAR","INFORMATION TECHNOLOGY","SC","GUJCET Based","Self-Fin","18348.00"
"BIRLA VISHVAKARMA MAHA VIDHYLAYA(SFI),
V.V.NAGAR","INFORMATION TECHNOLOGY","SEBC","GUJCET Based","Self-Fin","9073.00"
"BIRLA VISHVAKARMA MAHA VIDHYLAYA(SFI),
V.V.NAGAR","MECHANICAL ENGINEERING","EWS","GUJCET Based","Self-Fin","15012.00"
"BIRLA VISHVAKARMA MAHA VIDHYLAYA(SFI),
V.V.NAGAR","MECHANICAL ENGINEERING","GEN","GUJCET Based","Self-Fin","13315.00"
"Admission Committee for Professional Courses, Gujarat"
"First Year Degree Engineering : 2025-26"
"Institute Wise : Program Wise : Last Admitted Rank after Round-3"
"Inst_Name","Course_name","Cat_Name","Board","Type of
Institute","closing"
"BIRLA VISHVAKARMA MAHA VIDHYLAYA(SFI),
V.V.NAGAR","MECHANICAL ENGINEERING","SEBC","GUJCET Based","Self-Fin","21447.00"
"C. K. PITHAWALA COLLEGE OF ENGG. &
TECH., SURAT","CIVIL ENGINEERING","GEN","GUJCET Based","Self-Fin","50829.00"
"C. K. PITHAWALA COLLEGE OF ENGG. &
TECH., SURAT","COMPUTER ENGINEERING","EWS","GUJCET Based","Self-Fin","29221.00"
"C. K. PITHAWALA COLLEGE OF ENGG. &
TECH., SURAT","COMPUTER ENGINEERING","GEN","GUJCET Based","Self-Fin","22168.00"
"C. K. PITHAWALA COLLEGE OF ENGG. &
TECH., SURAT","COMPUTER ENGINEERING","SEBC","GUJCET Based","Self-Fin","29020.00"
"C. K. PITHAWALA COLLEGE OF ENGG. &
TECH., SURAT","ELECTRICAL ENGINEERING","GEN","GUJCET Based","Self-Fin","39074.00"
"C. K. PITHAWALA COLLEGE OF ENGG. &
TECH., SURAT","INFORMATION TECHNOLOGY","EWS","GUJCET Based","Self-Fin","31457.00"
"C. K. PITHAWALA COLLEGE OF ENGG. &
TECH., SURAT","INFORMATION TECHNOLOGY","GEN","GUJCET Based","Self-Fin","29381.00"
"C. K. PITHAWALA COLLEGE OF ENGG. &
TECH., SURAT","INFORMATION TECHNOLOGY","SEBC","GUJCET Based","Self-Fin","35718.00"
"C. K. PITHAWALA COLLEGE OF ENGG. &
TECH., SURAT","INFORMATION TECHNOLOGY -
TFWS","TFWS","GUJCET Based","Self-Fin","9365.00"
"C. K. PITHAWALA COLLEGE OF ENGG. &
TECH., SURAT","MECHANICAL ENGINEERING","GEN","GUJCET Based","Self-Fin","36496.00"
"C.U.SHAH COLLEGE OF ENGG.&
TECH.,WADHVAN","COMPUTER ENGINEERING","GEN","GUJCET Based","Self-Fin","15794.00"
"CENTRAL INSTITUTE OF PETROCHEMICALS
ENGINEERING & TECHNOLOGY","PLASTIC ENGINEERING","GEN","GUJCET Based","Self-Fin","16447.00"
"CHAROTAR UNIVERSITY OF SCIENCE &
TECHNOLOGY (CHARUSAT) - CHANDUBHAI S
PATEL INSTITUTE OF TECHNOLOGY (CSPIT),
CHANGA","ARTIFICIAL INTELLIGENCE(AI) AND
MACHINE LEARNING","EWS","GUJCET Based","Self-Fin","4523.00"
"CHAROTAR UNIVERSITY OF SCIENCE &
TECHNOLOGY (CHARUSAT) - CHANDUBHAI S
PATEL INSTITUTE OF TECHNOLOGY (CSPIT),
CHANGA","ARTIFICIAL INTELLIGENCE(AI) AND
MACHINE LEARNING","GEN","GUJCET Based","Self-Fin","4363.00"
"CHAROTAR UNIVERSITY OF SCIENCE &
TECHNOLOGY (CHARUSAT) - CHANDUBHAI S
PATEL INSTITUTE OF TECHNOLOGY (CSPIT),
CHANGA","ARTIFICIAL INTELLIGENCE(AI) AND
MACHINE LEARNING","SC","GUJCET Based","Self-Fin","26162.00"
"CHAROTAR UNIVERSITY OF SCIENCE &
TECHNOLOGY (CHARUSAT) - CHANDUBHAI S
PATEL INSTITUTE OF TECHNOLOGY (CSPIT),
CHANGA","ARTIFICIAL INTELLIGENCE(AI) AND
MACHINE LEARNING","SEBC","GUJCET Based","Self-Fin","11262.00"
"CHAROTAR UNIVERSITY OF SCIENCE &
TECHNOLOGY (CHARUSAT) - CHANDUBHAI S
PATEL INSTITUTE OF TECHNOLOGY (CSPIT),
CHANGA","CIVIL ENGINEERING","EWS","GUJCET Based","Self-Fin","22776.00"
"CHAROTAR UNIVERSITY OF SCIENCE &
TECHNOLOGY (CHARUSAT) - CHANDUBHAI S
PATEL INSTITUTE OF TECHNOLOGY (CSPIT),
CHANGA","CIVIL ENGINEERING","GEN","GUJCET Based","Self-Fin","22052.00"
"CHAROTAR UNIVERSITY OF SCIENCE &
TECHNOLOGY (CHARUSAT) - CHANDUBHAI S
PATEL INSTITUTE OF TECHNOLOGY (CSPIT),
CHANGA","CIVIL ENGINEERING","SEBC","GUJCET Based","Self-Fin","38818.00"
"CHAROTAR UNIVERSITY OF SCIENCE &
TECHNOLOGY (CHARUSAT) - CHANDUBHAI S
PATEL INSTITUTE OF TECHNOLOGY (CSPIT),
CHANGA","CIVIL ENGINEERING - TFWS","TFWS","GUJCET Based","Self-Fin","12206.00"
"CHAROTAR UNIVERSITY OF SCIENCE &
TECHNOLOGY (CHARUSAT) - CHANDUBHAI S
PATEL INSTITUTE OF TECHNOLOGY (CSPIT),
CHANGA","COMPUTER ENGINEERING","EWS","GUJCET Based","Self-Fin","4093.00"
"CHAROTAR UNIVERSITY OF SCIENCE &
TECHNOLOGY (CHARUSAT) - CHANDUBHAI S
PATEL INSTITUTE OF TECHNOLOGY (CSPIT),
CHANGA","COMPUTER ENGINEERING","GEN","GUJCET Based","Self-Fin","3514.00"
"CHAROTAR UNIVERSITY OF SCIENCE &
TECHNOLOGY (CHARUSAT) - CHANDUBHAI S
PATEL INSTITUTE OF TECHNOLOGY (CSPIT),
CHANGA","COMPUTER ENGINEERING","SC","GUJCET Based","Self-Fin","22879.00"
"CHAROTAR UNIVERSITY OF SCIENCE &
TECHNOLOGY (CHARUSAT) - CHANDUBHAI S
PATEL INSTITUTE OF TECHNOLOGY (CSPIT),
CHANGA","COMPUTER ENGINEERING","SEBC","GUJCET Based","Self-Fin","6121.00"
"CHAROTAR UNIVERSITY OF SCIENCE &
TECHNOLOGY (CHARUSAT) - CHANDUBHAI S
PATEL INSTITUTE OF TECHNOLOGY (CSPIT),
CHANGA","COMPUTER SCIENCE &
ENGINEERING","EWS","GUJCET Based","Self-Fin","2802.00"
"Admission Committee for Professional Courses, Gujarat"
"First Year Degree Engineering : 2025-26"
"Institute Wise : Program Wise : Last Admitted Rank after Round-3"
"Inst_Name","Course_name","Cat_Name","Board","Type of
Institute","closing"
"CHAROTAR UNIVERSITY OF SCIENCE &
TECHNOLOGY (CHARUSAT) - CHANDUBHAI S
PATEL INSTITUTE OF TECHNOLOGY (CSPIT),
CHANGA","COMPUTER SCIENCE &
ENGINEERING","GEN","GUJCET Based","Self-Fin","2491.00"
"CHAROTAR UNIVERSITY OF SCIENCE &
TECHNOLOGY (CHARUSAT) - CHANDUBHAI S
PATEL INSTITUTE OF TECHNOLOGY (CSPIT),
CHANGA","COMPUTER SCIENCE &
ENGINEERING","SC","GUJCET Based","Self-Fin","15355.00"
"CHAROTAR UNIVERSITY OF SCIENCE &
TECHNOLOGY (CHARUSAT) - CHANDUBHAI S
PATEL INSTITUTE OF TECHNOLOGY (CSPIT),
CHANGA","COMPUTER SCIENCE &
ENGINEERING","SEBC","GUJCET Based","Self-Fin","4819.00"
"CHAROTAR UNIVERSITY OF SCIENCE &
TECHNOLOGY (CHARUSAT) - CHANDUBHAI S
PATEL INSTITUTE OF TECHNOLOGY (CSPIT),
CHANGA","ELECTRICAL ENGINEERING","EWS","GUJCET Based","Self-Fin","15460.00"
"CHAROTAR UNIVERSITY OF SCIENCE &
TECHNOLOGY (CHARUSAT) - CHANDUBHAI S
PATEL INSTITUTE OF TECHNOLOGY (CSPIT),
CHANGA","ELECTRICAL ENGINEERING","GEN","GUJCET Based","Self-Fin","13821.00"
"CHAROTAR UNIVERSITY OF SCIENCE &
TECHNOLOGY (CHARUSAT) - CHANDUBHAI S
PATEL INSTITUTE OF TECHNOLOGY (CSPIT),
CHANGA","ELECTRICAL ENGINEERING","SC","GUJCET Based","Self-Fin","33042.00"
"CHAROTAR UNIVERSITY OF SCIENCE &
TECHNOLOGY (CHARUSAT) - CHANDUBHAI S
PATEL INSTITUTE OF TECHNOLOGY (CSPIT),
CHANGA","ELECTRICAL ENGINEERING","SEBC","GUJCET Based","Self-Fin","28367.00"
"CHAROTAR UNIVERSITY OF SCIENCE &
TECHNOLOGY (CHARUSAT) - CHANDUBHAI S
PATEL INSTITUTE OF TECHNOLOGY (CSPIT),
CHANGA","ELECTRICAL ENGINEERING - TFWS","TFWS","GUJCET Based","Self-Fin","8592.00"
"CHAROTAR UNIVERSITY OF SCIENCE &
TECHNOLOGY (CHARUSAT) - CHANDUBHAI S
PATEL INSTITUTE OF TECHNOLOGY (CSPIT),
CHANGA","ELECTRONICS &
COMMUNICATION ENGINEERING","EWS","GUJCET Based","Self-Fin","9462.00"
"CHAROTAR UNIVERSITY OF SCIENCE &
TECHNOLOGY (CHARUSAT) - CHANDUBHAI S
PATEL INSTITUTE OF TECHNOLOGY (CSPIT),
CHANGA","ELECTRONICS &
COMMUNICATION ENGINEERING","GEN","GUJCET Based","Self-Fin","7559.00"
"CHAROTAR UNIVERSITY OF SCIENCE &
TECHNOLOGY (CHARUSAT) - CHANDUBHAI S
PATEL INSTITUTE OF TECHNOLOGY (CSPIT),
CHANGA","ELECTRONICS &
COMMUNICATION ENGINEERING","SC","GUJCET Based","Self-Fin","26230.00"
"CHAROTAR UNIVERSITY OF SCIENCE &
TECHNOLOGY (CHARUSAT) - CHANDUBHAI S
PATEL INSTITUTE OF TECHNOLOGY (CSPIT),
CHANGA","ELECTRONICS &
COMMUNICATION ENGINEERING","SEBC","GUJCET Based","Self-Fin","17184.00"
"CHAROTAR UNIVERSITY OF SCIENCE &
TECHNOLOGY (CHARUSAT) - CHANDUBHAI S
PATEL INSTITUTE OF TECHNOLOGY (CSPIT),
CHANGA","INFORMATION TECHNOLOGY","EWS","GUJCET Based","Self-Fin","6172.00"
"CHAROTAR UNIVERSITY OF SCIENCE &
TECHNOLOGY (CHARUSAT) - CHANDUBHAI S
PATEL INSTITUTE OF TECHNOLOGY (CSPIT),
CHANGA","INFORMATION TECHNOLOGY","GEN","GUJCET Based","Self-Fin","5879.00"
"CHAROTAR UNIVERSITY OF SCIENCE &
TECHNOLOGY (CHARUSAT) - CHANDUBHAI S
PATEL INSTITUTE OF TECHNOLOGY (CSPIT),
CHANGA","INFORMATION TECHNOLOGY","SEBC","GUJCET Based","Self-Fin","9054.00"
"CHAROTAR UNIVERSITY OF SCIENCE &
TECHNOLOGY (CHARUSAT) - CHANDUBHAI S
PATEL INSTITUTE OF TECHNOLOGY (CSPIT),
CHANGA","MECHANICAL ENGINEERING","EWS","GUJCET Based","Self-Fin","16938.00"
"CHAROTAR UNIVERSITY OF SCIENCE &
TECHNOLOGY (CHARUSAT) - CHANDUBHAI S
PATEL INSTITUTE OF TECHNOLOGY (CSPIT),
CHANGA","MECHANICAL ENGINEERING","GEN","GUJCET Based","Self-Fin","15733.00"
"CHAROTAR UNIVERSITY OF SCIENCE &
TECHNOLOGY (CHARUSAT) - CHANDUBHAI S
PATEL INSTITUTE OF TECHNOLOGY (CSPIT),
CHANGA","MECHANICAL ENGINEERING","SC","GUJCET Based","Self-Fin","25747.00"
"CHAROTAR UNIVERSITY OF SCIENCE &
TECHNOLOGY (CHARUSAT) - CHANDUBHAI S
PATEL INSTITUTE OF TECHNOLOGY (CSPIT),
CHANGA","MECHANICAL ENGINEERING","SEBC","GUJCET Based","Self-Fin","24124.00"
"CHAROTAR UNIVERSITY OF SCIENCE &
TECHNOLOGY (CHARUSAT) - CHANDUBHAI S
PATEL INSTITUTE OF TECHNOLOGY (CSPIT),
CHANGA","MECHANICAL ENGINEERING -
TFWS","TFWS","GUJCET Based","Self-Fin","7102.00"
"Admission Committee for Professional Courses, Gujarat"
"First Year Degree Engineering : 2025-26"
"Institute Wise : Program Wise : Last Admitted Rank after Round-3"
"Inst_Name","Course_name","Cat_Name","Board","Type of
Institute","closing"
"CHAROTAR UNIVERSITY OF SCIENCE &
TECHNOLOGY (CHARUSAT) - DEVANG PATEL
INSTITUTE OF ADVANCE TECHNOLOGY AND
RESEARCH (DEPSTAR), CHANGA","COMPUTER ENGINEERING","EWS","GUJCET Based","Self-Fin","6582.00"
"CHAROTAR UNIVERSITY OF SCIENCE &
TECHNOLOGY (CHARUSAT) - DEVANG PATEL
INSTITUTE OF ADVANCE TECHNOLOGY AND
RESEARCH (DEPSTAR), CHANGA","COMPUTER ENGINEERING","GEN","GUJCET Based","Self-Fin","6305.00"
"CHAROTAR UNIVERSITY OF SCIENCE &
TECHNOLOGY (CHARUSAT) - DEVANG PATEL
INSTITUTE OF ADVANCE TECHNOLOGY AND
RESEARCH (DEPSTAR), CHANGA","COMPUTER ENGINEERING","SC","GUJCET Based","Self-Fin","25891.00"
"CHAROTAR UNIVERSITY OF SCIENCE &
TECHNOLOGY (CHARUSAT) - DEVANG PATEL
INSTITUTE OF ADVANCE TECHNOLOGY AND
RESEARCH (DEPSTAR), CHANGA","COMPUTER ENGINEERING","SEBC","GUJCET Based","Self-Fin","9491.00"
"CHAROTAR UNIVERSITY OF SCIENCE &
TECHNOLOGY (CHARUSAT) - DEVANG PATEL
INSTITUTE OF ADVANCE TECHNOLOGY AND
RESEARCH (DEPSTAR), CHANGA","COMPUTER ENGINEERING - TFWS","TFWS","GUJCET Based","Self-Fin","1515.00"
"CHAROTAR UNIVERSITY OF SCIENCE &
TECHNOLOGY (CHARUSAT) - DEVANG PATEL
INSTITUTE OF ADVANCE TECHNOLOGY AND
RESEARCH (DEPSTAR), CHANGA","COMPUTER SCIENCE &
ENGINEERING","EWS","GUJCET Based","Self-Fin","5373.00"
"CHAROTAR UNIVERSITY OF SCIENCE &
TECHNOLOGY (CHARUSAT) - DEVANG PATEL
INSTITUTE OF ADVANCE TECHNOLOGY AND
RESEARCH (DEPSTAR), CHANGA","COMPUTER SCIENCE &
ENGINEERING","GEN","GUJCET Based","Self-Fin","4502.00"
"CHAROTAR UNIVERSITY OF SCIENCE &
TECHNOLOGY (CHARUSAT) - DEVANG PATEL
INSTITUTE OF ADVANCE TECHNOLOGY AND
RESEARCH (DEPSTAR), CHANGA","COMPUTER SCIENCE &
ENGINEERING","SC","GUJCET Based","Self-Fin","19393.00"
"CHAROTAR UNIVERSITY OF SCIENCE &
TECHNOLOGY (CHARUSAT) - DEVANG PATEL
INSTITUTE OF ADVANCE TECHNOLOGY AND
RESEARCH (DEPSTAR), CHANGA","COMPUTER SCIENCE &
ENGINEERING","SEBC","GUJCET Based","Self-Fin","7617.00"
"CHAROTAR UNIVERSITY OF SCIENCE &
TECHNOLOGY (CHARUSAT) - DEVANG PATEL
INSTITUTE OF ADVANCE TECHNOLOGY AND
RESEARCH (DEPSTAR), CHANGA","COMPUTER SCIENCE &
ENGINEERING - TFWS","TFWS","GUJCET Based","Self-Fin","1363.00"
"CHAROTAR UNIVERSITY OF SCIENCE &
TECHNOLOGY (CHARUSAT) - DEVANG PATEL
INSTITUTE OF ADVANCE TECHNOLOGY AND
RESEARCH (DEPSTAR), CHANGA","INFORMATION TECHNOLOGY","ESM","GUJCET Based","Self-Fin","22123.00"
"CHAROTAR UNIVERSITY OF SCIENCE &
TECHNOLOGY (CHARUSAT) - DEVANG PATEL
INSTITUTE OF ADVANCE TECHNOLOGY AND
RESEARCH (DEPSTAR), CHANGA","INFORMATION TECHNOLOGY","EWS","GUJCET Based","Self-Fin","7416.00"
"CHAROTAR UNIVERSITY OF SCIENCE &
TECHNOLOGY (CHARUSAT) - DEVANG PATEL
INSTITUTE OF ADVANCE TECHNOLOGY AND
RESEARCH (DEPSTAR), CHANGA","INFORMATION TECHNOLOGY","GEN","GUJCET Based","Self-Fin","7145.00"
"CHAROTAR UNIVERSITY OF SCIENCE &
TECHNOLOGY (CHARUSAT) - DEVANG PATEL
INSTITUTE OF ADVANCE TECHNOLOGY AND
RESEARCH (DEPSTAR), CHANGA","INFORMATION TECHNOLOGY","SC","GUJCET Based","Self-Fin","22519.00"
"CHAROTAR UNIVERSITY OF SCIENCE &
TECHNOLOGY (CHARUSAT) - DEVANG PATEL
INSTITUTE OF ADVANCE TECHNOLOGY AND
RESEARCH (DEPSTAR), CHANGA","INFORMATION TECHNOLOGY","SEBC","GUJCET Based","Self-Fin","10807.00"
"CHAROTAR UNIVERSITY OF SCIENCE &
TECHNOLOGY (CHARUSAT) - DEVANG PATEL
INSTITUTE OF ADVANCE TECHNOLOGY AND
RESEARCH (DEPSTAR), CHANGA","INFORMATION TECHNOLOGY -
TFWS","TFWS","GUJCET Based","Self-Fin","2617.00"
"Admission Committee for Professional Courses, Gujarat"
"First Year Degree Engineering : 2025-26"
"Institute Wise : Program Wise : Last Admitted Rank after Round-3"
"Inst_Name","Course_name","Cat_Name","Board","Type of
Institute","closing"
"Chhotubhai Gopalbhai Patel Institute of
Technology, Maliba Campus, Bardoli","AGRICULTURAL TECHNOLOGY","GEN","GUJCET Based","Self-Fin","20514.00"
"Chhotubhai Gopalbhai Patel Institute of
Technology, Maliba Campus, Bardoli","ARTIFICIAL INTELLIGENCE AND
DATA SCIENCE","GEN","GUJCET Based","Self-Fin","31564.00"
"Chhotubhai Gopalbhai Patel Institute of
Technology, Maliba Campus, Bardoli","ARTIFICIAL INTELLIGENCE AND
DATA SCIENCE - TFWS","TFWS","GUJCET Based","Self-Fin","19487.00"
"Chhotubhai Gopalbhai Patel Institute of
Technology, Maliba Campus, Bardoli","CIVIL ENGINEERING","GEN","GUJCET Based","Self-Fin","50127.00"
"Chhotubhai Gopalbhai Patel Institute of
Technology, Maliba Campus, Bardoli","COMPUTER ENGINEERING","GEN","GUJCET Based","Self-Fin","16296.00"
"Chhotubhai Gopalbhai Patel Institute of
Technology, Maliba Campus, Bardoli","ELECTRICAL ENGINEERING","GEN","GUJCET Based","Self-Fin","35728.00"
"Chhotubhai Gopalbhai Patel Institute of
Technology, Maliba Campus, Bardoli","INFORMATION TECHNOLOGY","GEN","GUJCET Based","Self-Fin","38982.00"
"Chhotubhai Gopalbhai Patel Institute of
Technology, Maliba Campus, Bardoli","MECHANICAL ENGINEERING","GEN","GUJCET Based","Self-Fin","38074.00"
"D. A. DEGREE ENGINEERING AND
TECHNOLOGY, MAHEMDABAD, KHEDA","COMPUTER ENGINEERING","GEN","GUJCET Based","Self-Fin","37625.00"
"DARSHAN INSTITUTE OF ENGG. & TECH.,
RAJKOT-MORBI HIGHWAY, HADALA","CIVIL ENGINEERING","GEN","GUJCET Based","Self-Fin","33541.00"
"DARSHAN INSTITUTE OF ENGG. & TECH.,
RAJKOT-MORBI HIGHWAY, HADALA","COMPUTER SCIENCE &
ENGINEERING","EWS","GUJCET Based","Self-Fin","16007.00"
"DARSHAN INSTITUTE OF ENGG. & TECH.,
RAJKOT-MORBI HIGHWAY, HADALA","COMPUTER SCIENCE &
ENGINEERING","GEN","GUJCET Based","Self-Fin","10213.00"
"DARSHAN INSTITUTE OF ENGG. & TECH.,
RAJKOT-MORBI HIGHWAY, HADALA","COMPUTER SCIENCE &
ENGINEERING","SEBC","GUJCET Based","Self-Fin","27647.00"
"DARSHAN INSTITUTE OF ENGG. & TECH.,
RAJKOT-MORBI HIGHWAY, HADALA","MECHANICAL ENGINEERING","GEN","GUJCET Based","Self-Fin","35592.00"
"Dhirubhai Ambani University, Gandhinagar","ELECTRONICS ENGINEERING (VLSI
DESIGN AND TECHNOLOGY)","EWS","GUJCET Based","Self-Fin","262.00"
"Dhirubhai Ambani University, Gandhinagar","ELECTRONICS ENGINEERING (VLSI
DESIGN AND TECHNOLOGY)","GEN","GUJCET Based","Self-Fin","223.00"
"Dhirubhai Ambani University, Gandhinagar","ELECTRONICS ENGINEERING (VLSI
DESIGN AND TECHNOLOGY)","SEBC","GUJCET Based","Self-Fin","789.00"
"Dhirubhai Ambani University, Gandhinagar","ELECTRONICS ENGINEERING (VLSI
DESIGN AND TECHNOLOGY) - TFW","TFWS","GUJCET Based","Self-Fin","49.00"
"Dhirubhai Ambani University, Gandhinagar","HONS. IN ICT WITH MINOR IN
COMPUTATIONAL SCIENCE (CS)","EWS","GUJCET Based","Self-Fin","111.00"
"Dhirubhai Ambani University, Gandhinagar","HONS. IN ICT WITH MINOR IN
COMPUTATIONAL SCIENCE (CS)","GEN","GUJCET Based","Self-Fin","71.00"
"Dhirubhai Ambani University, Gandhinagar","HONS. IN ICT WITH MINOR IN
COMPUTATIONAL SCIENCE (CS)","SEBC","GUJCET Based","Self-Fin","274.00"
"Dhirubhai Ambani University, Gandhinagar","HONS. IN ICT WITH MINOR IN
COMPUTATIONAL SCIENCE (CS)","ST","GUJCET Based","Self-Fin","11241.00"
"Dhirubhai Ambani University, Gandhinagar","HONS. IN ICT WITH MINOR IN
COMPUTATIONAL SCIENCE (CS) -
TFWS","TFWS","GUJCET Based","Self-Fin","9.00"
"Dhirubhai Ambani University, Gandhinagar","INFORMATION &
COMMUNICATION TECHNOLOGY","EWS","GUJCET Based","Self-Fin","188.00"
"Dhirubhai Ambani University, Gandhinagar","INFORMATION &
COMMUNICATION TECHNOLOGY","GEN","GUJCET Based","Self-Fin","149.00"
"Dhirubhai Ambani University, Gandhinagar","INFORMATION &
COMMUNICATION TECHNOLOGY","SC","GUJCET Based","Self-Fin","2377.00"
"Dhirubhai Ambani University, Gandhinagar","INFORMATION &
COMMUNICATION TECHNOLOGY","SEBC","GUJCET Based","Self-Fin","379.00"
"Dhirubhai Ambani University, Gandhinagar","INFORMATION &
COMMUNICATION TECHNOLOGY","ST","GUJCET Based","Self-Fin","14470.00"
"Dhirubhai Ambani University, Gandhinagar","INFORMATION &
COMMUNICATION TECHNOLOGY -
TFWS","TFWS","GUJCET Based","Self-Fin","39.00"
"Dhirubhai Ambani University, Gandhinagar","MATHEMATICS AND COMPUTING","EWS","GUJCET Based","Self-Fin","169.00"
"DR. JIVRAJ MEHTA INSTITUTE OF
TECHNOLOGY, ANAND","COMPUTER ENGINEERING","GEN","GUJCET Based","Self-Fin","38419.00"
"DR. JIVRAJ MEHTA INSTITUTE OF
TECHNOLOGY, ANAND","INFORMATION TECHNOLOGY","GEN","GUJCET Based","Self-Fin","50250.00"
"Admission Committee for Professional Courses, Gujarat"
"First Year Degree Engineering : 2025-26"
"Institute Wise : Program Wise : Last Admitted Rank after Round-3"
"Inst_Name","Course_name","Cat_Name","Board","Type of
Institute","closing"
"DR. JIVRAJ MEHTA INSTITUTE OF
TECHNOLOGY, ANAND","MECHANICAL ENGINEERING","GEN","GUJCET Based","Self-Fin","22405.00"
"DR. SUBHASH UNIVERSITY, SCHOOL OF
ENGINEERING & TECHNOLOGY, JUNAGADH","CIVIL ENGINEERING","GEN","GUJCET Based","Self-Fin","36192.00"
"DR. SUBHASH UNIVERSITY, SCHOOL OF
ENGINEERING & TECHNOLOGY, JUNAGADH","COMPUTER SCIENCE &
ENGINEERING","GEN","GUJCET Based","Self-Fin","30714.00"
"DR. SUBHASH UNIVERSITY, SCHOOL OF
ENGINEERING & TECHNOLOGY, JUNAGADH","COMPUTER SCIENCE &
ENGINEERING (ARTIFICIAL
INTELLIGENCE AND MACHINE
LEARNING)","GEN","GUJCET Based","Self-Fin","968.00"
"DR. SUBHASH UNIVERSITY, SCHOOL OF
ENGINEERING & TECHNOLOGY, JUNAGADH","COMPUTER SCIENCE &
ENGINEERING (ARTIFICIAL
INTELLIGENCE AND MACHINE
LEARNING) - TFWS","TFWS","GUJCET Based","Self-Fin","31338.00"
"DR. SUBHASH UNIVERSITY, SCHOOL OF
ENGINEERING & TECHNOLOGY, JUNAGADH","COMPUTER SCIENCE &
ENGINEERING (CYBER SECURITY) -
TFWS","TFWS","GUJCET Based","Self-Fin","36018.00"
"ENGGINERING COLLEGE, TUWA, GODHARA","COMPUTER ENGINEERING","GEN","GUJCET Based","Self-Fin","36906.50"
"FACULTY OF ENGINEERING & TECHNOLOGY-
GLS UNIVERSITY, AHMEDABAD","COMPUTER SCIENCE &
ENGINEERING","EWS","GUJCET Based","Self-Fin","30631.00"
"FACULTY OF ENGINEERING & TECHNOLOGY-
GLS UNIVERSITY, AHMEDABAD","COMPUTER SCIENCE &
ENGINEERING","GEN","GUJCET Based","Self-Fin","23201.00"
"FACULTY OF ENGINEERING & TECHNOLOGY-
GLS UNIVERSITY, AHMEDABAD","COMPUTER SCIENCE &
ENGINEERING","SC","GUJCET Based","Self-Fin","36153.00"
"FACULTY OF ENGINEERING & TECHNOLOGY-
GLS UNIVERSITY, AHMEDABAD","COMPUTER SCIENCE &
ENGINEERING","SEBC","GUJCET Based","Self-Fin","38261.50"
"FACULTY OF ENGINEERING & TECHNOLOGY-
GLS UNIVERSITY, AHMEDABAD","COMPUTER SCIENCE &
ENGINEERING - TFWS","TFWS","GUJCET Based","Self-Fin","6482.00"
"FACULTY OF ENGINEERING & TECHNOLOGY-
SIGMA UNIVERSITY, BAKROL, VADODARA","ARTIFICIAL INTELLIGENCE AND
DATA SCIENCE","GEN","GUJCET Based","Self-Fin","14506.00"
"FACULTY OF ENGINEERING & TECHNOLOGY-
SIGMA UNIVERSITY, BAKROL, VADODARA","ARTIFICIAL INTELLIGENCE(AI) AND
MACHINE LEARNING","GEN","GUJCET Based","Self-Fin","33230.00"
"FACULTY OF ENGINEERING & TECHNOLOGY-
SIGMA UNIVERSITY, BAKROL, VADODARA","ARTIFICIAL INTELLIGENCE(AI) AND
MACHINE LEARNING - TFW","TFWS","GUJCET Based","Self-Fin","29747.00"
"FACULTY OF ENGINEERING & TECHNOLOGY-
SIGMA UNIVERSITY, BAKROL, VADODARA","CIVIL ENGINEERING
(CONSTRUCTION TECHNOLOGY)","GEN","GUJCET Based","Self-Fin","29773.00"
"FACULTY OF ENGINEERING & TECHNOLOGY-
SIGMA UNIVERSITY, BAKROL, VADODARA","COMPUTER SCIENCE &
ENGINEERING","GEN","GUJCET Based","Self-Fin","38216.00"
"FACULTY OF ENGINEERING & TECHNOLOGY-
SIGMA UNIVERSITY, BAKROL, VADODARA","COMPUTER SCIENCE &
ENGINEERING - TFWS","TFWS","GUJCET Based","Self-Fin","25159.00"
"FACULTY OF TECHNOLOGY &
ENGINEERING(MSU) (SFI), VADODARA","AERO SPACE ENGINEERING","EWS","GUJCET Based","Self-Fin","26660.00"
"FACULTY OF TECHNOLOGY &
ENGINEERING(MSU) (SFI), VADODARA","AERO SPACE ENGINEERING","GEN","GUJCET Based","Self-Fin","17372.00"
"FACULTY OF TECHNOLOGY &
ENGINEERING(MSU) (SFI), VADODARA","AERO SPACE ENGINEERING","SC","GUJCET Based","Self-Fin","22054.00"
"FACULTY OF TECHNOLOGY &
ENGINEERING(MSU) (SFI), VADODARA","AERO SPACE ENGINEERING","SEBC","GUJCET Based","Self-Fin","28475.00"
"FACULTY OF TECHNOLOGY &
ENGINEERING(MSU) (SFI), VADODARA","COMPUTER SCIENCE &
ENGINEERING","EWS","GUJCET Based","Self-Fin","2816.00"
"FACULTY OF TECHNOLOGY &
ENGINEERING(MSU) (SFI), VADODARA","COMPUTER SCIENCE &
ENGINEERING","GEN","GUJCET Based","Self-Fin","2467.00"
"FACULTY OF TECHNOLOGY &
ENGINEERING(MSU) (SFI), VADODARA","COMPUTER SCIENCE &
ENGINEERING","SC","GUJCET Based","Self-Fin","12927.00"
"FACULTY OF TECHNOLOGY &
ENGINEERING(MSU) (SFI), VADODARA","COMPUTER SCIENCE &
ENGINEERING","SEBC","GUJCET Based","Self-Fin","4972.00"
"FACULTY OF TECHNOLOGY &
ENGINEERING(MSU) (SFI), VADODARA","COMPUTER SCIENCE &
ENGINEERING","ST","GUJCET Based","Self-Fin","32895.00"
"FACULTY OF TECHNOLOGY &
ENGINEERING(MSU) (SFI), VADODARA","COMPUTER SCIENCE &
ENGINEERING - TFWS","TFWS","GUJCET Based","Self-Fin","1521.00"
"FACULTY OF TECHNOLOGY &
ENGINEERING(MSU) (SFI), VADODARA","MECHANICAL ENGINEERING","ESM","GUJCET Based","Self-Fin","25288.00"
"FACULTY OF TECHNOLOGY &
ENGINEERING(MSU) (SFI), VADODARA","MECHANICAL ENGINEERING","EWS","GUJCET Based","Self-Fin","14675.00"
"FACULTY OF TECHNOLOGY &
ENGINEERING(MSU) (SFI), VADODARA","MECHANICAL ENGINEERING","GEN","GUJCET Based","Self-Fin","12936.00"
"Admission Committee for Professional Courses, Gujarat"
"First Year Degree Engineering : 2025-26"
"Institute Wise : Program Wise : Last Admitted Rank after Round-3"
"Inst_Name","Course_name","Cat_Name","Board","Type of
Institute","closing"
"FACULTY OF TECHNOLOGY &
ENGINEERING(MSU) (SFI), VADODARA","MECHANICAL ENGINEERING","SC","GUJCET Based","Self-Fin","15323.00"
"FACULTY OF TECHNOLOGY &
ENGINEERING(MSU) (SFI), VADODARA","MECHANICAL ENGINEERING","SEBC","GUJCET Based","Self-Fin","21473.00"
"FACULTY OF TECHNOLOGY &
ENGINEERING(MSU) (SFI), VADODARA","MECHANICAL ENGINEERING -
TFWS","TFWS","GUJCET Based","Self-Fin","9574.00"
"FACULTY OF TECHNOLOGY(SFI), DHARMSINH
DESAI UNIVERSITY, NADIAD","CHEMICAL ENGINEERING","EWS","GUJCET Based","Self-Fin","13091.00"
"FACULTY OF TECHNOLOGY(SFI), DHARMSINH
DESAI UNIVERSITY, NADIAD","CHEMICAL ENGINEERING","GEN","GUJCET Based","Self-Fin","10496.00"
"FACULTY OF TECHNOLOGY(SFI), DHARMSINH
DESAI UNIVERSITY, NADIAD","CHEMICAL ENGINEERING","SC","GUJCET Based","Self-Fin","35194.00"
"FACULTY OF TECHNOLOGY(SFI), DHARMSINH
DESAI UNIVERSITY, NADIAD","CHEMICAL ENGINEERING","SEBC","GUJCET Based","Self-Fin","18609.00"
"FACULTY OF TECHNOLOGY(SFI), DHARMSINH
DESAI UNIVERSITY, NADIAD","COMPUTER ENGINEERING","EWS","GUJCET Based","Self-Fin","1024.00"
"FACULTY OF TECHNOLOGY(SFI), DHARMSINH
DESAI UNIVERSITY, NADIAD","COMPUTER ENGINEERING","GEN","GUJCET Based","Self-Fin","833.00"
"FACULTY OF TECHNOLOGY(SFI), DHARMSINH
DESAI UNIVERSITY, NADIAD","COMPUTER ENGINEERING","SC","GUJCET Based","Self-Fin","8183.00"
"FACULTY OF TECHNOLOGY(SFI), DHARMSINH
DESAI UNIVERSITY, NADIAD","COMPUTER ENGINEERING","SEBC","GUJCET Based","Self-Fin","1934.00"
"FACULTY OF TECHNOLOGY(SFI), DHARMSINH
DESAI UNIVERSITY, NADIAD","COMPUTER ENGINEERING","ST","GUJCET Based","Self-Fin","15283.00"
"FACULTY OF TECHNOLOGY(SFI), DHARMSINH
DESAI UNIVERSITY, NADIAD","ELECTRONICS &
COMMUNICATION ENGINEERING","EWS","GUJCET Based","Self-Fin","3974.00"
"FACULTY OF TECHNOLOGY(SFI), DHARMSINH
DESAI UNIVERSITY, NADIAD","ELECTRONICS &
COMMUNICATION ENGINEERING","GEN","GUJCET Based","Self-Fin","3550.00"
"FACULTY OF TECHNOLOGY(SFI), DHARMSINH
DESAI UNIVERSITY, NADIAD","ELECTRONICS &
COMMUNICATION ENGINEERING","SEBC","GUJCET Based","Self-Fin","9320.00"
"FACULTY OF TECHNOLOGY(SFI), DHARMSINH
DESAI UNIVERSITY, NADIAD","INFORMATION TECHNOLOGY","EWS","GUJCET Based","Self-Fin","2762.00"
"FACULTY OF TECHNOLOGY(SFI), DHARMSINH
DESAI UNIVERSITY, NADIAD","INFORMATION TECHNOLOGY","GEN","GUJCET Based","Self-Fin","2433.00"
"FACULTY OF TECHNOLOGY(SFI), DHARMSINH
DESAI UNIVERSITY, NADIAD","INFORMATION TECHNOLOGY","SC","GUJCET Based","Self-Fin","10925.00"
"FACULTY OF TECHNOLOGY(SFI), DHARMSINH
DESAI UNIVERSITY, NADIAD","INFORMATION TECHNOLOGY","SEBC","GUJCET Based","Self-Fin","4949.00"
"FACULTY OF TECHNOLOGY(SFI), DHARMSINH
DESAI UNIVERSITY, NADIAD","INFORMATION TECHNOLOGY -
TFWS","TFWS","GUJCET Based","Self-Fin","506.00"
"FACULTY OF TECHNOLOGY(SFI), DHARMSINH
DESAI UNIVERSITY, NADIAD","INSTRUMENTATION & CONTROL
ENGINEERING","EWS","GUJCET Based","Self-Fin","11387.00"
"FACULTY OF TECHNOLOGY(SFI), DHARMSINH
DESAI UNIVERSITY, NADIAD","INSTRUMENTATION & CONTROL
ENGINEERING","GEN","GUJCET Based","Self-Fin","10810.00"
"FACULTY OF TECHNOLOGY(SFI), DHARMSINH
DESAI UNIVERSITY, NADIAD","MECHANICAL ENGINEERING","EWS","GUJCET Based","Self-Fin","13322.00"
"FACULTY OF TECHNOLOGY(SFI), DHARMSINH
DESAI UNIVERSITY, NADIAD","MECHANICAL ENGINEERING","GEN","GUJCET Based","Self-Fin","10548.00"
"FACULTY OF TECHNOLOGY(SFI), DHARMSINH
DESAI UNIVERSITY, NADIAD","MECHANICAL ENGINEERING","SC","GUJCET Based","Self-Fin","28256.00"
"FACULTY OF TECHNOLOGY(SFI), DHARMSINH
DESAI UNIVERSITY, NADIAD","MECHANICAL ENGINEERING","SEBC","GUJCET Based","Self-Fin","21950.00"
"G.H.PATEL COLLEGE OF ENGG. & TECH. , V. V.
NAGAR","CHEMICAL ENGINEERING","EWS","GUJCET Based","Self-Fin","37954.00"
"G.H.PATEL COLLEGE OF ENGG. & TECH. , V. V.
NAGAR","CHEMICAL ENGINEERING","GEN","GUJCET Based","Self-Fin","27527.00"
"Admission Committee for Professional Courses, Gujarat"
"First Year Degree Engineering : 2025-26"
"Institute Wise : Program Wise : Last Admitted Rank after Round-3"
"Inst_Name","Course_name","Cat_Name","Board","Type of
Institute","closing"
"G.H.PATEL COLLEGE OF ENGG. & TECH. , V. V.
NAGAR","CHEMICAL ENGINEERING","SC","GUJCET Based","Self-Fin","29474.00"
"G.H.PATEL COLLEGE OF ENGG. & TECH. , V. V.
NAGAR","CHEMICAL ENGINEERING","SEBC","GUJCET Based","Self-Fin","38081.00"
"G.H.PATEL COLLEGE OF ENGG. & TECH. , V. V.
NAGAR","CIVIL ENGINEERING","GEN","GUJCET Based","Self-Fin","38064.00"
"G.H.PATEL COLLEGE OF ENGG. & TECH. , V. V.
NAGAR","COMPUTER ENGINEERING","EWS","GUJCET Based","Self-Fin","10689.00"
"G.H.PATEL COLLEGE OF ENGG. & TECH. , V. V.
NAGAR","COMPUTER ENGINEERING","GEN","GUJCET Based","Self-Fin","8893.00"
"G.H.PATEL COLLEGE OF ENGG. & TECH. , V. V.
NAGAR","COMPUTER ENGINEERING","SC","GUJCET Based","Self-Fin","18496.00"
"G.H.PATEL COLLEGE OF ENGG. & TECH. , V. V.
NAGAR","COMPUTER ENGINEERING","SEBC","GUJCET Based","Self-Fin","13338.00"
"G.H.PATEL COLLEGE OF ENGG. & TECH. , V. V.
NAGAR","COMPUTER ENGINEERING - TFWS","TFWS","GUJCET Based","Self-Fin","3210.00"
"G.H.PATEL COLLEGE OF ENGG. & TECH. , V. V.
NAGAR","COMPUTER SCIENCE & DESIGN","EWS","GUJCET Based","Self-Fin","19788.00"
"G.H.PATEL COLLEGE OF ENGG. & TECH. , V. V.
NAGAR","COMPUTER SCIENCE & DESIGN","GEN","GUJCET Based","Self-Fin","15818.00"
"G.H.PATEL COLLEGE OF ENGG. & TECH. , V. V.
NAGAR","COMPUTER SCIENCE & DESIGN","SEBC","GUJCET Based","Self-Fin","36704.00"
"G.H.PATEL COLLEGE OF ENGG. & TECH. , V. V.
NAGAR","COMPUTER SCIENCE &
ENGINEERING (INTERNET OF
THINGS)","EWS","GUJCET Based","Self-Fin","17518.00"
"G.H.PATEL COLLEGE OF ENGG. & TECH. , V. V.
NAGAR","COMPUTER SCIENCE &
ENGINEERING (INTERNET OF
THINGS)","GEN","GUJCET Based","Self-Fin","14686.00"
"G.H.PATEL COLLEGE OF ENGG. & TECH. , V. V.
NAGAR","COMPUTER SCIENCE &
ENGINEERING (INTERNET OF
THINGS)","SEBC","GUJCET Based","Self-Fin","24255.00"
"G.H.PATEL COLLEGE OF ENGG. & TECH. , V. V.
NAGAR","ELECTRICAL ENGINEERING","GEN","GUJCET Based","Self-Fin","50910.00"
"G.H.PATEL COLLEGE OF ENGG. & TECH. , V. V.
NAGAR","ELECTRONICS &
COMMUNICATION ENGINEERING","EWS","GUJCET Based","Self-Fin","14989.00"
"G.H.PATEL COLLEGE OF ENGG. & TECH. , V. V.
NAGAR","ELECTRONICS &
COMMUNICATION ENGINEERING","GEN","GUJCET Based","Self-Fin","13377.00"
"G.H.PATEL COLLEGE OF ENGG. & TECH. , V. V.
NAGAR","ELECTRONICS &
COMMUNICATION ENGINEERING","SC","GUJCET Based","Self-Fin","35761.00"
"G.H.PATEL COLLEGE OF ENGG. & TECH. , V. V.
NAGAR","ELECTRONICS &
COMMUNICATION ENGINEERING","SEBC","GUJCET Based","Self-Fin","29008.00"
"G.H.PATEL COLLEGE OF ENGG. & TECH. , V. V.
NAGAR","ELECTRONICS &
COMMUNICATION ENGINEERING -
TFWS","TFWS","GUJCET Based","Self-Fin","9485.00"
"G.H.PATEL COLLEGE OF ENGG. & TECH. , V. V.
NAGAR","INFORMATION &
COMMUNICATION TECHNOLOGY","EWS","GUJCET Based","Self-Fin","15380.00"
"G.H.PATEL COLLEGE OF ENGG. & TECH. , V. V.
NAGAR","INFORMATION &
COMMUNICATION TECHNOLOGY","GEN","GUJCET Based","Self-Fin","14930.00"
"G.H.PATEL COLLEGE OF ENGG. & TECH. , V. V.
NAGAR","INFORMATION &
COMMUNICATION TECHNOLOGY","SEBC","GUJCET Based","Self-Fin","31027.00"
"G.H.PATEL COLLEGE OF ENGG. & TECH. , V. V.
NAGAR","INFORMATION TECHNOLOGY","EWS","GUJCET Based","Self-Fin","13936.00"
"G.H.PATEL COLLEGE OF ENGG. & TECH. , V. V.
NAGAR","INFORMATION TECHNOLOGY","GEN","GUJCET Based","Self-Fin","12298.00"
"G.H.PATEL COLLEGE OF ENGG. & TECH. , V. V.
NAGAR","INFORMATION TECHNOLOGY","SC","GUJCET Based","Self-Fin","29583.00"
"G.H.PATEL COLLEGE OF ENGG. & TECH. , V. V.
NAGAR","INFORMATION TECHNOLOGY","SEBC","GUJCET Based","Self-Fin","16994.00"
"G.H.PATEL COLLEGE OF ENGG. & TECH. , V. V.
NAGAR","MECHANICAL ENGINEERING","EWS","GUJCET Based","Self-Fin","30393.00"
"G.H.PATEL COLLEGE OF ENGG. & TECH. , V. V.
NAGAR","MECHANICAL ENGINEERING","GEN","GUJCET Based","Self-Fin","27004.00"
"G.H.PATEL COLLEGE OF ENGG. & TECH. , V. V.
NAGAR","MECHANICAL ENGINEERING","SC","GUJCET Based","Self-Fin","36903.00"
"G.H.PATEL COLLEGE OF ENGG. & TECH. , V. V.
NAGAR","MECHANICAL ENGINEERING","SEBC","GUJCET Based","Self-Fin","50702.00"
"G.H.PATEL COLLEGE OF ENGG. & TECH. , V. V.
NAGAR","MECHANICAL ENGINEERING -
TFWS","TFWS","GUJCET Based","Self-Fin","14293.00"
"G.H.PATEL COLLEGE OF ENGG. & TECH. , V. V.
NAGAR","MECHATRONICS ENGINEERING","GEN","GUJCET Based","Self-Fin","50916.00"
"GANDHINAGAR INSTITUTE OF TECHNOLOGY,
MOTI BHOYAN, KALOL, GANDHINAGAR","CIVIL ENGINEERING","GEN","GUJCET Based","Self-Fin","37240.00"
"Admission Committee for Professional Courses, Gujarat"
"First Year Degree Engineering : 2025-26"
"Institute Wise : Program Wise : Last Admitted Rank after Round-3"
"Inst_Name","Course_name","Cat_Name","Board","Type of
Institute","closing"
"GANDHINAGAR INSTITUTE OF TECHNOLOGY,
MOTI BHOYAN, KALOL, GANDHINAGAR","COMPUTER ENGINEERING","GEN","GUJCET Based","Self-Fin","50584.00"
"GANDHINAGAR INSTITUTE OF TECHNOLOGY,
MOTI BHOYAN, KALOL, GANDHINAGAR","COMPUTER ENGINEERING - TFWS","TFWS","GUJCET Based","Self-Fin","13797.00"
"GANDHINAGAR INSTITUTE OF TECHNOLOGY,
MOTI BHOYAN, KALOL, GANDHINAGAR","COMPUTER SCIENCE &
ENGINEERING","GEN","GUJCET Based","Self-Fin","38607.00"
"GANDHINAGAR INSTITUTE OF TECHNOLOGY,
MOTI BHOYAN, KALOL, GANDHINAGAR","COMPUTER SCIENCE &
ENGINEERING - TFWS","TFWS","GUJCET Based","Self-Fin","14408.00"
"GANDHINAGAR INSTITUTE OF TECHNOLOGY,
MOTI BHOYAN, KALOL, GANDHINAGAR","COMPUTER SCIENCE &
ENGINEERING (ARTIFICIAL
INTELLIGENCE)","GEN","GUJCET Based","Self-Fin","50515.00"
"GANDHINAGAR INSTITUTE OF TECHNOLOGY,
MOTI BHOYAN, KALOL, GANDHINAGAR","COMPUTER SCIENCE &
ENGINEERING (ARTIFICIAL
INTELLIGENCE) - TFWS","TFWS","GUJCET Based","Self-Fin","11645.00"
"GANDHINAGAR INSTITUTE OF TECHNOLOGY,
MOTI BHOYAN, KALOL, GANDHINAGAR","COMPUTER SCIENCE &
ENGINEERING (CYBER SECURITY)","GEN","GUJCET Based","Self-Fin","34810.00"
"GANDHINAGAR INSTITUTE OF TECHNOLOGY,
MOTI BHOYAN, KALOL, GANDHINAGAR","ELECTRICAL ENGINEERING","GEN","GUJCET Based","Self-Fin","21112.00"
"GANDHINAGAR INSTITUTE OF TECHNOLOGY,
MOTI BHOYAN, KALOL, GANDHINAGAR","ELECTRONICS &
COMMUNICATION ENGINEERING","GEN","GUJCET Based","Self-Fin","50375.00"
"GANDHINAGAR INSTITUTE OF TECHNOLOGY,
MOTI BHOYAN, KALOL, GANDHINAGAR","ELECTRONICS &
COMMUNICATION ENGINEERING -
TFWS","TFWS","GUJCET Based","Self-Fin","9321.00"
"GANDHINAGAR INSTITUTE OF TECHNOLOGY,
MOTI BHOYAN, KALOL, GANDHINAGAR","INFORMATION TECHNOLOGY","GEN","GUJCET Based","Self-Fin","50389.00"
"GANDHINAGAR INSTITUTE OF TECHNOLOGY,
MOTI BHOYAN, KALOL, GANDHINAGAR","INFORMATION TECHNOLOGY -
TFWS","TFWS","GUJCET Based","Self-Fin","17278.00"
"GANDHINAGAR INSTITUTE OF TECHNOLOGY,
MOTI BHOYAN, KALOL, GANDHINAGAR","MECHANICAL ENGINEERING","GEN","GUJCET Based","Self-Fin","33830.00"
"GANDHINAGAR INSTITUTE OF TECHNOLOGY,
MOTI BHOYAN, KALOL, GANDHINAGAR","ROBOTICS AND AUTOMATION","GEN","GUJCET Based","Self-Fin","29128.00"
"GANPAT UNIVERSITY, INSTITUTE OF
COMPUTER TECH., KHERVA, MEHSANA","COMPUTER SCIENCE &
ENGINEERING","GEN","GUJCET Based","Self-Fin","35249.00"
"GANPAT UNIVERSITY, INSTITUTE OF
COMPUTER TECH., KHERVA, MEHSANA","COMPUTER SCIENCE &
ENGINEERING - TFWS","TFWS","GUJCET Based","Self-Fin","7538.00"
"GANPAT UNIVERSITY, INSTITUTE OF
COMPUTER TECH., KHERVA, MEHSANA","COMPUTER SCIENCE &
ENGINEERING (ARTIFICIAL
INTELLIGENCE AND MACHINE
LEARNING)","GEN","GUJCET Based","Self-Fin","50861.00"
"GANPAT UNIVERSITY, INSTITUTE OF
COMPUTER TECH., KHERVA, MEHSANA","COMPUTER SCIENCE &
ENGINEERING (CYBER SECURITY)","GEN","GUJCET Based","Self-Fin","37349.00"
"GANPAT UNIVERSITY, U.V.PATEL COLLEGE OF
ENGINEERING, KHERVA, MEHSANA","AGRICULTURAL ENGINEERING","GEN","GUJCET Based","Self-Fin","35312.00"
"GANPAT UNIVERSITY, U.V.PATEL COLLEGE OF
ENGINEERING, KHERVA, MEHSANA","BIOTECHNOLOGY","GEN","GUJCET Based","Self-Fin","7138.00"
"GANPAT UNIVERSITY, U.V.PATEL COLLEGE OF
ENGINEERING, KHERVA, MEHSANA","CIVIL ENGINEERING","GEN","GUJCET Based","Self-Fin","26644.00"
"GANPAT UNIVERSITY, U.V.PATEL COLLEGE OF
ENGINEERING, KHERVA, MEHSANA","COMPUTER ENGINEERING","GEN","GUJCET Based","Self-Fin","50088.00"
"GANPAT UNIVERSITY, U.V.PATEL COLLEGE OF
ENGINEERING, KHERVA, MEHSANA","COMPUTER ENGINEERING - TFWS","TFWS","GUJCET Based","Self-Fin","4871.00"
"GANPAT UNIVERSITY, U.V.PATEL COLLEGE OF
ENGINEERING, KHERVA, MEHSANA","COMPUTER ENGINEERING
(ARTIFICIAL INTELLIGENCE)","GEN","GUJCET Based","Self-Fin","32867.00"
"GANPAT UNIVERSITY, U.V.PATEL COLLEGE OF
ENGINEERING, KHERVA, MEHSANA","COMPUTER ENGINEERING
(ARTIFICIAL INTELLIGENCE) -
TFWS","TFWS","GUJCET Based","Self-Fin","7009.00"
"GANPAT UNIVERSITY, U.V.PATEL COLLEGE OF
ENGINEERING, KHERVA, MEHSANA","ELECTRICAL ENGINEERING","GEN","GUJCET Based","Self-Fin","37094.00"
"GANPAT UNIVERSITY, U.V.PATEL COLLEGE OF
ENGINEERING, KHERVA, MEHSANA","ELECTRONICS &
COMMUNICATION ENGINEERING","GEN","GUJCET Based","Self-Fin","50124.00"
"Admission Committee for Professional Courses, Gujarat"
"First Year Degree Engineering : 2025-26"
"Institute Wise : Program Wise : Last Admitted Rank after Round-3"
"Inst_Name","Course_name","Cat_Name","Board","Type of
Institute","closing"
"GANPAT UNIVERSITY, U.V.PATEL COLLEGE OF
ENGINEERING, KHERVA, MEHSANA","FOOD TECHNOLOGY","GEN","GUJCET Based","Self-Fin","50882.00"
"GANPAT UNIVERSITY, U.V.PATEL COLLEGE OF
ENGINEERING, KHERVA, MEHSANA","INFORMATION TECHNOLOGY","GEN","GUJCET Based","Self-Fin","29260.00"
"GANPAT UNIVERSITY, U.V.PATEL COLLEGE OF
ENGINEERING, KHERVA, MEHSANA","MECHANICAL ENGINEERING","GEN","GUJCET Based","Self-Fin","34745.00"
"GIDC DEGREE ENGINEERING COLLEGE,
ABRAMA, NAVSARI","CIVIL ENGINEERING","GEN","GUJCET Based","Self-Fin","39053.00"
"GIDC DEGREE ENGINEERING COLLEGE,
ABRAMA, NAVSARI","COMPUTER ENGINEERING","GEN","GUJCET Based","Self-Fin","35756.00"
"GIDC DEGREE ENGINEERING COLLEGE,
ABRAMA, NAVSARI","ELECTRICAL ENGINEERING","GEN","GUJCET Based","Self-Fin","38148.00"
"GIDC DEGREE ENGINEERING COLLEGE,
ABRAMA, NAVSARI","MECHANICAL ENGINEERING","GEN","GUJCET Based","Self-Fin","50616.00"
"Gujarat Technological University- Institute of
Technology and Research, Mevad, Mehsana","CIVIL ENGINEERING","GEN","GUJCET Based","Self-Fin","19214.00"
"Gujarat Technological University- Institute of
Technology and Research, Mevad, Mehsana","COMPUTER ENGINEERING","GEN","GUJCET Based","Self-Fin","50885.00"
"Gujarat Technological University- Institute of
Technology and Research, Mevad, Mehsana","COMPUTER ENGINEERING - TFWS","TFWS","GUJCET Based","Self-Fin","14505.00"
"Gujarat Technological University- Institute of
Technology and Research, Mevad, Mehsana","MECHANICAL ENGINEERING","GEN","GUJCET Based","Self-Fin","37501.00"
"GUJARAT TECHNOLOGICAL UNIVERSITY
SCHOOL OF ENGINEERING AND
TECHNOLOGY, CHANDKHEDA, AHMEDABAD","COMPUTER ENGINEERING","EWS","GUJCET Based","Self-Fin","7447.00"
"GUJARAT TECHNOLOGICAL UNIVERSITY
SCHOOL OF ENGINEERING AND
TECHNOLOGY, CHANDKHEDA, AHMEDABAD","COMPUTER ENGINEERING","GEN","GUJCET Based","Self-Fin","6019.00"
"GUJARAT TECHNOLOGICAL UNIVERSITY
SCHOOL OF ENGINEERING AND
TECHNOLOGY, CHANDKHEDA, AHMEDABAD","COMPUTER ENGINEERING","SC","GUJCET Based","Self-Fin","15871.00"
"GUJARAT TECHNOLOGICAL UNIVERSITY
SCHOOL OF ENGINEERING AND
TECHNOLOGY, CHANDKHEDA, AHMEDABAD","COMPUTER ENGINEERING","SEBC","GUJCET Based","Self-Fin","12285.00"
"GUJARAT TECHNOLOGICAL UNIVERSITY
SCHOOL OF ENGINEERING AND
TECHNOLOGY, CHANDKHEDA, AHMEDABAD","COMPUTER ENGINEERING - TFWS","TFWS","GUJCET Based","Self-Fin","3845.00"
"GUJARAT TECHNOLOGICAL UNIVERSITY
SCHOOL OF ENGINEERING AND
TECHNOLOGY, CHANDKHEDA, AHMEDABAD","ELECTRONICS &
COMMUNICATION ENGINEERING","EWS","GUJCET Based","Self-Fin","9522.00"
"GUJARAT TECHNOLOGICAL UNIVERSITY
SCHOOL OF ENGINEERING AND
TECHNOLOGY, CHANDKHEDA, AHMEDABAD","ELECTRONICS &
COMMUNICATION ENGINEERING","GEN","GUJCET Based","Self-Fin","8331.00"
"GUJARAT TECHNOLOGICAL UNIVERSITY
SCHOOL OF ENGINEERING AND
TECHNOLOGY, CHANDKHEDA, AHMEDABAD","ELECTRONICS &
COMMUNICATION ENGINEERING","SC","GUJCET Based","Self-Fin","23518.00"
"GUJARAT TECHNOLOGICAL UNIVERSITY
SCHOOL OF ENGINEERING AND
TECHNOLOGY, CHANDKHEDA, AHMEDABAD","ELECTRONICS &
COMMUNICATION ENGINEERING","SEBC","GUJCET Based","Self-Fin","16063.00"
"GYANMANJARI INSTITUTE OF TECHNOLOGY
BHAVNAGAR","ARTIFICIAL INTELLIGENCE AND
DATA SCIENCE - TFWS","TFWS","GUJCET Based","Self-Fin","35530.00"
"GYANMANJARI INSTITUTE OF TECHNOLOGY
BHAVNAGAR","COMPUTER ENGINEERING","GEN","GUJCET Based","Self-Fin","31184.00"
"GYANMANJARI INSTITUTE OF TECHNOLOGY
BHAVNAGAR","COMPUTER SCIENCE &
ENGINEERING (ARTIFICIAL
INTELLIGENCE AND MACHINE
LEARNING) - TFWS","TFWS","GUJCET Based","Self-Fin","23081.00"
"GYANMANJARI INSTITUTE OF TECHNOLOGY
BHAVNAGAR","COMPUTER SCIENCE &
ENGINEERING (CYBER SECURITY) -
TFWS","TFWS","GUJCET Based","Self-Fin","23105.00"
"GYANMANJARI INSTITUTE OF TECHNOLOGY
BHAVNAGAR","INFORMATION TECHNOLOGY","GEN","GUJCET Based","Self-Fin","33474.00"
"Hansaba Institute of Technology (HIT)","COMPUTER SCIENCE &
ENGINEERING - TFWS","TFWS","GUJCET Based","Self-Fin","50164.00"
"Admission Committee for Professional Courses, Gujarat"
"First Year Degree Engineering : 2025-26"
"Institute Wise : Program Wise : Last Admitted Rank after Round-3"
"Inst_Name","Course_name","Cat_Name","Board","Type of
Institute","closing"
"Hansaba Institute of Technology (HIT)","COMPUTER SCIENCE &
ENGINEERING (ARTIFICIAL
INTELLIGENCE AND MACHINE
LEARNING) - TFWS","TFWS","GUJCET Based","Self-Fin","37276.00"
"Hansaba Institute of Technology (HIT)","ELECTRONICS &
COMMUNICATION ENGINEERING
(ARTIFICIAL INTELLIGENCE AND
MACHINE LEARNING)-TFWS","TFWS","GUJCET Based","Self-Fin","50307.00"
"HASMUKH GOSWAMI COLLEGE OF ENGG,
VAHELAL","CHEMICAL ENGINEERING - TFWS","TFWS","GUJCET Based","Self-Fin","35675.00"
"HASMUKH GOSWAMI COLLEGE OF ENGG,
VAHELAL","COMPUTER SCIENCE &
ENGINEERING (ARTIFICIAL
INTELLIGENCE AND MACHINE
LEARNING)","GEN","GUJCET Based","Self-Fin","37645.00"
"HASMUKH GOSWAMI COLLEGE OF ENGG,
VAHELAL","COMPUTER SCIENCE &
ENGINEERING (ARTIFICIAL
INTELLIGENCE AND MACHINE
LEARNING) - TFWS","TFWS","GUJCET Based","Self-Fin","28409.00"
"HASMUKH GOSWAMI COLLEGE OF ENGG,
VAHELAL","COMPUTER SCIENCE &
ENGINEERING (CYBER SECURITY) -
TFWS","TFWS","GUJCET Based","Self-Fin","16766.00"
"HASMUKH GOSWAMI COLLEGE OF ENGG,
VAHELAL","ELECTRICAL ENGINEERING","GEN","GUJCET Based","Self-Fin","19568.00"
"HASMUKH GOSWAMI COLLEGE OF ENGG,
VAHELAL","MECHANICAL ENGINEERING","GEN","GUJCET Based","Self-Fin","30511.00"
"INDUS INSTITUTE OF TECH. & ENGG.,
RACHARDA, AHMEDABAD","CIVIL ENGINEERING","GEN","GUJCET Based","Self-Fin","50225.00"
"INDUS INSTITUTE OF TECH. & ENGG.,
RACHARDA, AHMEDABAD","COMPUTER ENGINEERING","GEN","GUJCET Based","Self-Fin","50423.00"
"INDUS INSTITUTE OF TECH. & ENGG.,
RACHARDA, AHMEDABAD","COMPUTER ENGINEERING - TFWS","TFWS","GUJCET Based","Self-Fin","9880.00"
"INDUS INSTITUTE OF TECH. & ENGG.,
RACHARDA, AHMEDABAD","COMPUTER SCIENCE &
ENGINEERING","GEN","GUJCET Based","Self-Fin","50783.00"
"INDUS INSTITUTE OF TECH. & ENGG.,
RACHARDA, AHMEDABAD","COMPUTER SCIENCE &
ENGINEERING - TFWS","TFWS","GUJCET Based","Self-Fin","5608.00"
"INDUS INSTITUTE OF TECH. & ENGG.,
RACHARDA, AHMEDABAD","CYBER SECURITY","GEN","GUJCET Based","Self-Fin","33904.00"
"INDUS INSTITUTE OF TECH. & ENGG.,
RACHARDA, AHMEDABAD","ELECTRICAL ENGINEERING","GEN","GUJCET Based","Self-Fin","35163.00"
"INDUS INSTITUTE OF TECH. & ENGG.,
RACHARDA, AHMEDABAD","ELECTRONICS &
COMMUNICATION ENGINEERING","EWS","GUJCET Based","Self-Fin","35738.00"
"INDUS INSTITUTE OF TECH. & ENGG.,
RACHARDA, AHMEDABAD","ELECTRONICS &
COMMUNICATION ENGINEERING","GEN","GUJCET Based","Self-Fin","34340.00"
"INDUS INSTITUTE OF TECH. & ENGG.,
RACHARDA, AHMEDABAD","ELECTRONICS &
COMMUNICATION ENGINEERING","SEBC","GUJCET Based","Self-Fin","36414.00"
"INDUS INSTITUTE OF TECH. & ENGG.,
RACHARDA, AHMEDABAD","ELECTRONICS &
COMMUNICATION ENGINEERING -
TFWS","TFWS","GUJCET Based","Self-Fin","6208.00"
"INDUS INSTITUTE OF TECH. & ENGG.,
RACHARDA, AHMEDABAD","INFORMATION &
COMMUNICATION TECHNOLOGY","GEN","GUJCET Based","Self-Fin","15086.00"
"INDUS INSTITUTE OF TECH. & ENGG.,
RACHARDA, AHMEDABAD","INFORMATION TECHNOLOGY","GEN","GUJCET Based","Self-Fin","29547.00"
"INDUS INSTITUTE OF TECH. & ENGG.,
RACHARDA, AHMEDABAD","MECHANICAL ENGINEERING","GEN","GUJCET Based","Self-Fin","50896.00"
"INSTITUTE OF ADVANCED RESEARCH,
GANDHINAGAR","BIOTECHNOLOGY","GEN","GUJCET Based","Self-Fin","50075.00"
"INSTITUTE OF ADVANCED RESEARCH,
GANDHINAGAR","CHEMICAL ENGINEERING","GEN","GUJCET Based","Self-Fin","31016.00"
"INSTITUTE OF ADVANCED RESEARCH,
GANDHINAGAR","COMPUTER ENGINEERING","GEN","GUJCET Based","Self-Fin","50912.00"
"INSTITUTE OF ADVANCED RESEARCH,
GANDHINAGAR","COMPUTER ENGINEERING - TFWS","TFWS","GUJCET Based","Self-Fin","12056.00"
"INSTITUTE OF ADVANCED RESEARCH,
GANDHINAGAR","INFORMATION TECHNOLOGY","GEN","GUJCET Based","Self-Fin","50253.00"
"INSTITUTE OF ADVANCED RESEARCH,
GANDHINAGAR","INFORMATION TECHNOLOGY -
TFWS","TFWS","GUJCET Based","Self-Fin","12125.00"
"INSTITUTE OF TECHNOLOGY, NIRMA
UNIVERSITY OF SCIENCE & TECHNOLOGY,
AHMEDABAD","ARTIFICIAL INTELLIGENCE(AI) AND
MACHINE LEARNING","EWS","GUJCET Based","Self-Fin","445.00"
"INSTITUTE OF TECHNOLOGY, NIRMA
UNIVERSITY OF SCIENCE & TECHNOLOGY,
AHMEDABAD","ARTIFICIAL INTELLIGENCE(AI) AND
MACHINE LEARNING","GEN","GUJCET Based","Self-Fin","399.00"
"INSTITUTE OF TECHNOLOGY, NIRMA
UNIVERSITY OF SCIENCE & TECHNOLOGY,
AHMEDABAD","ARTIFICIAL INTELLIGENCE(AI) AND
MACHINE LEARNING","ST","GUJCET Based","Self-Fin","36504.00"
"Admission Committee for Professional Courses, Gujarat"
"First Year Degree Engineering : 2025-26"
"Institute Wise : Program Wise : Last Admitted Rank after Round-3"
"Inst_Name","Course_name","Cat_Name","Board","Type of
Institute","closing"
"INSTITUTE OF TECHNOLOGY, NIRMA
UNIVERSITY OF SCIENCE & TECHNOLOGY,
AHMEDABAD","CHEMICAL ENGINEERING","EWS","GUJCET Based","Self-Fin","5106.00"
"INSTITUTE OF TECHNOLOGY, NIRMA
UNIVERSITY OF SCIENCE & TECHNOLOGY,
AHMEDABAD","CHEMICAL ENGINEERING","GEN","GUJCET Based","Self-Fin","2451.00"
"INSTITUTE OF TECHNOLOGY, NIRMA
UNIVERSITY OF SCIENCE & TECHNOLOGY,
AHMEDABAD","CHEMICAL ENGINEERING","SEBC","GUJCET Based","Self-Fin","15929.00"
"INSTITUTE OF TECHNOLOGY, NIRMA
UNIVERSITY OF SCIENCE & TECHNOLOGY,
AHMEDABAD","CIVIL ENGINEERING","EWS","GUJCET Based","Self-Fin","10472.00"
"INSTITUTE OF TECHNOLOGY, NIRMA
UNIVERSITY OF SCIENCE & TECHNOLOGY,
AHMEDABAD","CIVIL ENGINEERING","GEN","GUJCET Based","Self-Fin","8414.00"
"INSTITUTE OF TECHNOLOGY, NIRMA
UNIVERSITY OF SCIENCE & TECHNOLOGY,
AHMEDABAD","CIVIL ENGINEERING","SC","GUJCET Based","Self-Fin","13171.00"
"INSTITUTE OF TECHNOLOGY, NIRMA
UNIVERSITY OF SCIENCE & TECHNOLOGY,
AHMEDABAD","CIVIL ENGINEERING","SEBC","GUJCET Based","Self-Fin","13355.00"
"INSTITUTE OF TECHNOLOGY, NIRMA
UNIVERSITY OF SCIENCE & TECHNOLOGY,
AHMEDABAD","COMPUTER SCIENCE &
ENGINEERING","EWS","GUJCET Based","Self-Fin","357.00"
"INSTITUTE OF TECHNOLOGY, NIRMA
UNIVERSITY OF SCIENCE & TECHNOLOGY,
AHMEDABAD","COMPUTER SCIENCE &
ENGINEERING","GEN","GUJCET Based","Self-Fin","292.00"
"INSTITUTE OF TECHNOLOGY, NIRMA
UNIVERSITY OF SCIENCE & TECHNOLOGY,
AHMEDABAD","COMPUTER SCIENCE &
ENGINEERING","GEN-PH","GUJCET Based","Self-Fin","29688.00"
"INSTITUTE OF TECHNOLOGY, NIRMA
UNIVERSITY OF SCIENCE & TECHNOLOGY,
AHMEDABAD","COMPUTER SCIENCE &
ENGINEERING","SC","GUJCET Based","Self-Fin","1418.00"
"INSTITUTE OF TECHNOLOGY, NIRMA
UNIVERSITY OF SCIENCE & TECHNOLOGY,
AHMEDABAD","COMPUTER SCIENCE &
ENGINEERING","SEBC","GUJCET Based","Self-Fin","909.00"
"INSTITUTE OF TECHNOLOGY, NIRMA
UNIVERSITY OF SCIENCE & TECHNOLOGY,
AHMEDABAD","COMPUTER SCIENCE &
ENGINEERING","ST","GUJCET Based","Self-Fin","25597.00"
"INSTITUTE OF TECHNOLOGY, NIRMA
UNIVERSITY OF SCIENCE & TECHNOLOGY,
AHMEDABAD","COMPUTER SCIENCE &
ENGINEERING - TFWS","TFWS","GUJCET Based","Self-Fin","70.00"
"INSTITUTE OF TECHNOLOGY, NIRMA
UNIVERSITY OF SCIENCE & TECHNOLOGY,
AHMEDABAD","ELECTRICAL ENGINEERING","EWS","GUJCET Based","Self-Fin","5167.00"
"INSTITUTE OF TECHNOLOGY, NIRMA
UNIVERSITY OF SCIENCE & TECHNOLOGY,
AHMEDABAD","ELECTRICAL ENGINEERING","GEN","GUJCET Based","Self-Fin","4619.00"
"INSTITUTE OF TECHNOLOGY, NIRMA
UNIVERSITY OF SCIENCE & TECHNOLOGY,
AHMEDABAD","ELECTRICAL ENGINEERING","SC","GUJCET Based","Self-Fin","5910.00"
"INSTITUTE OF TECHNOLOGY, NIRMA
UNIVERSITY OF SCIENCE & TECHNOLOGY,
AHMEDABAD","ELECTRICAL ENGINEERING","SEBC","GUJCET Based","Self-Fin","11253.00"
"INSTITUTE OF TECHNOLOGY, NIRMA
UNIVERSITY OF SCIENCE & TECHNOLOGY,
AHMEDABAD","ELECTRONICS &
COMMUNICATION ENGINEERING","GEN","GUJCET Based","Self-Fin","627.00"
"INSTITUTE OF TECHNOLOGY, NIRMA
UNIVERSITY OF SCIENCE & TECHNOLOGY,
AHMEDABAD","ELECTRONICS &
COMMUNICATION ENGINEERING","SC","GUJCET Based","Self-Fin","5438.00"
"INSTITUTE OF TECHNOLOGY, NIRMA
UNIVERSITY OF SCIENCE & TECHNOLOGY,
AHMEDABAD","ELECTRONICS &
COMMUNICATION ENGINEERING","SEBC","GUJCET Based","Self-Fin","2177.00"
"INSTITUTE OF TECHNOLOGY, NIRMA
UNIVERSITY OF SCIENCE & TECHNOLOGY,
AHMEDABAD","ELECTRONICS &
COMMUNICATION ENGINEERING","ST","GUJCET Based","Self-Fin","36154.00"
"INSTITUTE OF TECHNOLOGY, NIRMA
UNIVERSITY OF SCIENCE & TECHNOLOGY,
AHMEDABAD","ELECTRONICS &
COMMUNICATION ENGINEERING -
TFWS","TFWS","GUJCET Based","Self-Fin","253.00"
"INSTITUTE OF TECHNOLOGY, NIRMA
UNIVERSITY OF SCIENCE & TECHNOLOGY,
AHMEDABAD","ELECTRONICS &
INSTRUMENTATION
ENGINEERING","EWS","GUJCET Based","Self-Fin","2532.00"
"INSTITUTE OF TECHNOLOGY, NIRMA
UNIVERSITY OF SCIENCE & TECHNOLOGY,
AHMEDABAD","ELECTRONICS &
INSTRUMENTATION
ENGINEERING","GEN","GUJCET Based","Self-Fin","2186.00"
"INSTITUTE OF TECHNOLOGY, NIRMA
UNIVERSITY OF SCIENCE & TECHNOLOGY,
AHMEDABAD","ELECTRONICS &
INSTRUMENTATION
ENGINEERING","SEBC","GUJCET Based","Self-Fin","2930.00"
"Admission Committee for Professional Courses, Gujarat"
"First Year Degree Engineering : 2025-26"
"Institute Wise : Program Wise : Last Admitted Rank after Round-3"
"Inst_Name","Course_name","Cat_Name","Board","Type of
Institute","closing"
"INSTITUTE OF TECHNOLOGY, NIRMA
UNIVERSITY OF SCIENCE & TECHNOLOGY,
AHMEDABAD","ELECTRONICS &
INSTRUMENTATION
ENGINEERING - TFW","TFWS","GUJCET Based","Self-Fin","919.00"
"INSTITUTE OF TECHNOLOGY, NIRMA
UNIVERSITY OF SCIENCE & TECHNOLOGY,
AHMEDABAD","MECHANICAL ENGINEERING","EWS","GUJCET Based","Self-Fin","3231.00"
"INSTITUTE OF TECHNOLOGY, NIRMA
UNIVERSITY OF SCIENCE & TECHNOLOGY,
AHMEDABAD","MECHANICAL ENGINEERING","GEN","GUJCET Based","Self-Fin","2121.00"
"INSTITUTE OF TECHNOLOGY, NIRMA
UNIVERSITY OF SCIENCE & TECHNOLOGY,
AHMEDABAD","MECHANICAL ENGINEERING","SC","GUJCET Based","Self-Fin","12126.00"
"INSTITUTE OF TECHNOLOGY, NIRMA
UNIVERSITY OF SCIENCE & TECHNOLOGY,
AHMEDABAD","MECHANICAL ENGINEERING","SEBC","GUJCET Based","Self-Fin","10027.00"
"INSTITUTE OF TECHNOLOGY, NIRMA
UNIVERSITY OF SCIENCE & TECHNOLOGY,
AHMEDABAD","MECHANICAL ENGINEERING -
TFWS","TFWS","GUJCET Based","Self-Fin","704.00"
"ITM (SLS) BARODA UNIVERSITY (FORMERLY
KNOWN AS ITM UNIVERSE), VADODARA","CHEMICAL ENGINEERING","GEN","GUJCET Based","Self-Fin","33683.00"
"ITM (SLS) BARODA UNIVERSITY (FORMERLY
KNOWN AS ITM UNIVERSE), VADODARA","COMPUTER SCIENCE &
ENGINEERING","GEN","GUJCET Based","Self-Fin","50185.00"
"ITM (SLS) BARODA UNIVERSITY (FORMERLY
KNOWN AS ITM UNIVERSE), VADODARA","COMPUTER SCIENCE &
ENGINEERING - TFWS","TFWS","GUJCET Based","Self-Fin","20105.00"
"ITM (SLS) BARODA UNIVERSITY (FORMERLY
KNOWN AS ITM UNIVERSE), VADODARA","COMPUTER SCIENCE &
ENGINEERING (ARTIFICIAL
INTELLIGENCE)","GEN","GUJCET Based","Self-Fin","36879.00"
"ITM (SLS) BARODA UNIVERSITY (FORMERLY
KNOWN AS ITM UNIVERSE), VADODARA","COMPUTER SCIENCE &
ENGINEERING (ARTIFICIAL
INTELLIGENCE) - TFWS","TFWS","GUJCET Based","Self-Fin","15358.00"
"ITM (SLS) BARODA UNIVERSITY (FORMERLY
KNOWN AS ITM UNIVERSE), VADODARA","COMPUTER SCIENCE &
ENGINEERING (CYBER SECURITY)","GEN","GUJCET Based","Self-Fin","38972.00"
"ITM (SLS) BARODA UNIVERSITY (FORMERLY
KNOWN AS ITM UNIVERSE), VADODARA","ELECTRONICS &
COMMUNICATION ENGINEERING
(VLSI DESIGN AND TECHNOLOGY)","GEN","GUJCET Based","Self-Fin","31197.00"
"ITM (SLS) BARODA UNIVERSITY (FORMERLY
KNOWN AS ITM UNIVERSE), VADODARA","INFORMATION TECHNOLOGY","GEN","GUJCET Based","Self-Fin","29066.00"
"ITM (SLS) BARODA UNIVERSITY (FORMERLY
KNOWN AS ITM UNIVERSE), VADODARA","ROBOTICS AND AUTOMATION","GEN","GUJCET Based","Self-Fin","38309.00"
"ITM VOCATIONAL UNIVERSITY, WAGHODIA,
DIST: VADODARA","CIVIL ENGINEERING","GEN","GUJCET Based","Self-Fin","16369.00"
"ITM VOCATIONAL UNIVERSITY, WAGHODIA,
DIST: VADODARA","CIVIL ENGINEERING - TFWS","TFWS","GUJCET Based","Self-Fin","28654.00"
"ITM VOCATIONAL UNIVERSITY, WAGHODIA,
DIST: VADODARA","COMPUTER SCIENCE &
ENGINEERING","GEN","GUJCET Based","Self-Fin","35454.00"
"ITM VOCATIONAL UNIVERSITY, WAGHODIA,
DIST: VADODARA","COMPUTER SCIENCE &
ENGINEERING - TFWS","TFWS","GUJCET Based","Self-Fin","23744.00"
"ITM VOCATIONAL UNIVERSITY, WAGHODIA,
DIST: VADODARA","COMPUTER SCIENCE &
ENGINEERING (ARTIFICIAL
INTELLIGENCE AND MACHINE
LEARNING)","GEN","GUJCET Based","Self-Fin","50655.00"
"ITM VOCATIONAL UNIVERSITY, WAGHODIA,
DIST: VADODARA","COMPUTER SCIENCE &
ENGINEERING (ARTIFICIAL
INTELLIGENCE AND MACHINE
LEARNING) - TFWS","TFWS","GUJCET Based","Self-Fin","22654.00"
"ITM VOCATIONAL UNIVERSITY, WAGHODIA,
DIST: VADODARA","COMPUTER SCIENCE &
ENGINEERING (CYBER SECURITY)","GEN","GUJCET Based","Self-Fin","37573.00"
"ITM VOCATIONAL UNIVERSITY, WAGHODIA,
DIST: VADODARA","COMPUTER SCIENCE &
ENGINEERING (CYBER SECURITY) -
TFWS","TFWS","GUJCET Based","Self-Fin","31408.00"
"JG UNIVERSITY - SCHOOL OF ENGINEERING,
AHMEDABAD","ARTIFICIAL INTELLIGENCE AND
DATA SCIENCE","GEN","GUJCET Based","Self-Fin","50778.00"
"JG UNIVERSITY - SCHOOL OF ENGINEERING,
AHMEDABAD","ARTIFICIAL INTELLIGENCE(AI) AND
MACHINE LEARNING","GEN","GUJCET Based","Self-Fin","50610.00"
"JG UNIVERSITY - SCHOOL OF ENGINEERING,
AHMEDABAD","COMPUTER ENGINEERING","GEN","GUJCET Based","Self-Fin","50149.00"
"JG UNIVERSITY - SCHOOL OF ENGINEERING,
AHMEDABAD","COMPUTER ENGINEERING - TFWS","TFWS","GUJCET Based","Self-Fin","17019.00"
"JG UNIVERSITY - SCHOOL OF ENGINEERING,
AHMEDABAD","COMPUTER SCIENCE &
ENGINEERING","GEN","GUJCET Based","Self-Fin","36139.00"
"JG UNIVERSITY - SCHOOL OF ENGINEERING,
AHMEDABAD","COMPUTER SCIENCE &
ENGINEERING - TFWS","TFWS","GUJCET Based","Self-Fin","12214.00"
"Admission Committee for Professional Courses, Gujarat"
"First Year Degree Engineering : 2025-26"
"Institute Wise : Program Wise : Last Admitted Rank after Round-3"
"Inst_Name","Course_name","Cat_Name","Board","Type of
Institute","closing"
"JG UNIVERSITY - SCHOOL OF ENGINEERING,
AHMEDABAD","COMPUTER SCIENCE &
ENGINEERING (ARTIFICIAL
INTELLIGENCE AND MACHINE
LEARNING)","GEN","GUJCET Based","Self-Fin","50902.00"
"JG UNIVERSITY - SCHOOL OF ENGINEERING,
AHMEDABAD","COMPUTER SCIENCE &
ENGINEERING (ARTIFICIAL
INTELLIGENCE)","GEN","GUJCET Based","Self-Fin","32756.00"
"JG UNIVERSITY - SCHOOL OF ENGINEERING,
AHMEDABAD","COMPUTER SCIENCE &
ENGINEERING (BIG DATA
ANALYTICS)","GEN","GUJCET Based","Self-Fin","35593.00"
"JG UNIVERSITY - SCHOOL OF ENGINEERING,
AHMEDABAD","INFORMATION TECHNOLOGY","GEN","GUJCET Based","Self-Fin","50348.00"
"K N School of Technology, Ahmedabad","COMPUTER SCIENCE &
ENGINEERING - TFWS","TFWS","GUJCET Based","Self-Fin","20887.00"
"K.J. INSTITUTE OF ENGG. AND TECH., SAVALI","AUTOMOBILE ENGINEERING","GEN","GUJCET Based","Self-Fin","23296.00"
"K.J. INSTITUTE OF ENGG. AND TECH., SAVALI","ELECTRICAL ENGINEERING","GEN","GUJCET Based","Self-Fin","37732.00"
"K.J. INSTITUTE OF ENGG. AND TECH., SAVALI","INFORMATION TECHNOLOGY","GEN","GUJCET Based","Self-Fin","39020.00"
"KALOL INSTITUTE OF TECH. & RESEARCH
CENTER ,KALOL","INFORMATION TECHNOLOGY","GEN","GUJCET Based","Self-Fin","30214.00"
"KALOL INSTITUTE OF TECH. & RESEARCH
CENTER ,KALOL","MECHANICAL ENGINEERING","GEN","GUJCET Based","Self-Fin","50009.00"
"KRISHNA SCHOOL OF EMERGING
TECHNOLOGY & APPLIED RESEARCH
(FORMERLY KNOWN AS BABARIA INSTITUTE
OF TECHNOLOGY) , VARNAMA, VADODARA","COMPUTER ENGINEERING","GEN","GUJCET Based","Self-Fin","34637.00"
"KRISHNA SCHOOL OF EMERGING
TECHNOLOGY & APPLIED RESEARCH
(FORMERLY KNOWN AS BABARIA INSTITUTE
OF TECHNOLOGY) , VARNAMA, VADODARA","COMPUTER SCIENCE &
ENGINEERING","GEN","GUJCET Based","Self-Fin","39058.00"
"KRISHNA SCHOOL OF EMERGING
TECHNOLOGY & APPLIED RESEARCH
(FORMERLY KNOWN AS BABARIA INSTITUTE
OF TECHNOLOGY) , VARNAMA, VADODARA","COMPUTER SCIENCE &
ENGINEERING - TFWS","TFWS","GUJCET Based","Self-Fin","5286.00"
"KRISHNA SCHOOL OF EMERGING
TECHNOLOGY & APPLIED RESEARCH
(FORMERLY KNOWN AS BABARIA INSTITUTE
OF TECHNOLOGY) , VARNAMA, VADODARA","ELECTRICAL ENGINEERING","GEN","GUJCET Based","Self-Fin","21208.00"
"KRISHNA SCHOOL OF EMERGING
TECHNOLOGY & APPLIED RESEARCH
(FORMERLY KNOWN AS BABARIA INSTITUTE
OF TECHNOLOGY) , VARNAMA, VADODARA","INFORMATION TECHNOLOGY","GEN","GUJCET Based","Self-Fin","35860.00"
"KRISHNA SCHOOL OF EMERGING
TECHNOLOGY & APPLIED RESEARCH
(FORMERLY KNOWN AS BABARIA INSTITUTE
OF TECHNOLOGY) , VARNAMA, VADODARA","MECHANICAL ENGINEERING","GEN","GUJCET Based","Self-Fin","38715.00"
"L.D.R.P. INSTITUTE OF TECH. & RESEARCH.,
GANDHINAGAR","CIVIL ENGINEERING","GEN","GUJCET Based","Self-Fin","50769.00"
"L.D.R.P. INSTITUTE OF TECH. & RESEARCH.,
GANDHINAGAR","COMPUTER ENGINEERING","EWS","GUJCET Based","Self-Fin","50565.00"
"L.D.R.P. INSTITUTE OF TECH. & RESEARCH.,
GANDHINAGAR","COMPUTER ENGINEERING","GEN","GUJCET Based","Self-Fin","36919.00"
"L.D.R.P. INSTITUTE OF TECH. & RESEARCH.,
GANDHINAGAR","COMPUTER ENGINEERING","SC","GUJCET Based","Self-Fin","38845.00"
"L.D.R.P. INSTITUTE OF TECH. & RESEARCH.,
GANDHINAGAR","COMPUTER ENGINEERING","SEBC","GUJCET Based","Self-Fin","50893.00"
"L.D.R.P. INSTITUTE OF TECH. & RESEARCH.,
GANDHINAGAR","COMPUTER ENGINEERING - TFWS","TFWS","GUJCET Based","Self-Fin","6358.00"
"L.D.R.P. INSTITUTE OF TECH. & RESEARCH.,
GANDHINAGAR","ELECTRICAL ENGINEERING","GEN","GUJCET Based","Self-Fin","50654.00"
"L.D.R.P. INSTITUTE OF TECH. & RESEARCH.,
GANDHINAGAR","ELECTRONICS &
COMMUNICATION ENGINEERING","EWS","GUJCET Based","Self-Fin","27913.00"
"L.D.R.P. INSTITUTE OF TECH. & RESEARCH.,
GANDHINAGAR","ELECTRONICS &
COMMUNICATION ENGINEERING","GEN","GUJCET Based","Self-Fin","24683.00"
"L.D.R.P. INSTITUTE OF TECH. & RESEARCH.,
GANDHINAGAR","ELECTRONICS &
COMMUNICATION ENGINEERING","SEBC","GUJCET Based","Self-Fin","33867.00"
"L.D.R.P. INSTITUTE OF TECH. & RESEARCH.,
GANDHINAGAR","INFORMATION TECHNOLOGY","GEN","GUJCET Based","Self-Fin","50795.00"
"Admission Committee for Professional Courses, Gujarat"
"First Year Degree Engineering : 2025-26"
"Institute Wise : Program Wise : Last Admitted Rank after Round-3"
"Inst_Name","Course_name","Cat_Name","Board","Type of
Institute","closing"
"L.D.R.P. INSTITUTE OF TECH. & RESEARCH.,
GANDHINAGAR","INFORMATION TECHNOLOGY -
TFWS","TFWS","GUJCET Based","Self-Fin","7011.00"
"L.D.R.P. INSTITUTE OF TECH. & RESEARCH.,
GANDHINAGAR","MECHANICAL ENGINEERING","GEN","GUJCET Based","Self-Fin","38364.00"
"L.J. INSTITUTE OF ENGG AND TECH.,
AHMEDABAD","ARTIFICIAL INTELLIGENCE AND
DATA SCIENCE","EWS","GUJCET Based","Self-Fin","22581.00"
"L.J. INSTITUTE OF ENGG AND TECH.,
AHMEDABAD","ARTIFICIAL INTELLIGENCE AND
DATA SCIENCE","GEN","GUJCET Based","Self-Fin","20250.00"
"L.J. INSTITUTE OF ENGG AND TECH.,
AHMEDABAD","ARTIFICIAL INTELLIGENCE AND
DATA SCIENCE","SC","GUJCET Based","Self-Fin","34393.00"
"L.J. INSTITUTE OF ENGG AND TECH.,
AHMEDABAD","ARTIFICIAL INTELLIGENCE AND
DATA SCIENCE","SEBC","GUJCET Based","Self-Fin","25670.00"
"L.J. INSTITUTE OF ENGG AND TECH.,
AHMEDABAD","ARTIFICIAL INTELLIGENCE(AI) AND
MACHINE LEARNING","EWS","GUJCET Based","Self-Fin","17040.00"
"L.J. INSTITUTE OF ENGG AND TECH.,
AHMEDABAD","ARTIFICIAL INTELLIGENCE(AI) AND
MACHINE LEARNING","GEN","GUJCET Based","Self-Fin","14557.00"
"L.J. INSTITUTE OF ENGG AND TECH.,
AHMEDABAD","ARTIFICIAL INTELLIGENCE(AI) AND
MACHINE LEARNING","SC","GUJCET Based","Self-Fin","34081.00"
"L.J. INSTITUTE OF ENGG AND TECH.,
AHMEDABAD","ARTIFICIAL INTELLIGENCE(AI) AND
MACHINE LEARNING","SEBC","GUJCET Based","Self-Fin","19883.00"
"L.J. INSTITUTE OF ENGG AND TECH.,
AHMEDABAD","BIOTECHNOLOGY","EWS","GUJCET Based","Self-Fin","33429.00"
"L.J. INSTITUTE OF ENGG AND TECH.,
AHMEDABAD","BIOTECHNOLOGY","GEN","GUJCET Based","Self-Fin","17478.00"
"L.J. INSTITUTE OF ENGG AND TECH.,
AHMEDABAD","BIOTECHNOLOGY","SEBC","GUJCET Based","Self-Fin","31678.00"
"L.J. INSTITUTE OF ENGG AND TECH.,
AHMEDABAD","CHEMICAL ENGINEERING","EWS","GUJCET Based","Self-Fin","25101.00"
"L.J. INSTITUTE OF ENGG AND TECH.,
AHMEDABAD","CHEMICAL ENGINEERING","GEN","GUJCET Based","Self-Fin","23328.00"
"L.J. INSTITUTE OF ENGG AND TECH.,
AHMEDABAD","CHEMICAL ENGINEERING","SEBC","GUJCET Based","Self-Fin","34974.00"
"L.J. INSTITUTE OF ENGG AND TECH.,
AHMEDABAD","CIVIL ENGINEERING","GEN","GUJCET Based","Self-Fin","38398.00"
"L.J. INSTITUTE OF ENGG AND TECH.,
AHMEDABAD","CIVIL ENGINEERING","SEBC","GUJCET Based","Self-Fin","50740.00"
"L.J. INSTITUTE OF ENGG AND TECH.,
AHMEDABAD","COMPUTER ENGINEERING","EWS","GUJCET Based","Self-Fin","12817.00"
"L.J. INSTITUTE OF ENGG AND TECH.,
AHMEDABAD","COMPUTER ENGINEERING","GEN","GUJCET Based","Self-Fin","12204.00"
"L.J. INSTITUTE OF ENGG AND TECH.,
AHMEDABAD","COMPUTER ENGINEERING","SC","GUJCET Based","Self-Fin","26075.00"
"L.J. INSTITUTE OF ENGG AND TECH.,
AHMEDABAD","COMPUTER ENGINEERING","SEBC","GUJCET Based","Self-Fin","19765.00"
"L.J. INSTITUTE OF ENGG AND TECH.,
AHMEDABAD","COMPUTER ENGINEERING - TFWS","TFWS","GUJCET Based","Self-Fin","4325.00"
"L.J. INSTITUTE OF ENGG AND TECH.,
AHMEDABAD","COMPUTER ENGINEERING &
APPLICATION","EWS","GUJCET Based","Self-Fin","33296.00"
"L.J. INSTITUTE OF ENGG AND TECH.,
AHMEDABAD","COMPUTER ENGINEERING &
APPLICATION","GEN","GUJCET Based","Self-Fin","29015.00"
"L.J. INSTITUTE OF ENGG AND TECH.,
AHMEDABAD","COMPUTER ENGINEERING &
APPLICATION","SC","GUJCET Based","Self-Fin","37554.00"
"L.J. INSTITUTE OF ENGG AND TECH.,
AHMEDABAD","COMPUTER ENGINEERING &
APPLICATION","SEBC","GUJCET Based","Self-Fin","35045.00"
"L.J. INSTITUTE OF ENGG AND TECH.,
AHMEDABAD","COMPUTER SCIENCE &
BIOSCIENCES","EWS","GUJCET Based","Self-Fin","35377.00"
"L.J. INSTITUTE OF ENGG AND TECH.,
AHMEDABAD","COMPUTER SCIENCE &
BIOSCIENCES","GEN","GUJCET Based","Self-Fin","17545.00"
"L.J. INSTITUTE OF ENGG AND TECH.,
AHMEDABAD","COMPUTER SCIENCE &
BIOSCIENCES","SEBC","GUJCET Based","Self-Fin","50497.00"
"L.J. INSTITUTE OF ENGG AND TECH.,
AHMEDABAD","COMPUTER SCIENCE & DESIGN","EWS","GUJCET Based","Self-Fin","50834.00"
"L.J. INSTITUTE OF ENGG AND TECH.,
AHMEDABAD","COMPUTER SCIENCE & DESIGN","GEN","GUJCET Based","Self-Fin","35507.00"
"L.J. INSTITUTE OF ENGG AND TECH.,
AHMEDABAD","COMPUTER SCIENCE & DESIGN","SEBC","GUJCET Based","Self-Fin","38029.00"
"L.J. INSTITUTE OF ENGG AND TECH.,
AHMEDABAD","COMPUTER SCIENCE &
ENGINEERING","EWS","GUJCET Based","Self-Fin","11004.00"
"L.J. INSTITUTE OF ENGG AND TECH.,
AHMEDABAD","COMPUTER SCIENCE &
ENGINEERING","GEN","GUJCET Based","Self-Fin","9657.00"
"L.J. INSTITUTE OF ENGG AND TECH.,
AHMEDABAD","COMPUTER SCIENCE &
ENGINEERING","SC","GUJCET Based","Self-Fin","18963.00"
"L.J. INSTITUTE OF ENGG AND TECH.,
AHMEDABAD","COMPUTER SCIENCE &
ENGINEERING","SEBC","GUJCET Based","Self-Fin","18566.00"
"L.J. INSTITUTE OF ENGG AND TECH.,
AHMEDABAD","COMPUTER SCIENCE &
ENGINEERING - TFWS","TFWS","GUJCET Based","Self-Fin","4948.00"
"L.J. INSTITUTE OF ENGG AND TECH.,
AHMEDABAD","COMPUTER SCIENCE &
ENGINEERING (ARTIFICIAL
INTELLIGENCE)","EWS","GUJCET Based","Self-Fin","9606.00"
"Admission Committee for Professional Courses, Gujarat"
"First Year Degree Engineering : 2025-26"
"Institute Wise : Program Wise : Last Admitted Rank after Round-3"
"Inst_Name","Course_name","Cat_Name","Board","Type of
Institute","closing"
"L.J. INSTITUTE OF ENGG AND TECH.,
AHMEDABAD","COMPUTER SCIENCE &
ENGINEERING (ARTIFICIAL
INTELLIGENCE)","GEN","GUJCET Based","Self-Fin","9358.00"
"L.J. INSTITUTE OF ENGG AND TECH.,
AHMEDABAD","COMPUTER SCIENCE &
ENGINEERING (ARTIFICIAL
INTELLIGENCE)","SEBC","GUJCET Based","Self-Fin","14745.00"
"L.J. INSTITUTE OF ENGG AND TECH.,
AHMEDABAD","COMPUTER SCIENCE &
ENGINEERING (CYBER SECURITY)","EWS","GUJCET Based","Self-Fin","19955.00"
"L.J. INSTITUTE OF ENGG AND TECH.,
AHMEDABAD","COMPUTER SCIENCE &
ENGINEERING (CYBER SECURITY)","GEN","GUJCET Based","Self-Fin","19652.00"
"L.J. INSTITUTE OF ENGG AND TECH.,
AHMEDABAD","COMPUTER SCIENCE &
ENGINEERING (CYBER SECURITY)","SC","GUJCET Based","Self-Fin","22821.00"
"L.J. INSTITUTE OF ENGG AND TECH.,
AHMEDABAD","COMPUTER SCIENCE &
ENGINEERING (CYBER SECURITY)","SEBC","GUJCET Based","Self-Fin","28188.00"
"L.J. INSTITUTE OF ENGG AND TECH.,
AHMEDABAD","COMPUTER SCIENCE &
ENGINEERING (CYBER SECURITY) -
TFWS","TFWS","GUJCET Based","Self-Fin","5743.00"
"L.J. INSTITUTE OF ENGG AND TECH.,
AHMEDABAD","COMPUTER SCIENCE &
ENGINEERING (DATA SCIENCE)","EWS","GUJCET Based","Self-Fin","13895.00"
"L.J. INSTITUTE OF ENGG AND TECH.,
AHMEDABAD","COMPUTER SCIENCE &
ENGINEERING (DATA SCIENCE)","GEN","GUJCET Based","Self-Fin","12084.00"
"L.J. INSTITUTE OF ENGG AND TECH.,
AHMEDABAD","COMPUTER SCIENCE &
ENGINEERING (DATA SCIENCE)","SC","GUJCET Based","Self-Fin","33419.00"
"L.J. INSTITUTE OF ENGG AND TECH.,
AHMEDABAD","COMPUTER SCIENCE &
ENGINEERING (DATA SCIENCE)","SEBC","GUJCET Based","Self-Fin","18069.00"
"L.J. INSTITUTE OF ENGG AND TECH.,
AHMEDABAD","COMPUTER SCIENCE &
INFORMATION TECHNOLOGY","EWS","GUJCET Based","Self-Fin","21616.00"
"L.J. INSTITUTE OF ENGG AND TECH.,
AHMEDABAD","COMPUTER SCIENCE &
INFORMATION TECHNOLOGY","GEN","GUJCET Based","Self-Fin","19583.00"
"L.J. INSTITUTE OF ENGG AND TECH.,
AHMEDABAD","COMPUTER SCIENCE &
INFORMATION TECHNOLOGY","SEBC","GUJCET Based","Self-Fin","32664.00"
"L.J. INSTITUTE OF ENGG AND TECH.,
AHMEDABAD","COMPUTER SCIENCE &
TECHNOLOGY","EWS","GUJCET Based","Self-Fin","27883.00"
"L.J. INSTITUTE OF ENGG AND TECH.,
AHMEDABAD","COMPUTER SCIENCE &
TECHNOLOGY","GEN","GUJCET Based","Self-Fin","24655.00"
"L.J. INSTITUTE OF ENGG AND TECH.,
AHMEDABAD","COMPUTER SCIENCE &
TECHNOLOGY","SC","GUJCET Based","Self-Fin","32015.00"
"L.J. INSTITUTE OF ENGG AND TECH.,
AHMEDABAD","COMPUTER SCIENCE &
TECHNOLOGY","SEBC","GUJCET Based","Self-Fin","37214.00"
"L.J. INSTITUTE OF ENGG AND TECH.,
AHMEDABAD","COMPUTER SCIENCE &
TECHNOLOGY - TFWS","TFWS","GUJCET Based","Self-Fin","6452.00"
"L.J. INSTITUTE OF ENGG AND TECH.,
AHMEDABAD","ELECTRONICS &
COMMUNICATION ENGINEERING","EWS","GUJCET Based","Self-Fin","9140.00"
"L.J. INSTITUTE OF ENGG AND TECH.,
AHMEDABAD","ELECTRONICS &
COMMUNICATION ENGINEERING","GEN","GUJCET Based","Self-Fin","8975.00"
"L.J. INSTITUTE OF ENGG AND TECH.,
AHMEDABAD","ELECTRONICS &
COMMUNICATION ENGINEERING","SEBC","GUJCET Based","Self-Fin","18642.00"
"L.J. INSTITUTE OF ENGG AND TECH.,
AHMEDABAD","ELECTRONICS ENGINEERING (VLSI
DESIGN AND TECHNOLOGY)","GEN","GUJCET Based","Self-Fin","28098.00"
"L.J. INSTITUTE OF ENGG AND TECH.,
AHMEDABAD","INFORMATION TECHNOLOGY","EWS","GUJCET Based","Self-Fin","19773.00"
"L.J. INSTITUTE OF ENGG AND TECH.,
AHMEDABAD","INFORMATION TECHNOLOGY","GEN","GUJCET Based","Self-Fin","18640.00"
"L.J. INSTITUTE OF ENGG AND TECH.,
AHMEDABAD","INFORMATION TECHNOLOGY","SC","GUJCET Based","Self-Fin","36947.00"
"L.J. INSTITUTE OF ENGG AND TECH.,
AHMEDABAD","INFORMATION TECHNOLOGY","SEBC","GUJCET Based","Self-Fin","25104.00"
"L.J. INSTITUTE OF ENGG AND TECH.,
AHMEDABAD","INFORMATION TECHNOLOGY -
TFWS","TFWS","GUJCET Based","Self-Fin","6650.00"
"L.J. INSTITUTE OF ENGG AND TECH.,
AHMEDABAD","MATHEMATICS AND COMPUTING","GEN","GUJCET Based","Self-Fin","38612.00"
"L.J. INSTITUTE OF ENGG AND TECH.,
AHMEDABAD","MECHANICAL ENGINEERING","EWS","GUJCET Based","Self-Fin","20851.00"
"L.J. INSTITUTE OF ENGG AND TECH.,
AHMEDABAD","MECHANICAL ENGINEERING","GEN","GUJCET Based","Self-Fin","20799.00"
"L.J. INSTITUTE OF ENGG AND TECH.,
AHMEDABAD","MECHANICAL ENGINEERING","SEBC","GUJCET Based","Self-Fin","50467.00"
"Admission Committee for Professional Courses, Gujarat"
"First Year Degree Engineering : 2025-26"
"Institute Wise : Program Wise : Last Admitted Rank after Round-3"
"Inst_Name","Course_name","Cat_Name","Board","Type of
Institute","closing"
"L.J. INSTITUTE OF ENGG AND TECH.,
AHMEDABAD","ROBOTICS & ARTIFICIAL
INTELLIGENCE","GEN","GUJCET Based","Self-Fin","35284.00"
"L.J. INSTITUTE OF ENGG AND TECH.,
AHMEDABAD","ROBOTICS & ARTIFICIAL
INTELLIGENCE","SC","GUJCET Based","Self-Fin","36233.00"
"LAXMI INSTITUTE OF TECHNOLOGY,
SARIGAM, VALSAD","COMPUTER SCIENCE &
ENGINEERING","GEN","GUJCET Based","Self-Fin","34369.00"
"LAXMI INSTITUTE OF TECHNOLOGY,
SARIGAM, VALSAD","ELECTRICAL ENGINEERING","GEN","GUJCET Based","Self-Fin","50511.00"
"LAXMI INSTITUTE OF TECHNOLOGY,
SARIGAM, VALSAD","ELECTRONICS &
COMMUNICATION ENGINEERING","GEN","GUJCET Based","Self-Fin","30576.00"
"LAXMI INSTITUTE OF TECHNOLOGY,
SARIGAM, VALSAD","INFORMATION TECHNOLOGY","GEN","GUJCET Based","Self-Fin","50215.00"
"LAXMI INSTITUTE OF TECHNOLOGY,
SARIGAM, VALSAD","MECHANICAL ENGINEERING","GEN","GUJCET Based","Self-Fin","31374.00"
"MADHUBEN & BHANUBHAI PATEL INSTITUTE
OF TECHNOLOGY, NEW V.V.NAGAR","COMPUTER ENGINEERING","GEN","GUJCET Based","Self-Fin","33676.00"
"MADHUBEN & BHANUBHAI PATEL INSTITUTE
OF TECHNOLOGY, NEW V.V.NAGAR","COMPUTER ENGINEERING - TFWS","TFWS","GUJCET Based","Self-Fin","12898.00"
"MADHUBEN & BHANUBHAI PATEL INSTITUTE
OF TECHNOLOGY, NEW V.V.NAGAR","CYBER SECURITY -TFWS","TFWS","GUJCET Based","Self-Fin","19157.00"
"MADHUBEN & BHANUBHAI PATEL INSTITUTE
OF TECHNOLOGY, NEW V.V.NAGAR","ELECTRONICS &
COMMUNICATION ENGINEERING","GEN","GUJCET Based","Self-Fin","28734.00"
"MADHUBEN & BHANUBHAI PATEL INSTITUTE
OF TECHNOLOGY, NEW V.V.NAGAR","INFORMATION TECHNOLOGY","GEN","GUJCET Based","Self-Fin","37761.00"
"MADHUBEN & BHANUBHAI PATEL INSTITUTE
OF TECHNOLOGY, NEW V.V.NAGAR","INFORMATION TECHNOLOGY -
TFWS","TFWS","GUJCET Based","Self-Fin","14956.00"
"MAHATMA GANDHI INSTITUTE OF TECHNICAL
EDUCATION & RESEARCH CENTRE, NAVSARI","CIVIL ENGINEERING - TFWS","TFWS","GUJCET Based","Self-Fin","22287.00"
"MAHATMA GANDHI INSTITUTE OF TECHNICAL
EDUCATION & RESEARCH CENTRE, NAVSARI","COMPUTER ENGINEERING","GEN","GUJCET Based","Self-Fin","29139.00"
"MAHATMA GANDHI INSTITUTE OF TECHNICAL
EDUCATION & RESEARCH CENTRE, NAVSARI","COMPUTER ENGINEERING - TFWS","TFWS","GUJCET Based","Self-Fin","22196.00"
"MAHATMA GANDHI INSTITUTE OF TECHNICAL
EDUCATION & RESEARCH CENTRE, NAVSARI","ELECTRICAL ENGINEERING","GEN","GUJCET Based","Self-Fin","38049.00"
"MAHAVIR SWAMI COLLEGE OF ENGINEERING
& TECHNOLOGY, BHARTHANA-VESU, SURAT","COMPUTER ENGINEERING","GEN","GUJCET Based","Self-Fin","29201.00"
"MARWADI EDUCATION FOUNDATION'S
GROUP OF INSTITUTIONS - FACULTY OF
ENGINEERING & TECHNOLOGY, RAJKOT","BIOINFORMATICS - TFW","TFWS","GUJCET Based","Self-Fin","20513.00"
"MARWADI EDUCATION FOUNDATION'S
GROUP OF INSTITUTIONS - FACULTY OF
ENGINEERING & TECHNOLOGY, RAJKOT","CIVIL ENGINEERING","GEN","GUJCET Based","Self-Fin","32523.00"
"MARWADI EDUCATION FOUNDATION'S
GROUP OF INSTITUTIONS - FACULTY OF
ENGINEERING & TECHNOLOGY, RAJKOT","COMPUTER ENGINEERING","GEN","GUJCET Based","Self-Fin","50266.00"
"MARWADI EDUCATION FOUNDATION'S
GROUP OF INSTITUTIONS - FACULTY OF
ENGINEERING & TECHNOLOGY, RAJKOT","COMPUTER SCIENCE &
ENGINEERING","GEN","GUJCET Based","Self-Fin","37419.00"
"MARWADI EDUCATION FOUNDATION'S
GROUP OF INSTITUTIONS - FACULTY OF
ENGINEERING & TECHNOLOGY, RAJKOT","COMPUTER SCIENCE &
ENGINEERING (ARTIFICIAL
INTELLIGENCE AND MACHINE
LEARNING)","GEN","GUJCET Based","Self-Fin","38374.00"
"MARWADI EDUCATION FOUNDATION'S
GROUP OF INSTITUTIONS - FACULTY OF
ENGINEERING & TECHNOLOGY, RAJKOT","COMPUTER SCIENCE &
ENGINEERING (ARTIFICIAL
INTELLIGENCE)","GEN","GUJCET Based","Self-Fin","50204.00"
"MARWADI EDUCATION FOUNDATION'S
GROUP OF INSTITUTIONS - FACULTY OF
ENGINEERING & TECHNOLOGY, RAJKOT","COMPUTER SCIENCE &
ENGINEERING (ARTIFICIAL
INTELLIGENCE) - TFWS","TFWS","GUJCET Based","Self-Fin","11964.00"
"MARWADI EDUCATION FOUNDATION'S
GROUP OF INSTITUTIONS - FACULTY OF
ENGINEERING & TECHNOLOGY, RAJKOT","COMPUTER SCIENCE &
ENGINEERING (CYBER SECURITY)","GEN","GUJCET Based","Self-Fin","50080.00"
"MARWADI EDUCATION FOUNDATION'S
GROUP OF INSTITUTIONS - FACULTY OF
ENGINEERING & TECHNOLOGY, RAJKOT","ELECTRICAL ENGINEERING","GEN","GUJCET Based","Self-Fin","34716.00"
"MARWADI EDUCATION FOUNDATION'S
GROUP OF INSTITUTIONS - FACULTY OF
ENGINEERING & TECHNOLOGY, RAJKOT","ELECTRONICS &
COMMUNICATION ENGINEERING","GEN","GUJCET Based","Self-Fin","32970.00"
"Admission Committee for Professional Courses, Gujarat"
"First Year Degree Engineering : 2025-26"
"Institute Wise : Program Wise : Last Admitted Rank after Round-3"
"Inst_Name","Course_name","Cat_Name","Board","Type of
Institute","closing"
"MARWADI EDUCATION FOUNDATION'S
GROUP OF INSTITUTIONS - FACULTY OF
ENGINEERING & TECHNOLOGY, RAJKOT","ELECTRONICS &
COMMUNICATION ENGINEERING
(ARTIFICIAL INTELLIGENCE AND
MACHINE LEARNING)","GEN","GUJCET Based","Self-Fin","37955.00"
"MARWADI EDUCATION FOUNDATION'S
GROUP OF INSTITUTIONS - FACULTY OF
ENGINEERING & TECHNOLOGY, RAJKOT","INFORMATION TECHNOLOGY","GEN","GUJCET Based","Self-Fin","19859.00"
"MARWADI EDUCATION FOUNDATION'S
GROUP OF INSTITUTIONS - FACULTY OF
ENGINEERING & TECHNOLOGY, RAJKOT","INFORMATION TECHNOLOGY -
TFWS","TFWS","GUJCET Based","Self-Fin","7712.00"
"MARWADI EDUCATION FOUNDATION'S
GROUP OF INSTITUTIONS - FACULTY OF
ENGINEERING & TECHNOLOGY, RAJKOT","MECHANICAL ENGINEERING","GEN","GUJCET Based","Self-Fin","16704.00"
"MARWADI EDUCATION FOUNDATION'S
GROUP OF INSTITUTIONS - FACULTY OF
ENGINEERING & TECHNOLOGY, RAJKOT","ROBOTICS AND AUTOMATION","GEN","GUJCET Based","Self-Fin","38838.00"
"MARWADI EDUCATION FOUNDATION'S
GROUP OF INSTITUTIONS - FACULTY OF
ENGINEERING & TECHNOLOGY, RAJKOT","ROBOTICS AND AUTOMATION -
TFWS","TFWS","GUJCET Based","Self-Fin","28778.00"
"MERCHANT ENGG. COLLEGE, BASNA.
VISNAGAR","COMPUTER ENGINEERING","GEN","GUJCET Based","Self-Fin","35717.00"
"NEW L. J. INSTITUTE OF ENGINEERING AND
TECHNOLOGY, AHMEDABAD","COMPUTER SCIENCE &
ENGINEERING","EWS","GUJCET Based","Self-Fin","17064.00"
"NEW L. J. INSTITUTE OF ENGINEERING AND
TECHNOLOGY, AHMEDABAD","COMPUTER SCIENCE &
ENGINEERING","GEN","GUJCET Based","Self-Fin","13475.00"
"NEW L. J. INSTITUTE OF ENGINEERING AND
TECHNOLOGY, AHMEDABAD","COMPUTER SCIENCE &
ENGINEERING","SEBC","GUJCET Based","Self-Fin","25832.00"
"NEW L. J. INSTITUTE OF ENGINEERING AND
TECHNOLOGY, AHMEDABAD","COMPUTER SCIENCE &
ENGINEERING - TFWS","TFWS","GUJCET Based","Self-Fin","4787.00"
"NEW L. J. INSTITUTE OF ENGINEERING AND
TECHNOLOGY, AHMEDABAD","COMPUTER SCIENCE &
ENGINEERING (ARTIFICIAL
INTELLIGENCE AND MACHINE
LEARNING)","EWS","GUJCET Based","Self-Fin","29576.00"
"NEW L. J. INSTITUTE OF ENGINEERING AND
TECHNOLOGY, AHMEDABAD","COMPUTER SCIENCE &
ENGINEERING (ARTIFICIAL
INTELLIGENCE AND MACHINE
LEARNING)","GEN","GUJCET Based","Self-Fin","23424.00"
"NEW L. J. INSTITUTE OF ENGINEERING AND
TECHNOLOGY, AHMEDABAD","COMPUTER SCIENCE &
ENGINEERING (ARTIFICIAL
INTELLIGENCE AND MACHINE
LEARNING)","SC","GUJCET Based","Self-Fin","50786.00"
"NEW L. J. INSTITUTE OF ENGINEERING AND
TECHNOLOGY, AHMEDABAD","COMPUTER SCIENCE &
ENGINEERING (ARTIFICIAL
INTELLIGENCE AND MACHINE
LEARNING)","SEBC","GUJCET Based","Self-Fin","36867.00"
"NEW L. J. INSTITUTE OF ENGINEERING AND
TECHNOLOGY, AHMEDABAD","COMPUTER SCIENCE &
ENGINEERING (DATA SCIENCE)","EWS","GUJCET Based","Self-Fin","24290.00"
"NEW L. J. INSTITUTE OF ENGINEERING AND
TECHNOLOGY, AHMEDABAD","COMPUTER SCIENCE &
ENGINEERING (DATA SCIENCE)","GEN","GUJCET Based","Self-Fin","21750.00"
"NEW L. J. INSTITUTE OF ENGINEERING AND
TECHNOLOGY, AHMEDABAD","COMPUTER SCIENCE &
ENGINEERING (DATA SCIENCE)","SEBC","GUJCET Based","Self-Fin","37413.00"
"NOBLE ENGINEERING COLLEGE, JUNAGADH","CIVIL ENGINEERING","GEN","GUJCET Based","Self-Fin","17559.00"
"NOBLE ENGINEERING COLLEGE, JUNAGADH","COMPUTER SCIENCE &
ENGINEERING","GEN","GUJCET Based","Self-Fin","37978.00"
"P.P. SAVANI SCHOOL OF ENGINEERING, P.P.
SAVANI UNIVERSITY, KOSAMBA","CHEMICAL ENGINEERING","GEN","GUJCET Based","Self-Fin","37386.00"
"P.P. SAVANI SCHOOL OF ENGINEERING, P.P.
SAVANI UNIVERSITY, KOSAMBA","CIVIL ENGINEERING","GEN","GUJCET Based","Self-Fin","50234.00"
"P.P. SAVANI SCHOOL OF ENGINEERING, P.P.
SAVANI UNIVERSITY, KOSAMBA","COMPUTER ENGINEERING","GEN","GUJCET Based","Self-Fin","50412.00"
"P.P. SAVANI SCHOOL OF ENGINEERING, P.P.
SAVANI UNIVERSITY, KOSAMBA","COMPUTER ENGINEERING - TFWS","TFWS","GUJCET Based","Self-Fin","9434.00"
"P.P. SAVANI SCHOOL OF ENGINEERING, P.P.
SAVANI UNIVERSITY, KOSAMBA","COMPUTER SCIENCE &
ENGINEERING","EWS","GUJCET Based","Self-Fin","23171.00"
"P.P. SAVANI SCHOOL OF ENGINEERING, P.P.
SAVANI UNIVERSITY, KOSAMBA","COMPUTER SCIENCE &
ENGINEERING","GEN","GUJCET Based","Self-Fin","18170.00"
"P.P. SAVANI SCHOOL OF ENGINEERING, P.P.
SAVANI UNIVERSITY, KOSAMBA","COMPUTER SCIENCE &
ENGINEERING","SEBC","GUJCET Based","Self-Fin","36338.00"
"P.P. SAVANI SCHOOL OF ENGINEERING, P.P.
SAVANI UNIVERSITY, KOSAMBA","COMPUTER SCIENCE &
ENGINEERING (ARTIFICIAL
INTELLIGENCE AND MACHINE
LEARNING)","GEN","GUJCET Based","Self-Fin","39045.00"
"Admission Committee for Professional Courses, Gujarat"
"First Year Degree Engineering : 2025-26"
"Institute Wise : Program Wise : Last Admitted Rank after Round-3"
"Inst_Name","Course_name","Cat_Name","Board","Type of
Institute","closing"
"P.P. SAVANI SCHOOL OF ENGINEERING, P.P.
SAVANI UNIVERSITY, KOSAMBA","COMPUTER SCIENCE &
ENGINEERING (ARTIFICIAL
INTELLIGENCE AND MACHINE
LEARNING) - TFWS","TFWS","GUJCET Based","Self-Fin","7792.00"
"P.P. SAVANI SCHOOL OF ENGINEERING, P.P.
SAVANI UNIVERSITY, KOSAMBA","COMPUTER SCIENCE &
ENGINEERING (CYBER SECURITY)","GEN","GUJCET Based","Self-Fin","24788.00"
"P.P. SAVANI SCHOOL OF ENGINEERING, P.P.
SAVANI UNIVERSITY, KOSAMBA","COMPUTER SCIENCE &
ENGINEERING (DATA SCIENCE)","GEN","GUJCET Based","Self-Fin","36675.00"
"P.P. SAVANI SCHOOL OF ENGINEERING, P.P.
SAVANI UNIVERSITY, KOSAMBA","COMPUTER SCIENCE &
ENGINEERING (DATA SCIENCE) -
TFW","TFWS","GUJCET Based","Self-Fin","9905.00"
"P.P. SAVANI SCHOOL OF ENGINEERING, P.P.
SAVANI UNIVERSITY, KOSAMBA","ELECTRICAL ENGINEERING
(SUSTAINABLE ENERGY
ENGINEERING)-TFWS","TFWS","GUJCET Based","Self-Fin","36702.00"
"P.P. SAVANI SCHOOL OF ENGINEERING, P.P.
SAVANI UNIVERSITY, KOSAMBA","ELECTRONICS &
COMMUNICATION ENGINEERING","GEN","GUJCET Based","Self-Fin","34514.00"
"P.P. SAVANI SCHOOL OF ENGINEERING, P.P.
SAVANI UNIVERSITY, KOSAMBA","ELECTRONICS &
COMMUNICATION ENGINEERING -
TFWS","TFWS","GUJCET Based","Self-Fin","11347.00"
"P.P. SAVANI SCHOOL OF ENGINEERING, P.P.
SAVANI UNIVERSITY, KOSAMBA","INFORMATION TECHNOLOGY","GEN","GUJCET Based","Self-Fin","36839.00"
"P.P. SAVANI SCHOOL OF ENGINEERING, P.P.
SAVANI UNIVERSITY, KOSAMBA","INFORMATION TECHNOLOGY &
ENGINEERING","GEN","GUJCET Based","Self-Fin","38112.00"
"P.P. SAVANI SCHOOL OF ENGINEERING, P.P.
SAVANI UNIVERSITY, KOSAMBA","MECHANICAL ENGINEERING","GEN","GUJCET Based","Self-Fin","36485.00"
"P.P. SAVANI SCHOOL OF ENGINEERING, P.P.
SAVANI UNIVERSITY, KOSAMBA","MECHANICAL ENGINEERING
(SUSTAINABLE ENERGY
ENGINEERING)-TFWS","TFWS","GUJCET Based","Self-Fin","35357.00"
"PACIFIC SCHOOL OF ENGINEERING, SURAT","CIVIL ENGINEERING","GEN","GUJCET Based","Self-Fin","27886.00"
"PACIFIC SCHOOL OF ENGINEERING, SURAT","COMPUTER ENGINEERING","GEN","GUJCET Based","Self-Fin","29373.00"
"PACIFIC SCHOOL OF ENGINEERING, SURAT","MECHANICAL ENGINEERING","GEN","GUJCET Based","Self-Fin","50302.00"
"PANDIT DEENDAYAL ENERGY UNIVERSITY
,GANDHINAGAR","BIOTECHNOLOGY","EWS","GUJCET Based","Self-Fin","22181.00"
"PANDIT DEENDAYAL ENERGY UNIVERSITY
,GANDHINAGAR","BIOTECHNOLOGY","GEN","GUJCET Based","Self-Fin","9156.00"
"PANDIT DEENDAYAL ENERGY UNIVERSITY
,GANDHINAGAR","BIOTECHNOLOGY","SC","GUJCET Based","Self-Fin","24146.00"
"PANDIT DEENDAYAL ENERGY UNIVERSITY
,GANDHINAGAR","BIOTECHNOLOGY","SEBC","GUJCET Based","Self-Fin","36984.00"
"PANDIT DEENDAYAL ENERGY UNIVERSITY
,GANDHINAGAR","CHEMICAL ENGINEERING","EWS","GUJCET Based","Self-Fin","14081.00"
"PANDIT DEENDAYAL ENERGY UNIVERSITY
,GANDHINAGAR","CHEMICAL ENGINEERING","GEN","GUJCET Based","Self-Fin","11064.00"
"PANDIT DEENDAYAL ENERGY UNIVERSITY
,GANDHINAGAR","CHEMICAL ENGINEERING","SC","GUJCET Based","Self-Fin","18035.00"
"PANDIT DEENDAYAL ENERGY UNIVERSITY
,GANDHINAGAR","CHEMICAL ENGINEERING","SEBC","GUJCET Based","Self-Fin","25675.00"
"PANDIT DEENDAYAL ENERGY UNIVERSITY
,GANDHINAGAR","CIVIL ENGINEERING","EWS","GUJCET Based","Self-Fin","18949.00"
"PANDIT DEENDAYAL ENERGY UNIVERSITY
,GANDHINAGAR","CIVIL ENGINEERING","GEN","GUJCET Based","Self-Fin","15242.00"
"PANDIT DEENDAYAL ENERGY UNIVERSITY
,GANDHINAGAR","CIVIL ENGINEERING","SC","GUJCET Based","Self-Fin","24895.00"
"PANDIT DEENDAYAL ENERGY UNIVERSITY
,GANDHINAGAR","CIVIL ENGINEERING","SEBC","GUJCET Based","Self-Fin","35634.00"
"PANDIT DEENDAYAL ENERGY UNIVERSITY
,GANDHINAGAR","CIVIL ENGINEERING","ST","GUJCET Based","Self-Fin","27045.00"
"PANDIT DEENDAYAL ENERGY UNIVERSITY
,GANDHINAGAR","CIVIL ENGINEERING - TFWS","TFWS","GUJCET Based","Self-Fin","3883.00"
"PANDIT DEENDAYAL ENERGY UNIVERSITY
,GANDHINAGAR","COMPUTER ENGINEERING","EWS","GUJCET Based","Self-Fin","1839.00"
"PANDIT DEENDAYAL ENERGY UNIVERSITY
,GANDHINAGAR","COMPUTER ENGINEERING","GEN","GUJCET Based","Self-Fin","1382.00"
"PANDIT DEENDAYAL ENERGY UNIVERSITY
,GANDHINAGAR","COMPUTER ENGINEERING","SC","GUJCET Based","Self-Fin","4304.00"
"PANDIT DEENDAYAL ENERGY UNIVERSITY
,GANDHINAGAR","COMPUTER ENGINEERING","SEBC","GUJCET Based","Self-Fin","4651.00"
"PANDIT DEENDAYAL ENERGY UNIVERSITY
,GANDHINAGAR","COMPUTER ENGINEERING","ST","GUJCET Based","Self-Fin","21991.00"
"PANDIT DEENDAYAL ENERGY UNIVERSITY
,GANDHINAGAR","COMPUTER SCIENCE & BUSINESS
SYSTEMS","EWS","GUJCET Based","Self-Fin","1925.00"
"PANDIT DEENDAYAL ENERGY UNIVERSITY
,GANDHINAGAR","COMPUTER SCIENCE & BUSINESS
SYSTEMS","GEN","GUJCET Based","Self-Fin","1891.00"
"Admission Committee for Professional Courses, Gujarat"
"First Year Degree Engineering : 2025-26"
"Institute Wise : Program Wise : Last Admitted Rank after Round-3"
"Inst_Name","Course_name","Cat_Name","Board","Type of
Institute","closing"
"PANDIT DEENDAYAL ENERGY UNIVERSITY
,GANDHINAGAR","COMPUTER SCIENCE & BUSINESS
SYSTEMS","SC","GUJCET Based","Self-Fin","6889.00"
"PANDIT DEENDAYAL ENERGY UNIVERSITY
,GANDHINAGAR","COMPUTER SCIENCE & BUSINESS
SYSTEMS","SEBC","GUJCET Based","Self-Fin","5881.00"
"PANDIT DEENDAYAL ENERGY UNIVERSITY
,GANDHINAGAR","ELECTRICAL ENGINEERING","EWS","GUJCET Based","Self-Fin","12158.00"
"PANDIT DEENDAYAL ENERGY UNIVERSITY
,GANDHINAGAR","ELECTRICAL ENGINEERING","GEN","GUJCET Based","Self-Fin","9890.00"
"PANDIT DEENDAYAL ENERGY UNIVERSITY
,GANDHINAGAR","ELECTRICAL ENGINEERING","SC","GUJCET Based","Self-Fin","17538.00"
"PANDIT DEENDAYAL ENERGY UNIVERSITY
,GANDHINAGAR","ELECTRICAL ENGINEERING","SEBC","GUJCET Based","Self-Fin","18515.00"
"PANDIT DEENDAYAL ENERGY UNIVERSITY
,GANDHINAGAR","ELECTRICAL ENGINEERING - TFWS","TFWS","GUJCET Based","Self-Fin","6345.00"
"PANDIT DEENDAYAL ENERGY UNIVERSITY
,GANDHINAGAR","ELECTRONICS &
COMMUNICATION ENGINEERING","EWS","GUJCET Based","Self-Fin","4054.00"
"PANDIT DEENDAYAL ENERGY UNIVERSITY
,GANDHINAGAR","ELECTRONICS &
COMMUNICATION ENGINEERING","GEN","GUJCET Based","Self-Fin","2902.00"
"PANDIT DEENDAYAL ENERGY UNIVERSITY
,GANDHINAGAR","ELECTRONICS &
COMMUNICATION ENGINEERING","SC","GUJCET Based","Self-Fin","5735.00"
"PANDIT DEENDAYAL ENERGY UNIVERSITY
,GANDHINAGAR","ELECTRONICS &
COMMUNICATION ENGINEERING","SEBC","GUJCET Based","Self-Fin","6492.00"
"PANDIT DEENDAYAL ENERGY UNIVERSITY
,GANDHINAGAR","INFORMATION &
COMMUNICATION TECHNOLOGY","EWS","GUJCET Based","Self-Fin","4308.00"
"PANDIT DEENDAYAL ENERGY UNIVERSITY
,GANDHINAGAR","INFORMATION &
COMMUNICATION TECHNOLOGY","GEN","GUJCET Based","Self-Fin","3734.00"
"PANDIT DEENDAYAL ENERGY UNIVERSITY
,GANDHINAGAR","INFORMATION &
COMMUNICATION TECHNOLOGY","SC","GUJCET Based","Self-Fin","13078.00"
"PANDIT DEENDAYAL ENERGY UNIVERSITY
,GANDHINAGAR","INFORMATION &
COMMUNICATION TECHNOLOGY","SEBC","GUJCET Based","Self-Fin","9801.00"
"PANDIT DEENDAYAL ENERGY UNIVERSITY
,GANDHINAGAR","INFORMATION &
COMMUNICATION TECHNOLOGY -
TFWS","TFWS","GUJCET Based","Self-Fin","1292.00"
"PANDIT DEENDAYAL ENERGY UNIVERSITY
,GANDHINAGAR","MECHANICAL ENGINEERING","EWS","GUJCET Based","Self-Fin","10226.00"
"PANDIT DEENDAYAL ENERGY UNIVERSITY
,GANDHINAGAR","MECHANICAL ENGINEERING","GEN","GUJCET Based","Self-Fin","6927.00"
"PANDIT DEENDAYAL ENERGY UNIVERSITY
,GANDHINAGAR","MECHANICAL ENGINEERING","SC","GUJCET Based","Self-Fin","20317.00"
"PANDIT DEENDAYAL ENERGY UNIVERSITY
,GANDHINAGAR","MECHANICAL ENGINEERING","SEBC","GUJCET Based","Self-Fin","19379.00"
"PANDIT DEENDAYAL ENERGY UNIVERSITY
,GANDHINAGAR","PETROLEUM ENGINEERING","EWS","GUJCET Based","Self-Fin","17879.00"
"PANDIT DEENDAYAL ENERGY UNIVERSITY
,GANDHINAGAR","PETROLEUM ENGINEERING","GEN","GUJCET Based","Self-Fin","13831.00"
"PANDIT DEENDAYAL ENERGY UNIVERSITY
,GANDHINAGAR","PETROLEUM ENGINEERING","SEBC","GUJCET Based","Self-Fin","29225.00"
"PANDIT DEENDAYAL ENERGY UNIVERSITY
,GANDHINAGAR","PETROLEUM ENGINEERING -
TFWS","TFWS","GUJCET Based","Self-Fin","4627.00"
"PARUL INSTITUTE OF ENGINEERING &
TECHNOLOGY, WAGHODIA, VADODARA","AERO SPACE ENGINEERING-TFWS","TFWS","GUJCET Based","Self-Fin","34050.00"
"PARUL INSTITUTE OF ENGINEERING &
TECHNOLOGY, WAGHODIA, VADODARA","AERONAUTICAL ENGINEERING -
TFWS","TFWS","GUJCET Based","Self-Fin","34712.00"
"PARUL INSTITUTE OF ENGINEERING &
TECHNOLOGY, WAGHODIA, VADODARA","ARTIFICIAL INTELLIGENCE AND
DATA SCIENCE","GEN","GUJCET Based","Self-Fin","32064.00"
"PARUL INSTITUTE OF ENGINEERING &
TECHNOLOGY, WAGHODIA, VADODARA","ARTIFICIAL INTELLIGENCE AND
DATA SCIENCE - TFWS","TFWS","GUJCET Based","Self-Fin","28309.00"
"PARUL INSTITUTE OF ENGINEERING &
TECHNOLOGY, WAGHODIA, VADODARA","CIVIL ENGINEERING","GEN","GUJCET Based","Self-Fin","38337.00"
"PARUL INSTITUTE OF ENGINEERING &
TECHNOLOGY, WAGHODIA, VADODARA","COMPUTER SCIENCE &
ENGINEERING","GEN","GUJCET Based","Self-Fin","38756.00"
"PARUL INSTITUTE OF ENGINEERING &
TECHNOLOGY, WAGHODIA, VADODARA","COMPUTER SCIENCE &
ENGINEERING - TFWS","TFWS","GUJCET Based","Self-Fin","13914.00"
"PARUL INSTITUTE OF ENGINEERING &
TECHNOLOGY, WAGHODIA, VADODARA","COMPUTER SCIENCE &
ENGINEERING (ARTIFICIAL
INTELLIGENCE AND MACHINE
LEARNING)","GEN","GUJCET Based","Self-Fin","50822.00"
"PARUL INSTITUTE OF ENGINEERING &
TECHNOLOGY, WAGHODIA, VADODARA","COMPUTER SCIENCE &
ENGINEERING (ARTIFICIAL
INTELLIGENCE AND MACHINE
LEARNING) - TFWS","TFWS","GUJCET Based","Self-Fin","27339.00"
"Admission Committee for Professional Courses, Gujarat"
"First Year Degree Engineering : 2025-26"
"Institute Wise : Program Wise : Last Admitted Rank after Round-3"
"Inst_Name","Course_name","Cat_Name","Board","Type of
Institute","closing"
"PARUL INSTITUTE OF ENGINEERING &
TECHNOLOGY, WAGHODIA, VADODARA","COMPUTER SCIENCE &
ENGINEERING (ARTIFICIAL
INTELLIGENCE)","GEN","GUJCET Based","Self-Fin","38480.00"
"PARUL INSTITUTE OF ENGINEERING &
TECHNOLOGY, WAGHODIA, VADODARA","COMPUTER SCIENCE &
ENGINEERING (ARTIFICIAL
INTELLIGENCE) - TFWS","TFWS","GUJCET Based","Self-Fin","24897.00"
"PARUL INSTITUTE OF ENGINEERING &
TECHNOLOGY, WAGHODIA, VADODARA","COMPUTER SCIENCE &
ENGINEERING (BIG DATA
ANALYTICS)","GEN","GUJCET Based","Self-Fin","26703.00"
"PARUL INSTITUTE OF ENGINEERING &
TECHNOLOGY, WAGHODIA, VADODARA","COMPUTER SCIENCE &
ENGINEERING (BIG DATA
ANALYTICS) - TFWS","TFWS","GUJCET Based","Self-Fin","31775.00"
"PARUL INSTITUTE OF ENGINEERING &
TECHNOLOGY, WAGHODIA, VADODARA","COMPUTER SCIENCE &
ENGINEERING (CLOUD
COMPUTING)","GEN","GUJCET Based","Self-Fin","25693.00"
"PARUL INSTITUTE OF ENGINEERING &
TECHNOLOGY, WAGHODIA, VADODARA","COMPUTER SCIENCE &
ENGINEERING (CYBER SECURITY) -
TFWS","TFWS","GUJCET Based","Self-Fin","30280.00"
"PARUL INSTITUTE OF ENGINEERING &
TECHNOLOGY, WAGHODIA, VADODARA","ELECTRONICS &
COMMUNICATION ENGINEERING","GEN","GUJCET Based","Self-Fin","50770.00"
"PARUL INSTITUTE OF ENGINEERING &
TECHNOLOGY, WAGHODIA, VADODARA","ELECTRONICS &
COMMUNICATION ENGINEERING
(VLSI DESIGN AND TECHNOLOGY)","GEN","GUJCET Based","Self-Fin","32314.00"
"PARUL INSTITUTE OF ENGINEERING &
TECHNOLOGY, WAGHODIA, VADODARA","ELECTRONICS &
COMMUNICATION ENGINEERING
(VLSI DESIGN AND TECHNOLOGY)-
TFWS","TFWS","GUJCET Based","Self-Fin","28031.00"
"PARUL INSTITUTE OF ENGINEERING &
TECHNOLOGY, WAGHODIA, VADODARA","INFORMATION TECHNOLOGY","GEN","GUJCET Based","Self-Fin","29137.00"
"PARUL INSTITUTE OF ENGINEERING &
TECHNOLOGY, WAGHODIA, VADODARA","INFORMATION TECHNOLOGY -
TFWS","TFWS","GUJCET Based","Self-Fin","23936.00"
"PARUL INSTITUTE OF ENGINEERING &
TECHNOLOGY, WAGHODIA, VADODARA","MECHANICAL ENGINEERING","GEN","GUJCET Based","Self-Fin","50562.00"
"PARUL INSTITUTE OF ENGINEERING &
TECHNOLOGY, WAGHODIA, VADODARA","ROBOTICS & ARTIFICIAL
INTELLIGENCE","GEN","GUJCET Based","Self-Fin","26625.00"
"PARUL INSTITUTE OF TECHNOLOGY,
WAGHODIA, VADODARA","AGRICULTURAL ENGINEERING","GEN","GUJCET Based","Self-Fin","34466.00"
"PARUL INSTITUTE OF TECHNOLOGY,
WAGHODIA, VADODARA","AGRICULTURAL ENGINEERING -
TFWS","TFWS","GUJCET Based","Self-Fin","17396.00"
"PARUL INSTITUTE OF TECHNOLOGY,
WAGHODIA, VADODARA","BIOTECHNOLOGY","GEN","GUJCET Based","Self-Fin","50377.00"
"PARUL INSTITUTE OF TECHNOLOGY,
WAGHODIA, VADODARA","CHEMICAL ENGINEERING","GEN","GUJCET Based","Self-Fin","32379.00"
"PARUL INSTITUTE OF TECHNOLOGY,
WAGHODIA, VADODARA","COMPUTER ENGINEERING","GEN","GUJCET Based","Self-Fin","25265.00"
"PARUL INSTITUTE OF TECHNOLOGY,
WAGHODIA, VADODARA","COMPUTER ENGINEERING - TFWS","TFWS","GUJCET Based","Self-Fin","9411.00"
"PARUL INSTITUTE OF TECHNOLOGY,
WAGHODIA, VADODARA","COMPUTER SCIENCE &
ENGINEERING","GEN","GUJCET Based","Self-Fin","50303.00"
"PARUL INSTITUTE OF TECHNOLOGY,
WAGHODIA, VADODARA","COMPUTER SCIENCE &
ENGINEERING - TFWS","TFWS","GUJCET Based","Self-Fin","27809.00"
"PARUL INSTITUTE OF TECHNOLOGY,
WAGHODIA, VADODARA","COMPUTER SCIENCE &
ENGINEERING (ARTIFICIAL
INTELLIGENCE) - TFWS","TFWS","GUJCET Based","Self-Fin","30986.00"
"PARUL INSTITUTE OF TECHNOLOGY,
WAGHODIA, VADODARA","FOOD TECHNOLOGY","GEN","GUJCET Based","Self-Fin","50815.00"
"PARUL INSTITUTE OF TECHNOLOGY,
WAGHODIA, VADODARA","PETROLEUM ENGINEERING","GEN","GUJCET Based","Self-Fin","9721.00"
"PRIME INSTITUTE OF ENGINEERING AND
TECHNOLOGY, JALALPORE, NAVSARI","COMPUTER ENGINEERING","GEN","GUJCET Based","Self-Fin","28260.00"
"R.K. UNIVERSITY - SCHOOL OF ENGINEERING,
RAJKOT","COMPUTER SCIENCE &
ENGINEERING","GEN","GUJCET Based","Self-Fin","50440.00"
"R.K. UNIVERSITY - SCHOOL OF ENGINEERING,
RAJKOT","COMPUTER SCIENCE &
ENGINEERING - TFWS","TFWS","GUJCET Based","Self-Fin","11828.00"
"R.K. UNIVERSITY - SCHOOL OF ENGINEERING,
RAJKOT","COMPUTER SCIENCE &
ENGINEERING (ARTIFICIAL
INTELLIGENCE AND MACHINE
LEARNING)","GEN","GUJCET Based","Self-Fin","25577.00"
"R.K. UNIVERSITY - SCHOOL OF ENGINEERING,
RAJKOT","ELECTRICAL ENGINEERING","GEN","GUJCET Based","Self-Fin","30776.00"
"R.N.G. PATEL INSTITUTE OF TECHNOLOGY-
RNGPIT (FETR), BARDOLI","CHEMICAL ENGINEERING","GEN","GUJCET Based","Self-Fin","31707.00"
"R.N.G. PATEL INSTITUTE OF TECHNOLOGY-
RNGPIT (FETR), BARDOLI","COMPUTER SCIENCE &
ENGINEERING","GEN","GUJCET Based","Self-Fin","50779.00"
"R.N.G. PATEL INSTITUTE OF TECHNOLOGY-
RNGPIT (FETR), BARDOLI","COMPUTER SCIENCE &
ENGINEERING - TFWS","TFWS","GUJCET Based","Self-Fin","12826.00"
"R.N.G. PATEL INSTITUTE OF TECHNOLOGY-
RNGPIT (FETR), BARDOLI","INFORMATION TECHNOLOGY","GEN","GUJCET Based","Self-Fin","35836.00"
"Admission Committee for Professional Courses, Gujarat"
"First Year Degree Engineering : 2025-26"
"Institute Wise : Program Wise : Last Admitted Rank after Round-3"
"Inst_Name","Course_name","Cat_Name","Board","Type of
Institute","closing"
"R.N.G. PATEL INSTITUTE OF TECHNOLOGY-
RNGPIT (FETR), BARDOLI","MECHANICAL ENGINEERING","GEN","GUJCET Based","Self-Fin","50772.00"
"RAI SCHOOL OF ENGINEERING, DHOLKA,
AHMEDABAD","COMPUTER SCIENCE &
ENGINEERING - TFWS","TFWS","GUJCET Based","Self-Fin","32297.00"
"S.N.PATEL INSTITUTE OF TECHNOLOGY
(SNPIT), BARDOLI, SURAT","CHEMICAL ENGINEERING","GEN","GUJCET Based","Self-Fin","50496.00"
"S.N.PATEL INSTITUTE OF TECHNOLOGY
(SNPIT), BARDOLI, SURAT","CIVIL ENGINEERING","GEN","GUJCET Based","Self-Fin","50684.00"
"S.N.PATEL INSTITUTE OF TECHNOLOGY
(SNPIT), BARDOLI, SURAT","COMPUTER SCIENCE &
ENGINEERING","GEN","GUJCET Based","Self-Fin","50819.00"
"S.N.PATEL INSTITUTE OF TECHNOLOGY
(SNPIT), BARDOLI, SURAT","ELECTRICAL ENGINEERING","GEN","GUJCET Based","Self-Fin","38973.00"
"S.N.PATEL INSTITUTE OF TECHNOLOGY
(SNPIT), BARDOLI, SURAT","ELECTRICAL ENGINEERING - TFWS","TFWS","GUJCET Based","Self-Fin","31522.00"
"S.N.PATEL INSTITUTE OF TECHNOLOGY
(SNPIT), BARDOLI, SURAT","ELECTRONICS &
COMMUNICATION ENGINEERING","GEN","GUJCET Based","Self-Fin","50908.00"
"S.N.PATEL INSTITUTE OF TECHNOLOGY
(SNPIT), BARDOLI, SURAT","ELECTRONICS &
COMMUNICATION ENGINEERING -
TFWS","TFWS","GUJCET Based","Self-Fin","23374.00"
"S.N.PATEL INSTITUTE OF TECHNOLOGY
(SNPIT), BARDOLI, SURAT","INFORMATION TECHNOLOGY","GEN","GUJCET Based","Self-Fin","33657.00"
"S.N.PATEL INSTITUTE OF TECHNOLOGY
(SNPIT), BARDOLI, SURAT","MECHANICAL ENGINEERING","GEN","GUJCET Based","Self-Fin","50325.00"
"S.P.B. PATEL ENGG. COLLEGE, (SAFFRONY),
LINCH, MEHSANA","COMPUTER ENGINEERING","GEN","GUJCET Based","Self-Fin","50762.00"
"S.P.B. PATEL ENGG. COLLEGE, (SAFFRONY),
LINCH, MEHSANA","COMPUTER ENGINEERING - TFWS","TFWS","GUJCET Based","Self-Fin","7440.00"
"S.P.B. PATEL ENGG. COLLEGE, (SAFFRONY),
LINCH, MEHSANA","INFORMATION TECHNOLOGY","GEN","GUJCET Based","Self-Fin","34818.00"
"S.P.B. PATEL ENGG. COLLEGE, (SAFFRONY),
LINCH, MEHSANA","MECHANICAL ENGINEERING","GEN","GUJCET Based","Self-Fin","37331.00"
"S.S.AGRAWAL INSTITUTE OF ENGINEERING &
TECHNOLOGY NAVSARI","CHEMICAL ENGINEERING","GEN","GUJCET Based","Self-Fin","38529.00"
"S.S.AGRAWAL INSTITUTE OF ENGINEERING &
TECHNOLOGY NAVSARI","CIVIL ENGINEERING","GEN","GUJCET Based","Self-Fin","30130.00"
"S.S.AGRAWAL INSTITUTE OF ENGINEERING &
TECHNOLOGY NAVSARI","COMPUTER ENGINEERING","GEN","GUJCET Based","Self-Fin","38587.00"
"S.S.AGRAWAL INSTITUTE OF ENGINEERING &
TECHNOLOGY NAVSARI","COMPUTER ENGINEERING - TFWS","TFWS","GUJCET Based","Self-Fin","22909.00"
"S.S.AGRAWAL INSTITUTE OF ENGINEERING &
TECHNOLOGY NAVSARI","ELECTRICAL ENGINEERING","GEN","GUJCET Based","Self-Fin","50578.00"
"SAL COLLEGE OF ENGINEERING ,
AHMEDABAD","CHEMICAL ENGINEERING","GEN","GUJCET Based","Self-Fin","50031.00"
"SAL COLLEGE OF ENGINEERING ,
AHMEDABAD","COMPUTER ENGINEERING","GEN","GUJCET Based","Self-Fin","50904.00"
"SAL COLLEGE OF ENGINEERING ,
AHMEDABAD","COMPUTER ENGINEERING - TFWS","TFWS","GUJCET Based","Self-Fin","4971.00"
"SAL COLLEGE OF ENGINEERING ,
AHMEDABAD","COMPUTER SCIENCE &
ENGINEERING (DATA SCIENCE)","GEN","GUJCET Based","Self-Fin","38211.00"
"SAL COLLEGE OF ENGINEERING ,
AHMEDABAD","INFORMATION TECHNOLOGY","GEN","GUJCET Based","Self-Fin","38384.00"
"SAL COLLEGE OF ENGINEERING ,
AHMEDABAD","INFORMATION TECHNOLOGY -
TFWS","TFWS","GUJCET Based","Self-Fin","11500.00"
"SAL COLLEGE OF ENGINEERING ,
AHMEDABAD","MECHATRONICS ENGINEERING","GEN","GUJCET Based","Self-Fin","37433.00"
"SAL ENGINEERING &TECHNICAL INSTITUTE,
SOLA, AHMEDABAD","COMPUTER ENGINEERING","GEN","GUJCET Based","Self-Fin","50230.00"
"SAL ENGINEERING &TECHNICAL INSTITUTE,
SOLA, AHMEDABAD","COMPUTER ENGINEERING - TFWS","TFWS","GUJCET Based","Self-Fin","9704.00"
"SAL ENGINEERING &TECHNICAL INSTITUTE,
SOLA, AHMEDABAD","COMPUTER SCIENCE &
ENGINEERING","EWS","GUJCET Based","Self-Fin","36564.00"
"SAL ENGINEERING &TECHNICAL INSTITUTE,
SOLA, AHMEDABAD","COMPUTER SCIENCE &
ENGINEERING","GEN","GUJCET Based","Self-Fin","29359.00"
"SAL ENGINEERING &TECHNICAL INSTITUTE,
SOLA, AHMEDABAD","COMPUTER SCIENCE &
ENGINEERING","SC","GUJCET Based","Self-Fin","31185.00"
"SAL ENGINEERING &TECHNICAL INSTITUTE,
SOLA, AHMEDABAD","COMPUTER SCIENCE &
ENGINEERING","SEBC","GUJCET Based","Self-Fin","29795.00"
"SAL ENGINEERING &TECHNICAL INSTITUTE,
SOLA, AHMEDABAD","INFORMATION TECHNOLOGY","GEN","GUJCET Based","Self-Fin","36977.00"
"SAL INSTITUTE OF TECH. & ENGG. RESEARCH,
AHMEDABAD","CIVIL ENGINEERING","GEN","GUJCET Based","Self-Fin","38495.00"
"SAL INSTITUTE OF TECH. & ENGG. RESEARCH,
AHMEDABAD","COMPUTER ENGINEERING","GEN","GUJCET Based","Self-Fin","50917.00"
"SAL INSTITUTE OF TECH. & ENGG. RESEARCH,
AHMEDABAD","COMPUTER ENGINEERING - TFWS","TFWS","GUJCET Based","Self-Fin","7230.00"
"SAL INSTITUTE OF TECH. & ENGG. RESEARCH,
AHMEDABAD","COMPUTER SCIENCE &
ENGINEERING","GEN","GUJCET Based","Self-Fin","18223.00"
"Admission Committee for Professional Courses, Gujarat"
"First Year Degree Engineering : 2025-26"
"Institute Wise : Program Wise : Last Admitted Rank after Round-3"
"Inst_Name","Course_name","Cat_Name","Board","Type of
Institute","closing"
"SAL INSTITUTE OF TECH. & ENGG. RESEARCH,
AHMEDABAD","COMPUTER SCIENCE &
ENGINEERING - TFWS","TFWS","GUJCET Based","Self-Fin","7070.00"
"SAL INSTITUTE OF TECH. & ENGG. RESEARCH,
AHMEDABAD","COMPUTER SCIENCE &
ENGINEERING (ARTIFICIAL
INTELLIGENCE AND MACHINE
LEARNING)","EWS","GUJCET Based","Self-Fin","31272.00"
"SAL INSTITUTE OF TECH. & ENGG. RESEARCH,
AHMEDABAD","COMPUTER SCIENCE &
ENGINEERING (ARTIFICIAL
INTELLIGENCE AND MACHINE
LEARNING)","GEN","GUJCET Based","Self-Fin","29229.00"
"SAL INSTITUTE OF TECH. & ENGG. RESEARCH,
AHMEDABAD","COMPUTER SCIENCE &
ENGINEERING (ARTIFICIAL
INTELLIGENCE AND MACHINE
LEARNING)","SC","GUJCET Based","Self-Fin","38653.00"
"SAL INSTITUTE OF TECH. & ENGG. RESEARCH,
AHMEDABAD","COMPUTER SCIENCE &
ENGINEERING (ARTIFICIAL
INTELLIGENCE AND MACHINE
LEARNING)","SEBC","GUJCET Based","Self-Fin","37893.00"
"SAL INSTITUTE OF TECH. & ENGG. RESEARCH,
AHMEDABAD","ELECTRICAL ENGINEERING","GEN","GUJCET Based","Self-Fin","38397.00"
"SAL INSTITUTE OF TECH. & ENGG. RESEARCH,
AHMEDABAD","ELECTRONICS &
COMMUNICATION ENGINEERING","EWS","GUJCET Based","Self-Fin","25916.00"
"SAL INSTITUTE OF TECH. & ENGG. RESEARCH,
AHMEDABAD","ELECTRONICS &
COMMUNICATION ENGINEERING","GEN","GUJCET Based","Self-Fin","22479.00"
"SAL INSTITUTE OF TECH. & ENGG. RESEARCH,
AHMEDABAD","ELECTRONICS &
COMMUNICATION ENGINEERING","SEBC","GUJCET Based","Self-Fin","29195.00"
"SAL INSTITUTE OF TECH. & ENGG. RESEARCH,
AHMEDABAD","ELECTRONICS &
COMMUNICATION ENGINEERING -
TFWS","TFWS","GUJCET Based","Self-Fin","10896.00"
"SAL INSTITUTE OF TECH. & ENGG. RESEARCH,
AHMEDABAD","INFORMATION &
COMMUNICATION TECHNOLOGY","GEN","GUJCET Based","Self-Fin","29691.00"
"SAL INSTITUTE OF TECH. & ENGG. RESEARCH,
AHMEDABAD","MECHANICAL ENGINEERING","GEN","GUJCET Based","Self-Fin","38668.00"
"SANKALCHAND PATEL COLLEGE OF ENGG.,
VISNAGAR","ARTIFICIAL INTELLIGENCE AND
DATA SCIENCE","GEN","GUJCET Based","Self-Fin","35435.00"
"SANKALCHAND PATEL COLLEGE OF ENGG.,
VISNAGAR","ARTIFICIAL INTELLIGENCE AND
DATA SCIENCE - TFWS","TFWS","GUJCET Based","Self-Fin","16335.00"
"SANKALCHAND PATEL COLLEGE OF ENGG.,
VISNAGAR","CIVIL ENGINEERING","GEN","GUJCET Based","Self-Fin","25527.00"
"SANKALCHAND PATEL COLLEGE OF ENGG.,
VISNAGAR","COMPUTER ENGINEERING","GEN","GUJCET Based","Self-Fin","35930.00"
"SANKALCHAND PATEL COLLEGE OF ENGG.,
VISNAGAR","INFORMATION TECHNOLOGY","GEN","GUJCET Based","Self-Fin","36514.00"
"Sardar Patel College of Engineering and
Technology, Bakrol Anand","COMPUTER ENGINEERING","GEN","GUJCET Based","Self-Fin","50072.00"
"Sardar Patel College of Engineering and
Technology, Bakrol Anand","COMPUTER ENGINEERING - TFWS","TFWS","GUJCET Based","Self-Fin","15062.00"
"Sardar Patel College of Engineering and
Technology, Bakrol Anand","COMPUTER SCIENCE &
ENGINEERING","GEN","GUJCET Based","Self-Fin","50606.00"
"Sardar Patel College of Engineering and
Technology, Bakrol Anand","ELECTRONICS &
COMMUNICATION ENGINEERING","GEN","GUJCET Based","Self-Fin","36227.00"
"Sardar Patel College of Engineering and
Technology, Bakrol Anand","ELECTRONICS &
COMMUNICATION ENGINEERING -
TFWS","TFWS","GUJCET Based","Self-Fin","22031.00"
"Sardar Patel College of Engineering and
Technology, Bakrol Anand","INFORMATION TECHNOLOGY","GEN","GUJCET Based","Self-Fin","38163.00"
"Sardar Patel College of Engineering and
Technology, Bakrol Anand","INFORMATION TECHNOLOGY -
TFWS","TFWS","GUJCET Based","Self-Fin","21394.00"
"Sardar Patel College of Engineering and
Technology, Bakrol Anand","MECHANICAL ENGINEERING","GEN","GUJCET Based","Self-Fin","38924.00"
"SARDAR VALLABHBHAI GLOBAL University -
UCP Institute of Technology, Ahmedabad","COMPUTER ENGINEERING","GEN","GUJCET Based","Self-Fin","35445.00"
"SARDAR VALLABHBHAI GLOBAL University -
UCP Institute of Technology, Ahmedabad","COMPUTER SCIENCE &
ENGINEERING","GEN","GUJCET Based","Self-Fin","50376.00"
"SARDAR VALLABHBHAI GLOBAL University -
UCP Institute of Technology, Ahmedabad","COMPUTER SCIENCE &
ENGINEERING (ARTIFICIAL
INTELLIGENCE AND MACHINE
LEARNING)","GEN","GUJCET Based","Self-Fin","35280.00"
"SARDAR VALLABHBHAI GLOBAL University -
UCP Institute of Technology, Ahmedabad","COMPUTER SCIENCE &
TECHNOLOGY","GEN","GUJCET Based","Self-Fin","32866.00"
"SARDAR VALLABHBHAI PATEL INSTITUTE OF
TECH.,VASAD","AERONAUTICAL ENGINEERING","GEN","GUJCET Based","Self-Fin","50268.00"
"Admission Committee for Professional Courses, Gujarat"
"First Year Degree Engineering : 2025-26"
"Institute Wise : Program Wise : Last Admitted Rank after Round-3"
"Inst_Name","Course_name","Cat_Name","Board","Type of
Institute","closing"
"SARDAR VALLABHBHAI PATEL INSTITUTE OF
TECH.,VASAD","CIVIL ENGINEERING","GEN","GUJCET Based","Self-Fin","29982.00"
"SARDAR VALLABHBHAI PATEL INSTITUTE OF
TECH.,VASAD","COMPUTER ENGINEERING","EWS","GUJCET Based","Self-Fin","21079.00"
"SARDAR VALLABHBHAI PATEL INSTITUTE OF
TECH.,VASAD","COMPUTER ENGINEERING","GEN","GUJCET Based","Self-Fin","13210.00"
"SARDAR VALLABHBHAI PATEL INSTITUTE OF
TECH.,VASAD","COMPUTER ENGINEERING","SC","GUJCET Based","Self-Fin","22646.00"
"SARDAR VALLABHBHAI PATEL INSTITUTE OF
TECH.,VASAD","COMPUTER ENGINEERING","SEBC","GUJCET Based","Self-Fin","31018.00"
"SARDAR VALLABHBHAI PATEL INSTITUTE OF
TECH.,VASAD","COMPUTER ENGINEERING - TFWS","TFWS","GUJCET Based","Self-Fin","5594.00"
"SARDAR VALLABHBHAI PATEL INSTITUTE OF
TECH.,VASAD","COMPUTER SCIENCE & DESIGN","EWS","GUJCET Based","Self-Fin","30004.00"
"SARDAR VALLABHBHAI PATEL INSTITUTE OF
TECH.,VASAD","COMPUTER SCIENCE & DESIGN","GEN","GUJCET Based","Self-Fin","24441.00"
"SARDAR VALLABHBHAI PATEL INSTITUTE OF
TECH.,VASAD","COMPUTER SCIENCE & DESIGN","SC","GUJCET Based","Self-Fin","27222.00"
"SARDAR VALLABHBHAI PATEL INSTITUTE OF
TECH.,VASAD","COMPUTER SCIENCE & DESIGN","SEBC","GUJCET Based","Self-Fin","33968.00"
"SARDAR VALLABHBHAI PATEL INSTITUTE OF
TECH.,VASAD","ELECTRICAL ENGINEERING","GEN","GUJCET Based","Self-Fin","38660.00"
"SARDAR VALLABHBHAI PATEL INSTITUTE OF
TECH.,VASAD","ELECTRONICS &
COMMUNICATION ENGINEERING","EWS","GUJCET Based","Self-Fin","16520.00"
"SARDAR VALLABHBHAI PATEL INSTITUTE OF
TECH.,VASAD","ELECTRONICS &
COMMUNICATION ENGINEERING","GEN","GUJCET Based","Self-Fin","14751.00"
"SARDAR VALLABHBHAI PATEL INSTITUTE OF
TECH.,VASAD","ELECTRONICS &
COMMUNICATION ENGINEERING","SEBC","GUJCET Based","Self-Fin","17727.00"
"SARDAR VALLABHBHAI PATEL INSTITUTE OF
TECH.,VASAD","INFORMATION TECHNOLOGY","EWS","GUJCET Based","Self-Fin","28410.00"
"SARDAR VALLABHBHAI PATEL INSTITUTE OF
TECH.,VASAD","INFORMATION TECHNOLOGY","GEN","GUJCET Based","Self-Fin","20863.00"
"SARDAR VALLABHBHAI PATEL INSTITUTE OF
TECH.,VASAD","INFORMATION TECHNOLOGY","SEBC","GUJCET Based","Self-Fin","34542.00"
"SARDAR VALLABHBHAI PATEL INSTITUTE OF
TECH.,VASAD","MECHANICAL ENGINEERING","EWS","GUJCET Based","Self-Fin","38595.00"
"SARDAR VALLABHBHAI PATEL INSTITUTE OF
TECH.,VASAD","MECHANICAL ENGINEERING","GEN","GUJCET Based","Self-Fin","19183.00"
"SARDAR VALLABHBHAI PATEL INSTITUTE OF
TECH.,VASAD","MECHANICAL ENGINEERING","SEBC","GUJCET Based","Self-Fin","28304.00"
"SARVAJANIK COLLEGE OF ENGG. & TECH. ,
SURAT","ARTIFICIAL INTELLIGENCE AND
DATA SCIENCE","EWS","GUJCET Based","Self-Fin","8217.00"
"SARVAJANIK COLLEGE OF ENGG. & TECH. ,
SURAT","ARTIFICIAL INTELLIGENCE AND
DATA SCIENCE","GEN","GUJCET Based","Self-Fin","7655.00"
"SARVAJANIK COLLEGE OF ENGG. & TECH. ,
SURAT","CHEMICAL ENGINEERING","EWS","GUJCET Based","Self-Fin","38361.00"
"SARVAJANIK COLLEGE OF ENGG. & TECH. ,
SURAT","CHEMICAL ENGINEERING","GEN","GUJCET Based","Self-Fin","36084.00"
"SARVAJANIK COLLEGE OF ENGG. & TECH. ,
SURAT","CIVIL ENGINEERING","EWS","GUJCET Based","Self-Fin","37951.00"
"SARVAJANIK COLLEGE OF ENGG. & TECH. ,
SURAT","CIVIL ENGINEERING","GEN","GUJCET Based","Self-Fin","31261.00"
"SARVAJANIK COLLEGE OF ENGG. & TECH. ,
SURAT","CIVIL ENGINEERING","SEBC","GUJCET Based","Self-Fin","31592.00"
"SARVAJANIK COLLEGE OF ENGG. & TECH. ,
SURAT","COMPUTER ENGINEERING","EWS","GUJCET Based","Self-Fin","7674.00"
"SARVAJANIK COLLEGE OF ENGG. & TECH. ,
SURAT","COMPUTER ENGINEERING","GEN","GUJCET Based","Self-Fin","6301.00"
"SARVAJANIK COLLEGE OF ENGG. & TECH. ,
SURAT","COMPUTER ENGINEERING","SC","GUJCET Based","Self-Fin","33580.00"
"SARVAJANIK COLLEGE OF ENGG. & TECH. ,
SURAT","COMPUTER ENGINEERING","SEBC","GUJCET Based","Self-Fin","13471.00"
"SARVAJANIK COLLEGE OF ENGG. & TECH. ,
SURAT","ELECTRICAL ENGINEERING","EWS","GUJCET Based","Self-Fin","23935.00"
"SARVAJANIK COLLEGE OF ENGG. & TECH. ,
SURAT","ELECTRICAL ENGINEERING","GEN","GUJCET Based","Self-Fin","22723.00"
"SARVAJANIK COLLEGE OF ENGG. & TECH. ,
SURAT","ELECTRICAL ENGINEERING","SEBC","GUJCET Based","Self-Fin","35651.00"
"SARVAJANIK COLLEGE OF ENGG. & TECH. ,
SURAT","ELECTRICAL ENGINEERING - TFWS","TFWS","GUJCET Based","Self-Fin","7879.00"
"SARVAJANIK COLLEGE OF ENGG. & TECH. ,
SURAT","ELECTRONICS &
COMMUNICATION ENGINEERING","EWS","GUJCET Based","Self-Fin","11108.00"
"SARVAJANIK COLLEGE OF ENGG. & TECH. ,
SURAT","ELECTRONICS &
COMMUNICATION ENGINEERING","GEN","GUJCET Based","Self-Fin","10196.00"
"Admission Committee for Professional Courses, Gujarat"
"First Year Degree Engineering : 2025-26"
"Institute Wise : Program Wise : Last Admitted Rank after Round-3"
"Inst_Name","Course_name","Cat_Name","Board","Type of
Institute","closing"
"SARVAJANIK COLLEGE OF ENGG. & TECH. ,
SURAT","ELECTRONICS &
COMMUNICATION ENGINEERING","SEBC","GUJCET Based","Self-Fin","16998.00"
"SARVAJANIK COLLEGE OF ENGG. & TECH. ,
SURAT","INFORMATION TECHNOLOGY","EWS","GUJCET Based","Self-Fin","11200.00"
"SARVAJANIK COLLEGE OF ENGG. & TECH. ,
SURAT","INFORMATION TECHNOLOGY","GEN","GUJCET Based","Self-Fin","10328.00"
"SARVAJANIK COLLEGE OF ENGG. & TECH. ,
SURAT","INFORMATION TECHNOLOGY","SC","GUJCET Based","Self-Fin","37915.00"
"SARVAJANIK COLLEGE OF ENGG. & TECH. ,
SURAT","INFORMATION TECHNOLOGY","SEBC","GUJCET Based","Self-Fin","17098.00"
"SARVAJANIK COLLEGE OF ENGG. & TECH. ,
SURAT","INFORMATION TECHNOLOGY","ST","GUJCET Based","Self-Fin","21995.00"
"SARVAJANIK COLLEGE OF ENGG. & TECH. ,
SURAT","INSTRUMENTATION & CONTROL
ENGINEERING","GEN","GUJCET Based","Self-Fin","15021.00"
"SARVAJANIK COLLEGE OF ENGG. & TECH. ,
SURAT","INSTRUMENTATION & CONTROL
ENGINEERING","SEBC","GUJCET Based","Self-Fin","28156.00"
"SARVAJANIK COLLEGE OF ENGG. & TECH. ,
SURAT","MECHANICAL ENGINEERING","EWS","GUJCET Based","Self-Fin","31146.00"
"SARVAJANIK COLLEGE OF ENGG. & TECH. ,
SURAT","MECHANICAL ENGINEERING","GEN","GUJCET Based","Self-Fin","26646.00"
"SARVAJANIK COLLEGE OF ENGG. & TECH. ,
SURAT","MECHANICAL ENGINEERING","SEBC","GUJCET Based","Self-Fin","33652.00"
"SARVAJANIK COLLEGE OF ENGG. & TECH. ,
SURAT","MECHANICAL ENGINEERING -
TFWS","TFWS","GUJCET Based","Self-Fin","1680.00"
"School of Computer Science - SKIPS
University, Sanavad, Gandhinagar","COMPUTER SCIENCE &
INFORMATION TECHNOLOGY","GEN","GUJCET Based","Self-Fin","24778.00"
"School of Computer Science - SKIPS
University, Sanavad, Gandhinagar","COMPUTER SCIENCE &
INFORMATION TECHNOLOGY -
TFWS","TFWS","GUJCET Based","Self-Fin","8293.00"
"SCHOOL OF ENGINEERING AND
TECHNOLOGY, NAVRACHANA UNIVERSITY,
VADODARA","CIVIL ENGINEERING","GEN","GUJCET Based","Self-Fin","35448.00"
"SCHOOL OF ENGINEERING AND
TECHNOLOGY, NAVRACHANA UNIVERSITY,
VADODARA","COMPUTER SCIENCE &
ENGINEERING","GEN","GUJCET Based","Self-Fin","18930.00"
"SCHOOL OF ENGINEERING AND
TECHNOLOGY, NAVRACHANA UNIVERSITY,
VADODARA","COMPUTER SCIENCE &
ENGINEERING","SEBC","GUJCET Based","Self-Fin","29721.00"
"SCHOOL OF ENGINEERING AND
TECHNOLOGY, NAVRACHANA UNIVERSITY,
VADODARA","ELECTRICAL AND ELECTRONICS
ENGINEERING","GEN","GUJCET Based","Self-Fin","38801.00"
"SCHOOL OF ENGINEERING AND
TECHNOLOGY, NAVRACHANA UNIVERSITY,
VADODARA","ELECTRICAL AND ELECTRONICS
ENGINEERING - TFWS","TFWS","GUJCET Based","Self-Fin","24099.00"
"SCHOOL OF ENGINEERING AND
TECHNOLOGY, NAVRACHANA UNIVERSITY,
VADODARA","MECHANICAL ENGINEERING","GEN","GUJCET Based","Self-Fin","32862.00"
"SCHOOL OF ENGINEERING AND
TECHNOLOGY, NAVRACHANA UNIVERSITY,
VADODARA","MECHANICAL ENGINEERING -
TFWS","TFWS","GUJCET Based","Self-Fin","25481.00"
"SCHOOL OF ENGINEERING, INDRASHIL
UNIVERSITY, KADI","COMPUTER SCIENCE &
ENGINEERING","GEN","GUJCET Based","Self-Fin","28931.00"
"SCHOOL OF ENGINEERING, INDRASHIL
UNIVERSITY, KADI","MECHANICAL ENGINEERING -
TFWS","TFWS","GUJCET Based","Self-Fin","32455.00"
"School of Engineering, Plastindia International
University, Vapi","COMPUTER SCIENCE &
ENGINEERING","GEN","GUJCET Based","Self-Fin","12748.00"
"School of Engineering, Plastindia International
University, Vapi","COMPUTER SCIENCE &
ENGINEERING - TFWS","TFWS","GUJCET Based","Self-Fin","26197.00"
"School of Engineering, Plastindia International
University, Vapi","PLASTIC AND POLYMER
ENGINEERING","GEN","GUJCET Based","Self-Fin","37036.00"
"SCHOOL OF TECHNOLOGY, GSFC UNIVERSITY,
VADODARA","CHEMICAL ENGINEERING","EWS","GUJCET Based","Self-Fin","24163.00"
"SCHOOL OF TECHNOLOGY, GSFC UNIVERSITY,
VADODARA","CHEMICAL ENGINEERING","GEN","GUJCET Based","Self-Fin","19199.00"
"SCHOOL OF TECHNOLOGY, GSFC UNIVERSITY,
VADODARA","CHEMICAL ENGINEERING","SEBC","GUJCET Based","Self-Fin","38420.00"
"SCHOOL OF TECHNOLOGY, GSFC UNIVERSITY,
VADODARA","COMPUTER SCIENCE &
ENGINEERING","EWS","GUJCET Based","Self-Fin","37644.00"
"SCHOOL OF TECHNOLOGY, GSFC UNIVERSITY,
VADODARA","COMPUTER SCIENCE &
ENGINEERING","GEN","GUJCET Based","Self-Fin","27001.00"
"SCHOOL OF TECHNOLOGY, GSFC UNIVERSITY,
VADODARA","COMPUTER SCIENCE &
ENGINEERING","SC","GUJCET Based","Self-Fin","37541.00"
"SCHOOL OF TECHNOLOGY, GSFC UNIVERSITY,
VADODARA","COMPUTER SCIENCE &
ENGINEERING","SEBC","GUJCET Based","Self-Fin","50312.00"
"SCHOOL OF TECHNOLOGY, GSFC UNIVERSITY,
VADODARA","COMPUTER SCIENCE &
ENGINEERING - TFWS","TFWS","GUJCET Based","Self-Fin","4820.00"
"SCHOOL OF TECHNOLOGY, GSFC UNIVERSITY,
VADODARA","FIRE AND ENVIRONMENT,
HEALTH, SAFETY ENGINEERING","GEN","GUJCET Based","Self-Fin","28436.00"
"Admission Committee for Professional Courses, Gujarat"
"First Year Degree Engineering : 2025-26"
"Institute Wise : Program Wise : Last Admitted Rank after Round-3"
"Inst_Name","Course_name","Cat_Name","Board","Type of
Institute","closing"
"SHANKERSINH VAGHELA BAPU INSTITUTE OF
TECH., UNAVA, GANDHINAGAR","INFORMATION TECHNOLOGY","GEN","GUJCET Based","Self-Fin","50125.00"
"SHREE DHANVANTARY COLLEGE OF
ENGINEERING & TECHNOLOGY, KIM","COMPUTER SCIENCE &
ENGINEERING (ARTIFICIAL
INTELLIGENCE AND MACHINE
LEARNING)","GEN","GUJCET Based","Self-Fin","38611.00"
"SHREE DHANVANTARY COLLEGE OF
ENGINEERING & TECHNOLOGY, KIM","COMPUTER SCIENCE &
ENGINEERING (ARTIFICIAL
INTELLIGENCE AND MACHINE
LEARNING) - TFWS","TFWS","GUJCET Based","Self-Fin","18914.00"
"SHREE DHANVANTARY COLLEGE OF
ENGINEERING & TECHNOLOGY, KIM","COMPUTER SCIENCE &
ENGINEERING (INTERNET OF
THINGS & CYBER SECURITY
INCLUDING BLOCK CHAIN
TECHNOLOGY)","GEN","GUJCET Based","Self-Fin","19641.00"
"SHREE PAREKH ENGINEEIRNG COLLEGE,
MAHUVA","COMPUTER ENGINEERING","GEN","GUJCET Based","Self-Fin","35897.00"
"SHREE PAREKH ENGINEEIRNG COLLEGE,
MAHUVA","FOOD ENGINEERING AND
TECHNOLOGY","GEN","GUJCET Based","Self-Fin","26263.00"
"Shree Swaminarayan Gadi Institute of
Technology","COMPUTER ENGINEERING - TFWS","TFWS","GUJCET Based","Self-Fin","32839.00"
"Shree Swaminarayan Gadi Institute of
Technology","COMPUTER SCIENCE &
ENGINEERING - TFWS","TFWS","GUJCET Based","Self-Fin","35616.00"
"Shree Swaminarayan Gadi Institute of
Technology","COMPUTER SCIENCE &
ENGINEERING (ARTIFICIAL
INTELLIGENCE AND MACHINE
LEARNING) - TFWS","TFWS","GUJCET Based","Self-Fin","34722.00"
"SHREE SWAMINARAYAN INSTITUTE OF
TECHNOLOGY, BHAT, GANDHINAGAR","CIVIL ENGINEERING","GEN","GUJCET Based","Self-Fin","27229.00"
"SHREE SWAMINARAYAN INSTITUTE OF
TECHNOLOGY, BHAT, GANDHINAGAR","COMPUTER ENGINEERING","GEN","GUJCET Based","Self-Fin","50284.00"
"SHREE SWAMINARAYAN INSTITUTE OF
TECHNOLOGY, BHAT, GANDHINAGAR","COMPUTER ENGINEERING - TFWS","TFWS","GUJCET Based","Self-Fin","7660.00"
"SHREE SWAMINARAYAN INSTITUTE OF
TECHNOLOGY, BHAT, GANDHINAGAR","COMPUTER SCIENCE &
ENGINEERING","EWS","GUJCET Based","Self-Fin","50742.00"
"SHREE SWAMINARAYAN INSTITUTE OF
TECHNOLOGY, BHAT, GANDHINAGAR","COMPUTER SCIENCE &
ENGINEERING","GEN","GUJCET Based","Self-Fin","32926.00"
"SHREE SWAMINARAYAN INSTITUTE OF
TECHNOLOGY, BHAT, GANDHINAGAR","COMPUTER SCIENCE &
ENGINEERING","SC","GUJCET Based","Self-Fin","34685.00"
"SHREE SWAMINARAYAN INSTITUTE OF
TECHNOLOGY, BHAT, GANDHINAGAR","COMPUTER SCIENCE &
ENGINEERING","SEBC","GUJCET Based","Self-Fin","50395.00"
"SHREE SWAMINARAYAN INSTITUTE OF
TECHNOLOGY, BHAT, GANDHINAGAR","COMPUTER SCIENCE &
ENGINEERING - TFWS","TFWS","GUJCET Based","Self-Fin","11041.00"
"SHREE SWAMINARAYAN INSTITUTE OF
TECHNOLOGY, BHAT, GANDHINAGAR","INFORMATION TECHNOLOGY","GEN","GUJCET Based","Self-Fin","32780.00"
"SHREE SWAMINARAYAN INSTITUTE OF
TECHNOLOGY, BHAT, GANDHINAGAR","INFORMATION TECHNOLOGY -
TFWS","TFWS","GUJCET Based","Self-Fin","12428.00"
"SHREE SWAMINARAYAN INSTITUTE OF
TECHNOLOGY, BHAT, GANDHINAGAR","MECHANICAL ENGINEERING","GEN","GUJCET Based","Self-Fin","38542.00"
"SHRI J M SABVA INSTITUTE OF ENGINEERING
AND TECHNOLOGY, BOTAD","COMPUTER ENGINEERING - TFWS","TFWS","GUJCET Based","Self-Fin","50537.00"
"SHRI LABHUBHAI TRIVEDI INSTITUTE OF
ENGINEERING AND TECHNOLOGY, RAJKOT","MECHANICAL ENGINEERING","GEN","GUJCET Based","Self-Fin","38310.00"
"SHRI SADVIDHYA MANDAL INSTITUTE OF
TECH., BHARUCH","CHEMICAL ENGINEERING","GEN","GUJCET Based","Self-Fin","50782.00"
"SHRI SADVIDHYA MANDAL INSTITUTE OF
TECH., BHARUCH","CHEMICAL ENGINEERING - TFWS","TFWS","GUJCET Based","Self-Fin","21240.00"
"SHRI SADVIDHYA MANDAL INSTITUTE OF
TECH., BHARUCH","COMPUTER SCIENCE &
ENGINEERING","GEN","GUJCET Based","Self-Fin","37030.00"
"SHRI SADVIDHYA MANDAL INSTITUTE OF
TECH., BHARUCH","COMPUTER SCIENCE &
ENGINEERING - TFWS","TFWS","GUJCET Based","Self-Fin","19687.00"
"SHRI SADVIDHYA MANDAL INSTITUTE OF
TECH., BHARUCH","ELECTRICAL ENGINEERING","GEN","GUJCET Based","Self-Fin","35958.00"
"SHRI SADVIDHYA MANDAL INSTITUTE OF
TECH., BHARUCH","INFORMATION TECHNOLOGY","GEN","GUJCET Based","Self-Fin","28557.00"
"SHRI SADVIDHYA MANDAL INSTITUTE OF
TECH., BHARUCH","MECHANICAL ENGINEERING","GEN","GUJCET Based","Self-Fin","37648.00"
"SHRI SWAMI ATMANAND SARASWATI
INSTITUTE OF TECH., SURAT","CIVIL ENGINEERING","GEN","GUJCET Based","Self-Fin","50151.00"
"SHRI SWAMI ATMANAND SARASWATI
INSTITUTE OF TECH., SURAT","COMPUTER ENGINEERING","EWS","GUJCET Based","Self-Fin","20608.00"
"SHRI SWAMI ATMANAND SARASWATI
INSTITUTE OF TECH., SURAT","COMPUTER ENGINEERING","GEN","GUJCET Based","Self-Fin","17671.00"
"SHRI SWAMI ATMANAND SARASWATI
INSTITUTE OF TECH., SURAT","COMPUTER ENGINEERING","SEBC","GUJCET Based","Self-Fin","23251.00"
"Admission Committee for Professional Courses, Gujarat"
"First Year Degree Engineering : 2025-26"
"Institute Wise : Program Wise : Last Admitted Rank after Round-3"
"Inst_Name","Course_name","Cat_Name","Board","Type of
Institute","closing"
"SHRI SWAMI ATMANAND SARASWATI
INSTITUTE OF TECH., SURAT","ELECTRONICS &
COMMUNICATION ENGINEERING","GEN","GUJCET Based","Self-Fin","38498.00"
"SHRI SWAMI ATMANAND SARASWATI
INSTITUTE OF TECH., SURAT","INFORMATION TECHNOLOGY","GEN","GUJCET Based","Self-Fin","50476.00"
"SHRI SWAMI ATMANAND SARASWATI
INSTITUTE OF TECH., SURAT","MECHANICAL ENGINEERING","GEN","GUJCET Based","Self-Fin","31560.00"
"SHROFF S.R.ROTARY INST. OF CHEMICAL
TECHNOLOGY, VATATIA,BHARUCH","CHEMICAL ENGINEERING","GEN","GUJCET Based","Self-Fin","32605.00"
"SHROFF S.R.ROTARY INST. OF CHEMICAL
TECHNOLOGY, VATATIA,BHARUCH","CHEMICAL ENGINEERING - TFWS","TFWS","GUJCET Based","Self-Fin","10275.00"
"SHROFF S.R.ROTARY INST. OF CHEMICAL
TECHNOLOGY, VATATIA,BHARUCH","COMPUTER ENGINEERING","GEN","GUJCET Based","Self-Fin","36256.00"
"SHROFF S.R.ROTARY INST. OF CHEMICAL
TECHNOLOGY, VATATIA,BHARUCH","ENVIRONMENTAL SCIENCE &
TECHNOLOGY","GEN","GUJCET Based","Self-Fin","50477.00"
"SHROFF S.R.ROTARY INST. OF CHEMICAL
TECHNOLOGY, VATATIA,BHARUCH","INFORMATION TECHNOLOGY","GEN","GUJCET Based","Self-Fin","34968.00"
"SIGMA INSTITUTE OF ENGG., BAKROL","CHEMICAL ENGINEERING","GEN","GUJCET Based","Self-Fin","37785.00"
"SIGMA INSTITUTE OF ENGG., BAKROL","COMPUTER ENGINEERING","GEN","GUJCET Based","Self-Fin","50639.00"
"SIGMA INSTITUTE OF ENGG., BAKROL","MECHANICAL ENGINEERING","GEN","GUJCET Based","Self-Fin","37099.00"
"SILVER OAK COLLEGE OF ENGG., & TECH.
(WITHIN AMHEDABAD MUNICIPAL
CORPORATION LIMIT), AHMEDABAD","BIOTECHNOLOGY","GEN","GUJCET Based","Self-Fin","22309.00"
"SILVER OAK COLLEGE OF ENGG., & TECH.
(WITHIN AMHEDABAD MUNICIPAL
CORPORATION LIMIT), AHMEDABAD","COMPUTER ENGINEERING","GEN","GUJCET Based","Self-Fin","38056.00"
"SILVER OAK COLLEGE OF ENGG., & TECH.
(WITHIN AMHEDABAD MUNICIPAL
CORPORATION LIMIT), AHMEDABAD","COMPUTER ENGINEERING - TFWS","TFWS","GUJCET Based","Self-Fin","20843.00"
"SILVER OAK COLLEGE OF ENGG., & TECH.
(WITHIN AMHEDABAD MUNICIPAL
CORPORATION LIMIT), AHMEDABAD","COMPUTER ENGINEERING
(ARTIFICIAL INTELLIGENCE AND
MACHINE LEARNING)","GEN","GUJCET Based","Self-Fin","36390.00"
"SILVER OAK COLLEGE OF ENGG., & TECH.
(WITHIN AMHEDABAD MUNICIPAL
CORPORATION LIMIT), AHMEDABAD","COMPUTER ENGINEERING
(ARTIFICIAL INTELLIGENCE AND
MACHINE LEARNING) - TFWS","TFWS","GUJCET Based","Self-Fin","24864.00"
"SILVER OAK COLLEGE OF ENGG., & TECH.
(WITHIN AMHEDABAD MUNICIPAL
CORPORATION LIMIT), AHMEDABAD","COMPUTER SCIENCE &
BIOSCIENCES","GEN","GUJCET Based","Self-Fin","23770.00"
"SILVER OAK COLLEGE OF ENGG., & TECH.
(WITHIN AMHEDABAD MUNICIPAL
CORPORATION LIMIT), AHMEDABAD","COMPUTER SCIENCE &
ENGINEERING","GEN","GUJCET Based","Self-Fin","36557.00"
"SILVER OAK COLLEGE OF ENGG., & TECH.
(WITHIN AMHEDABAD MUNICIPAL
CORPORATION LIMIT), AHMEDABAD","COMPUTER SCIENCE &
ENGINEERING - TFWS","TFWS","GUJCET Based","Self-Fin","13674.00"
"SILVER OAK COLLEGE OF ENGG., & TECH.
(WITHIN AMHEDABAD MUNICIPAL
CORPORATION LIMIT), AHMEDABAD","COMPUTER SCIENCE &
ENGINEERING (CYBER SECURITY)","GEN","GUJCET Based","Self-Fin","16742.00"
"SILVER OAK COLLEGE OF ENGG., & TECH.
(WITHIN AMHEDABAD MUNICIPAL
CORPORATION LIMIT), AHMEDABAD","INFORMATION TECHNOLOGY -
TFWS","TFWS","GUJCET Based","Self-Fin","25491.00"
"SMT. S.R. PATEL ENGG. COLLEGE, DABHI,
UNJHA","COMPUTER ENGINEERING","GEN","GUJCET Based","Self-Fin","50386.00"
"SMT. S.R. PATEL ENGG. COLLEGE, DABHI,
UNJHA","ELECTRONICS &
COMMUNICATION ENGINEERING","GEN","GUJCET Based","Self-Fin","50833.00"
"SWAMINARAYAN COLLEGE OF ENGG. &
TECH., KALOL","COMPUTER ENGINEERING","GEN","GUJCET Based","Self-Fin","31426.00"
"SWAMINARAYAN COLLEGE OF ENGG. &
TECH., KALOL","INFORMATION TECHNOLOGY","GEN","GUJCET Based","Self-Fin","34281.00"
"SWARRNIM INSTITUTE OF TECHNOLOGY","CYBER SECURITY","GEN","GUJCET Based","Self-Fin","29470.00"
"UNITEDWORLD INSTITUTE OF TECHNOLOGY,
UVARSAD, GANDHINAGAR","COMPUTER SCIENCE &
ENGINEERING","GEN","GUJCET Based","Self-Fin","50271.00"
"UNITEDWORLD INSTITUTE OF TECHNOLOGY,
UVARSAD, GANDHINAGAR","COMPUTER SCIENCE &
ENGINEERING - TFWS","TFWS","GUJCET Based","Self-Fin","6161.00"
"UNITEDWORLD INSTITUTE OF TECHNOLOGY,
UVARSAD, GANDHINAGAR","COMPUTER SCIENCE &
ENGINEERING (ARTIFICIAL
INTELLIGENCE AND MACHINE
LEARNING)","GEN","GUJCET Based","Self-Fin","50365.00"
"UNITEDWORLD INSTITUTE OF TECHNOLOGY,
UVARSAD, GANDHINAGAR","COMPUTER SCIENCE &
ENGINEERING (ARTIFICIAL
INTELLIGENCE AND MACHINE
LEARNING) - TFWS","TFWS","GUJCET Based","Self-Fin","13541.00"
"UNITEDWORLD INSTITUTE OF TECHNOLOGY,
UVARSAD, GANDHINAGAR","COMPUTER SCIENCE &
ENGINEERING (CYBER SECURITY)","GEN","GUJCET Based","Self-Fin","32959.00"
"Admission Committee for Professional Courses, Gujarat"
"First Year Degree Engineering : 2025-26"
"Institute Wise : Program Wise : Last Admitted Rank after Round-3"
"Inst_Name","Course_name","Cat_Name","Board","Type of
Institute","closing"
"UNITEDWORLD INSTITUTE OF TECHNOLOGY,
UVARSAD, GANDHINAGAR","COMPUTER SCIENCE &
ENGINEERING (DATA SCIENCE)","GEN","GUJCET Based","Self-Fin","50716.00"
"UNITEDWORLD INSTITUTE OF TECHNOLOGY,
UVARSAD, GANDHINAGAR","COMPUTER SCIENCE &
ENGINEERING (DATA SCIENCE) -
TFW","TFWS","GUJCET Based","Self-Fin","13546.00"
"UNITEDWORLD INSTITUTE OF TECHNOLOGY,
UVARSAD, GANDHINAGAR","ELECTRONICS &
COMMUNICATION ENGINEERING","GEN","GUJCET Based","Self-Fin","50454.00"
"V.V.P. ENGINEERING COLLEGE, RAJKOT","BIOTECHNOLOGY","GEN","GUJCET Based","Self-Fin","25169.00"
"V.V.P. ENGINEERING COLLEGE, RAJKOT","BIOTECHNOLOGY","SEBC","GUJCET Based","Self-Fin","34794.00"
"V.V.P. ENGINEERING COLLEGE, RAJKOT","CHEMICAL ENGINEERING","GEN","GUJCET Based","Self-Fin","35990.00"
"V.V.P. ENGINEERING COLLEGE, RAJKOT","CIVIL ENGINEERING","GEN","GUJCET Based","Self-Fin","29938.00"
"V.V.P. ENGINEERING COLLEGE, RAJKOT","COMPUTER ENGINEERING","EWS","GUJCET Based","Self-Fin","30701.00"
"V.V.P. ENGINEERING COLLEGE, RAJKOT","COMPUTER ENGINEERING","GEN","GUJCET Based","Self-Fin","23319.00"
"V.V.P. ENGINEERING COLLEGE, RAJKOT","COMPUTER ENGINEERING","SEBC","GUJCET Based","Self-Fin","30372.00"
"V.V.P. ENGINEERING COLLEGE, RAJKOT","ELECTRICAL ENGINEERING","GEN","GUJCET Based","Self-Fin","50731.00"
"V.V.P. ENGINEERING COLLEGE, RAJKOT","ELECTRONICS &
COMMUNICATION ENGINEERING","GEN","GUJCET Based","Self-Fin","37816.00"
"V.V.P. ENGINEERING COLLEGE, RAJKOT","INFORMATION TECHNOLOGY","GEN","GUJCET Based","Self-Fin","35800.00"
"V.V.P. ENGINEERING COLLEGE, RAJKOT","MECHANICAL ENGINEERING","GEN","GUJCET Based","Self-Fin","50670.00"
"VADODARA INSTITUTE OF ENGINEERING,
KOTAMBI, WAGHODIYA, VADODARA","COMPUTER ENGINEERING","GEN","GUJCET Based","Self-Fin","50358.00"
"VADODARA INSTITUTE OF ENGINEERING,
KOTAMBI, WAGHODIYA, VADODARA","INFORMATION TECHNOLOGY","GEN","GUJCET Based","Self-Fin","25902.00"
"VEERAYATAN INSTITUTE OF ENGINEERING,
MANDVI","ELECTRICAL ENGINEERING","GEN","GUJCET Based","Self-Fin","50890.00"
"VIDHYADEEP INSTITUTE OF ENGINEERING &
TECHNOLOGY, ANITA(KIM), SURAT","ARTIFICIAL INTELLIGENCE AND
DATA SCIENCE","GEN","GUJCET Based","Self-Fin","28469.00"
"VIDHYADEEP INSTITUTE OF ENGINEERING &
TECHNOLOGY, ANITA(KIM), SURAT","ARTIFICIAL INTELLIGENCE AND
DATA SCIENCE - TFWS","TFWS","GUJCET Based","Self-Fin","17895.00"
"VIDHYADEEP INSTITUTE OF ENGINEERING &
TECHNOLOGY, ANITA(KIM), SURAT","CIVIL ENGINEERING","GEN","GUJCET Based","Self-Fin","37483.00"
"VIDHYADEEP INSTITUTE OF ENGINEERING &
TECHNOLOGY, ANITA(KIM), SURAT","COMPUTER ENGINEERING","GEN","GUJCET Based","Self-Fin","50598.00"
"VIDHYADEEP INSTITUTE OF ENGINEERING &
TECHNOLOGY, ANITA(KIM), SURAT","COMPUTER ENGINEERING
(ARTIFICIAL INTELLIGENCE AND
MACHINE LEARNING)","GEN","GUJCET Based","Self-Fin","17789.00"
"VIDHYADEEP INSTITUTE OF ENGINEERING &
TECHNOLOGY, ANITA(KIM), SURAT","COMPUTER ENGINEERING (DATA
SCIENCE)","GEN","GUJCET Based","Self-Fin","37636.00"
"VIDHYADEEP INSTITUTE OF ENGINEERING &
TECHNOLOGY, ANITA(KIM), SURAT","ELECTRICAL ENGINEERING","GEN","GUJCET Based","Self-Fin","36166.00"
"VIDHYADEEP INSTITUTE OF ENGINEERING &
TECHNOLOGY, ANITA(KIM), SURAT","ELECTRONICS &
COMMUNICATION ENGINEERING -
TFWS","TFWS","GUJCET Based","Self-Fin","21943.00"
"VIDHYADEEP INSTITUTE OF ENGINEERING &
TECHNOLOGY, ANITA(KIM), SURAT","MECHANICAL ENGINEERING","GEN","GUJCET Based","Self-Fin","35653.00"
"VIDUSH SOMANY INSTITUTE OF TECH. & RES.,
KADI","COMPUTER ENGINEERING","GEN","GUJCET Based","Self-Fin","28258.00"
"VIDUSH SOMANY INSTITUTE OF TECH. & RES.,
KADI","COMPUTER SCIENCE &
ENGINEERING - TFWS","TFWS","GUJCET Based","Self-Fin","26955.00"
