"Course_name","Inst_Name","Alloted_
Cat","Quota","Institute Type","First Rank","Last Rank"
"AERO SPACE ENGINEERING-
TFWS","SILVER OAK COLLEGE OF ENGG., & TECH.
(WITHIN AMHEDABAD MUNICIPAL
CORPORATION LIMIT), AHMEDABAD","TFWs","GUJCET Based","Self-Finance","34230.00","50232.00"
"AERONAUTICAL
ENGINEERING","PARUL INSTITUTE OF ENGINEERING &
TECHNOLOGY, WAGHODIA, VADODARA","GEN","GUJCET Based","Self-Finance","13627.00","24026.00"
"AERONAUTICAL
ENGINEERING","SARDAR VALLABHBHAI PATEL INSTITUTE OF
TECH.,VASAD","GEN","GUJCET Based","Self-Finance","27610.00","50351.00"
"AGRICULTURAL
ENGINEERING","GANPAT UNIVERSITY, U.V.PATEL COLLEGE OF
ENGINEERING, KHERVA, MEHSANA","GEN","GUJCET Based","Self-Finance","8853.00","20219.00"
"AGRICULTURAL
ENGINEERING","PARUL INSTITUTE OF TECHNOLOGY,
WAGHODIA, VADODARA","GEN","GUJCET Based","Self-Finance","13319.00","50031.00"
"ARTIFICIAL INTELLIGENCE","SWARRNIM INSTITUTE OF TECHNOLOGY","GEN","GUJCET Based","Self-Finance","19489.00","19489.00"
"ARTIFICIAL INTELLIGENCE
AND DATA SCIENCE","A.D.PATEL INSTITUTE OF TECH.,KARAMSAD","EWS","GUJCET Based","Self-Finance","20969.00","22975.00"
"ARTIFICIAL INTELLIGENCE
AND DATA SCIENCE","A.D.PATEL INSTITUTE OF TECH.,KARAMSAD","GEN","GUJCET Based","Self-Finance","13168.00","19924.00"
"ARTIFICIAL INTELLIGENCE
AND DATA SCIENCE","A.D.PATEL INSTITUTE OF TECH.,KARAMSAD","SEBC","GUJCET Based","Self-Finance","27013.00","38163.00"
"ARTIFICIAL INTELLIGENCE
AND DATA SCIENCE","CHHOTUBHAI GOPALBHAI PATEL INSTITUTE OF
TECH., TARSADI, BARDOLI","GEN","GUJCET Based","Self-Finance","32052.00","32052.00"
"ARTIFICIAL INTELLIGENCE
AND DATA SCIENCE","GOVERNMENT ENGINEERING COLLEGE, RAJKOT","EWS","GUJCET Based","Govt / GIA","12068.00","14358.00"
"ARTIFICIAL INTELLIGENCE
AND DATA SCIENCE","GOVERNMENT ENGINEERING COLLEGE, RAJKOT","GEN","GUJCET Based","Govt / GIA","5740.00","10956.00"
"ARTIFICIAL INTELLIGENCE
AND DATA SCIENCE","GOVERNMENT ENGINEERING COLLEGE, RAJKOT","SC","GUJCET Based","Govt / GIA","34281.00","34281.00"
"ARTIFICIAL INTELLIGENCE
AND DATA SCIENCE","GOVERNMENT ENGINEERING COLLEGE, RAJKOT","SEBC","GUJCET Based","Govt / GIA","11367.00","17888.00"
"ARTIFICIAL INTELLIGENCE
AND DATA SCIENCE","GOVERNMENT ENGINEERING COLLEGE, RAJKOT","GEN","JEE Based","Govt / GIA","902018.00","902018.00"
"ARTIFICIAL INTELLIGENCE
AND DATA SCIENCE","GOVERNMENT ENGINEERING COLLEGE, RAJKOT","SC","JEE Based","Govt / GIA","910135.00","910135.00"
"ARTIFICIAL INTELLIGENCE
AND DATA SCIENCE","GOVERNMENT ENGINEERING COLLEGE, RAJKOT","SEBC","JEE Based","Govt / GIA","905600.00","905600.00"
"ARTIFICIAL INTELLIGENCE
AND DATA SCIENCE","JG UNIVERSITY - SCHOOL OF ENGINEERING,
AHMEDABAD","GEN","GUJCET Based","Self-Finance","50419.00","50419.00"
"ARTIFICIAL INTELLIGENCE
AND DATA SCIENCE","L.J. INSTITUTE OF ENGG AND TECH.,
AHMEDABAD","EWS","GUJCET Based","Self-Finance","23976.00","24379.00"
"ARTIFICIAL INTELLIGENCE
AND DATA SCIENCE","L.J. INSTITUTE OF ENGG AND TECH.,
AHMEDABAD","GEN","GUJCET Based","Self-Finance","8904.00","22840.00"
"ARTIFICIAL INTELLIGENCE
AND DATA SCIENCE","L.J. INSTITUTE OF ENGG AND TECH.,
AHMEDABAD","SC","GUJCET Based","Self-Finance","38948.00","38948.00"
"ARTIFICIAL INTELLIGENCE
AND DATA SCIENCE","L.J. INSTITUTE OF ENGG AND TECH.,
AHMEDABAD","SEBC","GUJCET Based","Self-Finance","28949.00","31938.00"
"ARTIFICIAL INTELLIGENCE
AND DATA SCIENCE","PARUL INSTITUTE OF ENGINEERING &
TECHNOLOGY, WAGHODIA, VADODARA","GEN","GUJCET Based","Self-Finance","20977.00","20977.00"
"Course_name","Inst_Name","Alloted_
Cat","Quota","Institute Type","First Rank","Last Rank"
"ARTIFICIAL INTELLIGENCE
AND DATA SCIENCE","SARVAJANIK COLLEGE OF ENGG. & TECH. ,
SURAT","EWS","GUJCET Based","Self-Finance","10600.00","12531.00"
"ARTIFICIAL INTELLIGENCE
AND DATA SCIENCE","SARVAJANIK COLLEGE OF ENGG. & TECH. ,
SURAT","GEN","GUJCET Based","Self-Finance","8219.00","10521.00"
"ARTIFICIAL INTELLIGENCE
AND DATA SCIENCE","SARVAJANIK COLLEGE OF ENGG. & TECH. ,
SURAT","SEBC","GUJCET Based","Self-Finance","13904.00","13904.00"
"ARTIFICIAL INTELLIGENCE
AND DATA SCIENCE - TFWS","GOVERNMENT ENGINEERING COLLEGE, RAJKOT","TFWs","GUJCET Based","Govt / GIA","4514.00","4514.00"
"ARTIFICIAL INTELLIGENCE
AND DATA SCIENCE - TFWS","JG UNIVERSITY - SCHOOL OF ENGINEERING,
AHMEDABAD","TFWs","GUJCET Based","Self-Finance","5305.00","5305.00"
"ARTIFICIAL INTELLIGENCE
AND DATA SCIENCE - TFWS","PARUL INSTITUTE OF ENGINEERING &
TECHNOLOGY, WAGHODIA, VADODARA","TFWs","GUJCET Based","Self-Finance","24112.00","24112.00"
"ARTIFICIAL
INTELLIGENCE(AI) AND
MACHINE LEARNING","AHMEDABAD INSTITUTE OF TECH, AHMEDABAD","EWS","GUJCET Based","Self-Finance","33271.00","33719.00"
"ARTIFICIAL
INTELLIGENCE(AI) AND
MACHINE LEARNING","AHMEDABAD INSTITUTE OF TECH, AHMEDABAD","GEN","GUJCET Based","Self-Finance","18434.00","32111.00"
"ARTIFICIAL
INTELLIGENCE(AI) AND
MACHINE LEARNING","AHMEDABAD INSTITUTE OF TECH, AHMEDABAD","SC","GUJCET Based","Self-Finance","39300.00","39300.00"
"ARTIFICIAL
INTELLIGENCE(AI) AND
MACHINE LEARNING","AHMEDABAD INSTITUTE OF TECH, AHMEDABAD","SEBC","GUJCET Based","Self-Finance","37180.00","50490.00"
"ARTIFICIAL
INTELLIGENCE(AI) AND
MACHINE LEARNING","CHAROTAR UNIVERSITY OF SCIENCE &
TECHNOLOGY (CHARUSAT) - CHANDUBHAI S
PATEL INSTITUTE OF TECHNOLOGY (CSPIT),
CHANGA","EWS","GUJCET Based","Self-Finance","6675.00","8203.00"
"ARTIFICIAL
INTELLIGENCE(AI) AND
MACHINE LEARNING","CHAROTAR UNIVERSITY OF SCIENCE &
TECHNOLOGY (CHARUSAT) - CHANDUBHAI S
PATEL INSTITUTE OF TECHNOLOGY (CSPIT),
CHANGA","GEN","GUJCET Based","Self-Finance","4967.00","5650.00"
"ARTIFICIAL
INTELLIGENCE(AI) AND
MACHINE LEARNING","CHAROTAR UNIVERSITY OF SCIENCE &
TECHNOLOGY (CHARUSAT) - CHANDUBHAI S
PATEL INSTITUTE OF TECHNOLOGY (CSPIT),
CHANGA","SC","GUJCET Based","Self-Finance","11122.00","11122.00"
"ARTIFICIAL
INTELLIGENCE(AI) AND
MACHINE LEARNING","CHAROTAR UNIVERSITY OF SCIENCE &
TECHNOLOGY (CHARUSAT) - CHANDUBHAI S
PATEL INSTITUTE OF TECHNOLOGY (CSPIT),
CHANGA","SEBC","GUJCET Based","Self-Finance","10666.00","17627.00"
"ARTIFICIAL
INTELLIGENCE(AI) AND
MACHINE LEARNING","INSTITUTE OF TECHNOLOGY, NIRMA UNIVERSITY
OF SCIENCE & TECHNOLOGY, AHMEDABAD","EWS","GUJCET Based","Self-Finance","518.00","545.00"
"ARTIFICIAL
INTELLIGENCE(AI) AND
MACHINE LEARNING","INSTITUTE OF TECHNOLOGY, NIRMA UNIVERSITY
OF SCIENCE & TECHNOLOGY, AHMEDABAD","GEN","GUJCET Based","Self-Finance","231.00","507.00"
"ARTIFICIAL
INTELLIGENCE(AI) AND
MACHINE LEARNING","INSTITUTE OF TECHNOLOGY, NIRMA UNIVERSITY
OF SCIENCE & TECHNOLOGY, AHMEDABAD","SC","GUJCET Based","Self-Finance","4657.00","4657.00"
"ARTIFICIAL
INTELLIGENCE(AI) AND
MACHINE LEARNING","INSTITUTE OF TECHNOLOGY, NIRMA UNIVERSITY
OF SCIENCE & TECHNOLOGY, AHMEDABAD","SEBC","GUJCET Based","Self-Finance","1350.00","1364.00"
"ARTIFICIAL
INTELLIGENCE(AI) AND
MACHINE LEARNING","JG UNIVERSITY - SCHOOL OF ENGINEERING,
AHMEDABAD","GEN","GUJCET Based","Self-Finance","18147.00","50165.00"
"ARTIFICIAL
INTELLIGENCE(AI) AND
MACHINE LEARNING","L.D.COLLEGE OF ENGINEERING, AHMEDABAD","EWS","GUJCET Based","Govt / GIA","1675.00","1825.00"
"Course_name","Inst_Name","Alloted_
Cat","Quota","Institute Type","First Rank","Last Rank"
"ARTIFICIAL
INTELLIGENCE(AI) AND
MACHINE LEARNING","L.D.COLLEGE OF ENGINEERING, AHMEDABAD","GEN","GUJCET Based","Govt / GIA","696.00","1356.00"
"ARTIFICIAL
INTELLIGENCE(AI) AND
MACHINE LEARNING","L.D.COLLEGE OF ENGINEERING, AHMEDABAD","SC","GUJCET Based","Govt / GIA","2676.00","9434.00"
"ARTIFICIAL
INTELLIGENCE(AI) AND
MACHINE LEARNING","L.D.COLLEGE OF ENGINEERING, AHMEDABAD","SEBC","GUJCET Based","Govt / GIA","2119.00","2143.00"
"ARTIFICIAL
INTELLIGENCE(AI) AND
MACHINE LEARNING","L.D.COLLEGE OF ENGINEERING, AHMEDABAD","ST","GUJCET Based","Govt / GIA","22383.00","22383.00"
"ARTIFICIAL
INTELLIGENCE(AI) AND
MACHINE LEARNING","L.D.COLLEGE OF ENGINEERING, AHMEDABAD","GEN","JEE Based","Govt / GIA","900720.00","900852.00"
"ARTIFICIAL
INTELLIGENCE(AI) AND
MACHINE LEARNING","L.D.COLLEGE OF ENGINEERING, AHMEDABAD","SEBC","JEE Based","Govt / GIA","901535.00","901535.00"
"ARTIFICIAL
INTELLIGENCE(AI) AND
MACHINE LEARNING","L.J. INSTITUTE OF ENGG AND TECH.,
AHMEDABAD","EWS","GUJCET Based","Self-Finance","22512.00","24865.00"
"ARTIFICIAL
INTELLIGENCE(AI) AND
MACHINE LEARNING","L.J. INSTITUTE OF ENGG AND TECH.,
AHMEDABAD","GEN","GUJCET Based","Self-Finance","11637.00","20962.00"
"ARTIFICIAL
INTELLIGENCE(AI) AND
MACHINE LEARNING","L.J. INSTITUTE OF ENGG AND TECH.,
AHMEDABAD","SEBC","GUJCET Based","Self-Finance","25184.00","27339.00"
"ARTIFICIAL
INTELLIGENCE(AI) AND
MACHINE LEARNING - TFW","AHMEDABAD INSTITUTE OF TECH, AHMEDABAD","TFWs","GUJCET Based","Self-Finance","12638.00","12638.00"
"ARTIFICIAL
INTELLIGENCE(AI) AND
MACHINE LEARNING - TFW","JG UNIVERSITY - SCHOOL OF ENGINEERING,
AHMEDABAD","TFWs","GUJCET Based","Self-Finance","14088.00","16749.00"
"AUTOMOBILE
ENGINEERING","GOVERNMENT ENGINEERING COLLEGE,
MODASA","GEN","GUJCET Based","Govt / GIA","37263.00","37263.00"
"AUTOMOBILE
ENGINEERING","L.D.COLLEGE OF ENGINEERING, AHMEDABAD","EWS","GUJCET Based","Govt / GIA","26088.00","34292.00"
"AUTOMOBILE
ENGINEERING","L.D.COLLEGE OF ENGINEERING, AHMEDABAD","GEN","GUJCET Based","Govt / GIA","12585.00","25478.00"
"AUTOMOBILE
ENGINEERING","L.D.COLLEGE OF ENGINEERING, AHMEDABAD","SC","GUJCET Based","Govt / GIA","33877.00","37728.00"
"AUTOMOBILE
ENGINEERING","L.D.COLLEGE OF ENGINEERING, AHMEDABAD","SEBC","GUJCET Based","Govt / GIA","25991.00","38134.00"
"AUTOMOBILE
ENGINEERING","L.D.COLLEGE OF ENGINEERING, AHMEDABAD","ST","GUJCET Based","Govt / GIA","28772.00","28772.00"
"AUTOMOBILE
ENGINEERING","L.D.COLLEGE OF ENGINEERING, AHMEDABAD","GEN","JEE Based","Govt / GIA","904079.00","904764.00"
"AUTOMOBILE
ENGINEERING","L.D.COLLEGE OF ENGINEERING, AHMEDABAD","SC","JEE Based","Govt / GIA","922716.00","922716.00"
"AUTOMOBILE
ENGINEERING","L.D.COLLEGE OF ENGINEERING, AHMEDABAD","SEBC","JEE Based","Govt / GIA","912845.00","912845.00"
"AUTOMOBILE
ENGINEERING - TFWS","L.D.COLLEGE OF ENGINEERING, AHMEDABAD","TFWs","GUJCET Based","Govt / GIA","14526.00","14526.00"
"AUTOMOTIVE
TECHNOLOGY-TFWS","PARUL INSTITUTE OF ENGINEERING &
TECHNOLOGY, WAGHODIA, VADODARA","TFWs","GUJCET Based","Self-Finance","37541.00","37541.00"
"BACHELOR OF
TECHNOLOGY (HONS) IN
CIVIL ENGINEERING (BCE)","FACULTY OF TECHNOLOGY, CEPT UNIVERSITY,
AHMEDABAD","EWS","GUJCET Based","Self-Finance","26759.00","31962.00"
"BACHELOR OF
TECHNOLOGY (HONS) IN
CIVIL ENGINEERING (BCE)","FACULTY OF TECHNOLOGY, CEPT UNIVERSITY,
AHMEDABAD","GEN","GUJCET Based","Self-Finance","629.00","23578.00"
"Course_name","Inst_Name","Alloted_
Cat","Quota","Institute Type","First Rank","Last Rank"
"BIOMEDICAL ENGINEERING","GOVERNMENT ENGINEERING COLLEGE, SECTOR
28 GANDHINAGAR","GEN","GUJCET Based","Govt / GIA","33826.00","50019.00"
"BIOMEDICAL ENGINEERING","GOVERNMENT ENGINEERING COLLEGE, SECTOR
28 GANDHINAGAR","GEN","JEE Based","Govt / GIA","910509.00","931399.00"
"BIOMEDICAL ENGINEERING","L.D.COLLEGE OF ENGINEERING, AHMEDABAD","EWS","GUJCET Based","Govt / GIA","31433.00","32123.00"
"BIOMEDICAL ENGINEERING","L.D.COLLEGE OF ENGINEERING, AHMEDABAD","GEN","GUJCET Based","Govt / GIA","8811.00","27448.00"
"BIOMEDICAL ENGINEERING","L.D.COLLEGE OF ENGINEERING, AHMEDABAD","SEBC","GUJCET Based","Govt / GIA","38821.00","39713.00"
"BIOMEDICAL ENGINEERING","L.D.COLLEGE OF ENGINEERING, AHMEDABAD","EWS","JEE Based","Govt / GIA","911655.00","911655.00"
"BIOMEDICAL ENGINEERING","L.D.COLLEGE OF ENGINEERING, AHMEDABAD","GEN","JEE Based","Govt / GIA","903884.00","903884.00"
"BIOMEDICAL ENGINEERING","L.D.COLLEGE OF ENGINEERING, AHMEDABAD","SEBC","JEE Based","Govt / GIA","917459.00","917459.00"
"BIOTECHNOLOGY","ADITYA SILVER OAK INSTITUTE OF TECHNOLOGY
(WITHIN LIMITS OF AHMEDABAD MUNICIPAL
CORPORATION) AHMEDABAD","GEN","GUJCET Based","Self-Finance","18203.00","50183.00"
"BIOTECHNOLOGY","INSTITUTE OF ADVANCED RESEARCH,
GANDHINAGAR","GEN","GUJCET Based","Self-Finance","10145.00","31751.00"
"BIOTECHNOLOGY","L.J. INSTITUTE OF ENGG AND TECH.,
AHMEDABAD","GEN","GUJCET Based","Self-Finance","13147.00","38789.00"
"BIOTECHNOLOGY","PANDIT DEENDAYAL ENERGY UNIVERSITY
,GANDHINAGAR","EWS","GUJCET Based","Self-Finance","10822.00","10920.00"
"BIOTECHNOLOGY","PANDIT DEENDAYAL ENERGY UNIVERSITY
,GANDHINAGAR","GEN","GUJCET Based","Self-Finance","3161.00","7626.00"
"BIOTECHNOLOGY","PANDIT DEENDAYAL ENERGY UNIVERSITY
,GANDHINAGAR","SC","GUJCET Based","Self-Finance","19689.00","35013.00"
"BIOTECHNOLOGY","PANDIT DEENDAYAL ENERGY UNIVERSITY
,GANDHINAGAR","SEBC","GUJCET Based","Self-Finance","13085.00","16018.00"
"BIOTECHNOLOGY","PANDIT DEENDAYAL ENERGY UNIVERSITY
,GANDHINAGAR","GEN","JEE Based","Self-Finance","906166.00","910457.00"
"BIOTECHNOLOGY","PARUL INSTITUTE OF TECHNOLOGY,
WAGHODIA, VADODARA","GEN","GUJCET Based","Self-Finance","2550.00","8902.00"
"BIOTECHNOLOGY","SILVER OAK COLLEGE OF ENGG., & TECH.
(WITHIN AMHEDABAD MUNICIPAL
CORPORATION LIMIT), AHMEDABAD","GEN","GUJCET Based","Self-Finance","15922.00","33304.00"
"BIOTECHNOLOGY","V.V.P. ENGINEERING COLLEGE, RAJKOT","GEN","GUJCET Based","Self-Finance","17488.00","38971.00"
"BIOTECHNOLOGY - TFWS","GANPAT UNIVERSITY, U.V.PATEL COLLEGE OF
ENGINEERING, KHERVA, MEHSANA","TFWs","GUJCET Based","Self-Finance","8030.00","8030.00"
"BIOTECHNOLOGY - TFWS","L.J. INSTITUTE OF ENGG AND TECH.,
AHMEDABAD","TFWs","GUJCET Based","Self-Finance","5409.00","5409.00"
"BIOTECHNOLOGY - TFWS","PARUL INSTITUTE OF TECHNOLOGY,
WAGHODIA, VADODARA","TFWs","GUJCET Based","Self-Finance","12865.00","18235.00"
"BIOTECHNOLOGY - TFWS","SILVER OAK COLLEGE OF ENGG., & TECH.
(WITHIN AMHEDABAD MUNICIPAL
CORPORATION LIMIT), AHMEDABAD","TFWs","GUJCET Based","Self-Finance","4519.00","29897.00"
"CHEMICAL AND
ENVIRONMENTAL
ENGINEERING","AHMEDABAD UNIVERSITY, AHMEDABAD","EWS","GUJCET Based","Self-Finance","22809.00","22809.00"
"CHEMICAL AND
ENVIRONMENTAL
ENGINEERING","AHMEDABAD UNIVERSITY, AHMEDABAD","GEN","GUJCET Based","Self-Finance","12920.00","17482.00"
"CHEMICAL ENGINEERING","BHAGWAN ARIHANT INSTITUTE OF TECH.,
SURAT","GEN","GUJCET Based","Self-Finance","32154.00","32154.00"
"CHEMICAL ENGINEERING","FACULTY OF TECHNOLOGY &
ENGINEERING(MSU), VADODARA","SEBC","GUJCET Based","Govt / GIA","8048.00","8665.00"
"CHEMICAL ENGINEERING","FACULTY OF TECHNOLOGY AND
ENGINEERING(GIA), DHARMSINH DESAI
UNIVERSITY, (DDU), NADIAD","EWS","GUJCET Based","Govt / GIA","5882.00","6095.00"
"CHEMICAL ENGINEERING","FACULTY OF TECHNOLOGY AND
ENGINEERING(GIA), DHARMSINH DESAI
UNIVERSITY, (DDU), NADIAD","GEN","GUJCET Based","Govt / GIA","5297.00","5502.00"
"Course_name","Inst_Name","Alloted_
Cat","Quota","Institute Type","First Rank","Last Rank"
"CHEMICAL ENGINEERING","FACULTY OF TECHNOLOGY AND
ENGINEERING(GIA), DHARMSINH DESAI
UNIVERSITY, (DDU), NADIAD","SEBC","GUJCET Based","Govt / GIA","8786.00","9794.00"
"CHEMICAL ENGINEERING","FACULTY OF TECHNOLOGY(SFI), DHARMSINH
DESAI UNIVERSITY, NADIAD","EWS","GUJCET Based","Self-Finance","12876.00","14245.00"
"CHEMICAL ENGINEERING","FACULTY OF TECHNOLOGY(SFI), DHARMSINH
DESAI UNIVERSITY, NADIAD","GEN","GUJCET Based","Self-Finance","8776.00","12769.00"
"CHEMICAL ENGINEERING","FACULTY OF TECHNOLOGY(SFI), DHARMSINH
DESAI UNIVERSITY, NADIAD","SC","GUJCET Based","Self-Finance","31213.00","31213.00"
"CHEMICAL ENGINEERING","G.H.PATEL COLLEGE OF ENGG. & TECH. , V. V.
NAGAR","GEN","GUJCET Based","Self-Finance","17369.00","50051.00"
"CHEMICAL ENGINEERING","GOVERNMENT ENGINEERING COLLEGE,
BHARUCH","EWS","GUJCET Based","Govt / GIA","15125.00","15921.00"
"CHEMICAL ENGINEERING","GOVERNMENT ENGINEERING COLLEGE,
BHARUCH","GEN","GUJCET Based","Govt / GIA","10989.00","14243.00"
"CHEMICAL ENGINEERING","GOVERNMENT ENGINEERING COLLEGE,
BHARUCH","SEBC","GUJCET Based","Govt / GIA","17871.00","19528.00"
"CHEMICAL ENGINEERING","GOVERNMENT ENGINEERING COLLEGE,
BHARUCH","SEBC","JEE Based","Govt / GIA","912350.00","912350.00"
"CHEMICAL ENGINEERING","GOVERNMENT ENGINEERING COLLEGE, BHUJ","GEN","GUJCET Based","Govt / GIA","31490.00","50012.00"
"CHEMICAL ENGINEERING","GOVERNMENT ENGINEERING COLLEGE, BHUJ","GEN","JEE Based","Govt / GIA","907617.00","931865.00"
"CHEMICAL ENGINEERING","GOVERNMENT ENGINEERING COLLEGE, VALSAD","EWS","GUJCET Based","Govt / GIA","31746.00","31746.00"
"CHEMICAL ENGINEERING","GOVERNMENT ENGINEERING COLLEGE, VALSAD","GEN","GUJCET Based","Govt / GIA","17438.00","25664.00"
"CHEMICAL ENGINEERING","GOVERNMENT ENGINEERING COLLEGE, VALSAD","SEBC","GUJCET Based","Govt / GIA","25693.00","36695.00"
"CHEMICAL ENGINEERING","GOVERNMENT ENGINEERING COLLEGE, VALSAD","GEN","JEE Based","Govt / GIA","906880.00","906880.00"
"CHEMICAL ENGINEERING","GOVERNMENT ENGINEERING COLLEGE, VALSAD","SEBC","JEE Based","Govt / GIA","911660.00","911660.00"
"CHEMICAL ENGINEERING","GOVERNMENT ENGINEERING COLLEGE, VALSAD","ST","JEE Based","Govt / GIA","926010.00","926010.00"
"CHEMICAL ENGINEERING","INSTITUTE OF ADVANCED RESEARCH,
GANDHINAGAR","GEN","GUJCET Based","Self-Finance","18950.00","33593.00"
"CHEMICAL ENGINEERING","INSTITUTE OF TECHNOLOGY, NIRMA UNIVERSITY
OF SCIENCE & TECHNOLOGY, AHMEDABAD","EWS","GUJCET Based","Self-Finance","5827.00","5827.00"
"CHEMICAL ENGINEERING","INSTITUTE OF TECHNOLOGY, NIRMA UNIVERSITY
OF SCIENCE & TECHNOLOGY, AHMEDABAD","SC","GUJCET Based","Self-Finance","21763.00","28142.00"
"CHEMICAL ENGINEERING","INSTITUTE OF TECHNOLOGY, NIRMA UNIVERSITY
OF SCIENCE & TECHNOLOGY, AHMEDABAD","SEBC","GUJCET Based","Self-Finance","9512.00","11875.00"
"CHEMICAL ENGINEERING","L.D.COLLEGE OF ENGINEERING, AHMEDABAD","EWS","GUJCET Based","Govt / GIA","4899.00","4899.00"
"CHEMICAL ENGINEERING","L.D.COLLEGE OF ENGINEERING, AHMEDABAD","GEN","GUJCET Based","Govt / GIA","3861.00","4782.00"
"CHEMICAL ENGINEERING","L.D.COLLEGE OF ENGINEERING, AHMEDABAD","SEBC","GUJCET Based","Govt / GIA","5672.00","5672.00"
"CHEMICAL ENGINEERING","L.D.COLLEGE OF ENGINEERING, AHMEDABAD","GEN","JEE Based","Govt / GIA","901859.00","901859.00"
"CHEMICAL ENGINEERING","L.E.COLLEGE ,MORBI","GEN","GUJCET Based","Govt / GIA","32217.00","38883.00"
"CHEMICAL ENGINEERING","L.E.COLLEGE ,MORBI","GEN","JEE Based","Govt / GIA","909498.00","932380.00"
"CHEMICAL ENGINEERING","L.J. INSTITUTE OF ENGG AND TECH.,
AHMEDABAD","GEN","GUJCET Based","Self-Finance","9924.00","39417.00"
"CHEMICAL ENGINEERING","P.P. SAVANI SCHOOL OF ENGINEERING, P.P.
SAVANI UNIVERSITY, KOSAMBA","GEN","GUJCET Based","Self-Finance","18223.00","33902.00"
"CHEMICAL ENGINEERING","PANDIT DEENDAYAL ENERGY UNIVERSITY
,GANDHINAGAR","EWS","GUJCET Based","Self-Finance","13945.00","14769.00"
"Course_name","Inst_Name","Alloted_
Cat","Quota","Institute Type","First Rank","Last Rank"
"CHEMICAL ENGINEERING","PANDIT DEENDAYAL ENERGY UNIVERSITY
,GANDHINAGAR","GEN","GUJCET Based","Self-Finance","9250.00","12388.00"
"CHEMICAL ENGINEERING","PANDIT DEENDAYAL ENERGY UNIVERSITY
,GANDHINAGAR","SC","GUJCET Based","Self-Finance","36829.00","50071.00"
"CHEMICAL ENGINEERING","PANDIT DEENDAYAL ENERGY UNIVERSITY
,GANDHINAGAR","SEBC","GUJCET Based","Self-Finance","14442.00","30257.00"
"CHEMICAL ENGINEERING","PANDIT DEENDAYAL ENERGY UNIVERSITY
,GANDHINAGAR","EWS","JEE Based","Self-Finance","907358.00","907358.00"
"CHEMICAL ENGINEERING","PANDIT DEENDAYAL ENERGY UNIVERSITY
,GANDHINAGAR","GEN","JEE Based","Self-Finance","903541.00","904969.00"
"CHEMICAL ENGINEERING","PANDIT DEENDAYAL ENERGY UNIVERSITY
,GANDHINAGAR","SC","JEE Based","Self-Finance","905532.00","905532.00"
"CHEMICAL ENGINEERING","PANDIT DEENDAYAL ENERGY UNIVERSITY
,GANDHINAGAR","ST","JEE Based","Self-Finance","928849.00","928849.00"
"CHEMICAL ENGINEERING","PRIME INSTITUTE OF ENGINEERING AND
TECHNOLOGY, JALALPORE, NAVSARI","GEN","GUJCET Based","Self-Finance","38464.00","38464.00"
"CHEMICAL ENGINEERING","R.N.G. PATEL INSTITUTE OF TECHNOLOGY-
RNGPIT (FETR), BARDOLI","GEN","GUJCET Based","Self-Finance","13363.00","36800.00"
"CHEMICAL ENGINEERING","SAL COLLEGE OF ENGINEERING , AHMEDABAD","GEN","GUJCET Based","Self-Finance","20332.00","28846.00"
"CHEMICAL ENGINEERING","SARVAJANIK COLLEGE OF ENGG. & TECH. ,
SURAT","GEN","GUJCET Based","Self-Finance","17134.00","50603.00"
"CHEMICAL ENGINEERING","SCHOOL OF TECHNOLOGY, GSFC UNIVERSITY,
VADODARA","EWS","GUJCET Based","Self-Finance","27852.00","50491.00"
"CHEMICAL ENGINEERING","SCHOOL OF TECHNOLOGY, GSFC UNIVERSITY,
VADODARA","GEN","GUJCET Based","Self-Finance","13301.00","24633.00"
"CHEMICAL ENGINEERING","SCHOOL OF TECHNOLOGY, GSFC UNIVERSITY,
VADODARA","SEBC","GUJCET Based","Self-Finance","35849.00","35849.00"
"CHEMICAL ENGINEERING","SHRI SADVIDHYA MANDAL INSTITUTE OF TECH.,
BHARUCH","GEN","GUJCET Based","Self-Finance","17061.00","39647.00"
"CHEMICAL ENGINEERING","SHRI SITARAM N PATEL INST. OF TECH. & RES.
(SNPIT), BARDOLI, UMRAKH (VIDHYABHARTI
TRUST)","GEN","GUJCET Based","Self-Finance","26739.00","39217.00"
"CHEMICAL ENGINEERING","SHROFF S.R.ROTARY INST. OF CHEMICAL
TECHNOLOGY, VATATIA,BHARUCH","GEN","GUJCET Based","Self-Finance","27328.00","28356.00"
"CHEMICAL ENGINEERING","SIGMA INSTITUTE OF ENGG., BAKROL","GEN","GUJCET Based","Self-Finance","22015.00","22015.00"
"CHEMICAL ENGINEERING","V.V.P. ENGINEERING COLLEGE, RAJKOT","GEN","GUJCET Based","Self-Finance","30271.00","30271.00"
"CHEMICAL ENGINEERING","VIDHYADEEP INSTITUTE OF ENGINEERING &
TECHNOLOGY, ANITA(KIM), SURAT","GEN","GUJCET Based","Self-Finance","30407.00","30407.00"
"CHEMICAL ENGINEERING","VISHWAKARMA GOVERNMENT ENGINEERING
COLLEGE, CHANDKHEDA,GANDHINAGAR","EWS","GUJCET Based","Govt / GIA","10808.00","13183.00"
"CHEMICAL ENGINEERING","VISHWAKARMA GOVERNMENT ENGINEERING
COLLEGE, CHANDKHEDA,GANDHINAGAR","GEN","GUJCET Based","Govt / GIA","9357.00","10712.00"
"CHEMICAL ENGINEERING","VISHWAKARMA GOVERNMENT ENGINEERING
COLLEGE, CHANDKHEDA,GANDHINAGAR","SEBC","GUJCET Based","Govt / GIA","15065.00","21521.00"
"CHEMICAL ENGINEERING","VISHWAKARMA GOVERNMENT ENGINEERING
COLLEGE, CHANDKHEDA,GANDHINAGAR","EWS","JEE Based","Govt / GIA","905005.00","905005.00"
"CHEMICAL ENGINEERING","VISHWAKARMA GOVERNMENT ENGINEERING
COLLEGE, CHANDKHEDA,GANDHINAGAR","GEN","JEE Based","Govt / GIA","902345.00","902345.00"
"CHEMICAL ENGINEERING","VISHWAKARMA GOVERNMENT ENGINEERING
COLLEGE, CHANDKHEDA,GANDHINAGAR","SEBC","JEE Based","Govt / GIA","904524.00","904524.00"
"CHEMICAL ENGINEERING -
TFWS","FACULTY OF TECHNOLOGY(SFI), DHARMSINH
DESAI UNIVERSITY, NADIAD","TFWs","GUJCET Based","Self-Finance","3660.00","3660.00"
"CHEMICAL ENGINEERING -
TFWS","L.D.COLLEGE OF ENGINEERING, AHMEDABAD","TFWs","GUJCET Based","Govt / GIA","2585.00","2585.00"
"CHEMICAL ENGINEERING -
TFWS","L.E.COLLEGE ,MORBI","TFWs","GUJCET Based","Govt / GIA","14307.00","14307.00"
"Course_name","Inst_Name","Alloted_
Cat","Quota","Institute Type","First Rank","Last Rank"
"CHEMICAL ENGINEERING -
TFWS","PANDIT DEENDAYAL ENERGY UNIVERSITY
,GANDHINAGAR","TFWs","JEE Based","Self-Finance","902243.00","902243.00"
"CHEMICAL ENGINEERING -
TFWS","SHROFF S.R.ROTARY INST. OF CHEMICAL
TECHNOLOGY, VATATIA,BHARUCH","TFWs","GUJCET Based","Self-Finance","17272.00","17272.00"
"CHEMICAL ENGINEERING -
TFWS","VISHWAKARMA GOVERNMENT ENGINEERING
COLLEGE, CHANDKHEDA,GANDHINAGAR","TFWs","GUJCET Based","Govt / GIA","4366.00","6308.00"
"CHEMICAL ENGINEERING -
TFWS","VISHWAKARMA GOVERNMENT ENGINEERING
COLLEGE, CHANDKHEDA,GANDHINAGAR","TFWs","JEE Based","Govt / GIA","903464.00","903464.00"
"CIVIL ENGINEERING","A.D.PATEL INSTITUTE OF TECH.,KARAMSAD","GEN","GUJCET Based","Self-Finance","28170.00","30712.00"
"CIVIL ENGINEERING","ADITYA SILVER OAK INSTITUTE OF TECHNOLOGY
(WITHIN LIMITS OF AHMEDABAD MUNICIPAL
CORPORATION) AHMEDABAD","GEN","GUJCET Based","Self-Finance","26707.00","36957.00"
"CIVIL ENGINEERING","AHMEDABAD INSTITUTE OF TECH, AHMEDABAD","GEN","GUJCET Based","Self-Finance","33848.00","33848.00"
"CIVIL ENGINEERING","ATMIYA UNIVERSITY, FACULTY OF ENGINEERING
AND TECHNOLOGY, RAJKOT","GEN","GUJCET Based","Self-Finance","29459.00","29459.00"
"CIVIL ENGINEERING","BHAGWAN MAHAVIR COLLEGE OF ENGG. AND
TECH., SURAT","GEN","GUJCET Based","Self-Finance","38430.00","38430.00"
"CIVIL ENGINEERING","BIRLA VISHVAKARMA MAHA VIDHYALAYA(GIA),
V.V.NAGAR","EWS","GUJCET Based","Govt / GIA","23532.00","26052.00"
"CIVIL ENGINEERING","BIRLA VISHVAKARMA MAHA VIDHYALAYA(GIA),
V.V.NAGAR","GEN","GUJCET Based","Govt / GIA","5998.00","20587.00"
"CIVIL ENGINEERING","BIRLA VISHVAKARMA MAHA VIDHYALAYA(GIA),
V.V.NAGAR","SC","GUJCET Based","Govt / GIA","28411.00","36070.00"
"CIVIL ENGINEERING","BIRLA VISHVAKARMA MAHA VIDHYALAYA(GIA),
V.V.NAGAR","SEBC","GUJCET Based","Govt / GIA","24594.00","25975.00"
"CIVIL ENGINEERING","BIRLA VISHVAKARMA MAHA VIDHYALAYA(GIA),
V.V.NAGAR","ST","GUJCET Based","Govt / GIA","37474.00","37474.00"
"CIVIL ENGINEERING","BIRLA VISHVAKARMA MAHA VIDHYALAYA(GIA),
V.V.NAGAR","SEBC","JEE Based","Govt / GIA","911537.00","911537.00"
"CIVIL ENGINEERING","C. K. PITHAWALA COLLEGE OF ENGG. & TECH.,
SURAT","GEN","GUJCET Based","Self-Finance","23535.00","23535.00"
"CIVIL ENGINEERING","CHAROTAR UNIVERSITY OF SCIENCE &
TECHNOLOGY (CHARUSAT) - CHANDUBHAI S
PATEL INSTITUTE OF TECHNOLOGY (CSPIT),
CHANGA","GEN","GUJCET Based","Self-Finance","21557.00","35801.00"
"CIVIL ENGINEERING","DR. JIVRAJ MEHTA INSTITUTE OF TECHNOLOGY,
ANAND","GEN","GUJCET Based","Self-Finance","39122.00","39122.00"
"CIVIL ENGINEERING","DR. S & S.S.GHANDHI GOVERNMENT
ENGINEERING COLLEGE SURAT","EWS","GUJCET Based","Govt / GIA","31823.00","50102.50"
"CIVIL ENGINEERING","DR. S & S.S.GHANDHI GOVERNMENT
ENGINEERING COLLEGE SURAT","GEN","GUJCET Based","Govt / GIA","8981.00","25768.00"
"CIVIL ENGINEERING","DR. S & S.S.GHANDHI GOVERNMENT
ENGINEERING COLLEGE SURAT","SC","GUJCET Based","Govt / GIA","39970.00","39970.00"
"CIVIL ENGINEERING","DR. S & S.S.GHANDHI GOVERNMENT
ENGINEERING COLLEGE SURAT","SEBC","GUJCET Based","Govt / GIA","34235.00","50545.00"
"CIVIL ENGINEERING","DR. S & S.S.GHANDHI GOVERNMENT
ENGINEERING COLLEGE SURAT","ST","GUJCET Based","Govt / GIA","38103.00","39133.00"
"CIVIL ENGINEERING","DR. S & S.S.GHANDHI GOVERNMENT
ENGINEERING COLLEGE SURAT","GEN","JEE Based","Govt / GIA","904644.00","904644.00"
"CIVIL ENGINEERING","ENGGINERING COLLEGE, TUWA, GODHARA","GEN","GUJCET Based","Self-Finance","36704.00","36704.00"
"CIVIL ENGINEERING","FACULTY OF TECHNOLOGY &
ENGINEERING(MSU), VADODARA","EWS","GUJCET Based","Govt / GIA","18125.00","18515.00"
"CIVIL ENGINEERING","FACULTY OF TECHNOLOGY &
ENGINEERING(MSU), VADODARA","GEN","GUJCET Based","Govt / GIA","13074.00","14656.00"
"CIVIL ENGINEERING","FACULTY OF TECHNOLOGY &
ENGINEERING(MSU), VADODARA","SC","GUJCET Based","Govt / GIA","26328.00","26328.00"
"CIVIL ENGINEERING","FACULTY OF TECHNOLOGY &
ENGINEERING(MSU), VADODARA","SEBC","GUJCET Based","Govt / GIA","15438.00","21342.00"
"CIVIL ENGINEERING","FACULTY OF TECHNOLOGY &
ENGINEERING(MSU), VADODARA","ST","GUJCET Based","Govt / GIA","35343.00","35343.00"
"Course_name","Inst_Name","Alloted_
Cat","Quota","Institute Type","First Rank","Last Rank"
"CIVIL ENGINEERING","FACULTY OF TECHNOLOGY &
ENGINEERING(MSU), VADODARA","GEN","JEE Based","Govt / GIA","903154.00","903381.00"
"CIVIL ENGINEERING","FACULTY OF TECHNOLOGY AND
ENGINEERING(GIA), DHARMSINH DESAI
UNIVERSITY, (DDU), NADIAD","EWS","GUJCET Based","Govt / GIA","20257.00","28023.00"
"CIVIL ENGINEERING","FACULTY OF TECHNOLOGY AND
ENGINEERING(GIA), DHARMSINH DESAI
UNIVERSITY, (DDU), NADIAD","GEN","GUJCET Based","Govt / GIA","16982.00","18668.00"
"CIVIL ENGINEERING","FACULTY OF TECHNOLOGY AND
ENGINEERING(GIA), DHARMSINH DESAI
UNIVERSITY, (DDU), NADIAD","SC","GUJCET Based","Govt / GIA","37074.00","37074.00"
"CIVIL ENGINEERING","FACULTY OF TECHNOLOGY AND
ENGINEERING(GIA), DHARMSINH DESAI
UNIVERSITY, (DDU), NADIAD","SEBC","GUJCET Based","Govt / GIA","21736.00","27190.00"
"CIVIL ENGINEERING","FACULTY OF TECHNOLOGY AND
ENGINEERING(GIA), DHARMSINH DESAI
UNIVERSITY, (DDU), NADIAD","EWS","JEE Based","Govt / GIA","911723.00","911723.00"
"CIVIL ENGINEERING","G.H.PATEL COLLEGE OF ENGG. & TECH. , V. V.
NAGAR","GEN","GUJCET Based","Self-Finance","26815.00","39005.00"
"CIVIL ENGINEERING","GANDHINAGAR INSTITUTE OF TECHNOLOGY,
MOTI BHOYAN, KALOL, GANDHINAGAR","GEN","GUJCET Based","Self-Finance","37384.00","37384.00"
"CIVIL ENGINEERING","GANPAT UNIVERSITY, U.V.PATEL COLLEGE OF
ENGINEERING, KHERVA, MEHSANA","GEN","GUJCET Based","Self-Finance","27358.00","27358.00"
"CIVIL ENGINEERING","GOVERNMENT ENGINEERING COLLEGE,
BHARUCH","GEN","GUJCET Based","Govt / GIA","10305.00","50642.00"
"CIVIL ENGINEERING","GOVERNMENT ENGINEERING COLLEGE,
BHARUCH","GEN","JEE Based","Govt / GIA","904023.00","928126.00"
"CIVIL ENGINEERING","GOVERNMENT ENGINEERING COLLEGE,
BHAVNAGAR","GEN","GUJCET Based","Govt / GIA","20035.00","25797.00"
"CIVIL ENGINEERING","GOVERNMENT ENGINEERING COLLEGE,
BHAVNAGAR","SEBC","GUJCET Based","Govt / GIA","26448.00","32270.00"
"CIVIL ENGINEERING","GOVERNMENT ENGINEERING COLLEGE, BHUJ","GEN","GUJCET Based","Govt / GIA","34879.00","34879.00"
"CIVIL ENGINEERING","GOVERNMENT ENGINEERING COLLEGE, DAHOD","GEN","JEE Based","Govt / GIA","924814.00","924814.00"
"CIVIL ENGINEERING","GOVERNMENT ENGINEERING COLLEGE,
GODHRA","GEN","GUJCET Based","Govt / GIA","28000.00","38519.00"
"CIVIL ENGINEERING","GOVERNMENT ENGINEERING COLLEGE,
GODHRA","GEN","JEE Based","Govt / GIA","924894.00","931750.00"
"CIVIL ENGINEERING","GOVERNMENT ENGINEERING COLLEGE,
MODASA","GEN","GUJCET Based","Govt / GIA","27350.00","39735.00"
"CIVIL ENGINEERING","GOVERNMENT ENGINEERING COLLEGE,
MODASA","GEN","JEE Based","Govt / GIA","918712.00","932445.00"
"CIVIL ENGINEERING","GOVERNMENT ENGINEERING COLLEGE,
PALANPUR","GEN","GUJCET Based","Govt / GIA","30186.00","31044.00"
"CIVIL ENGINEERING","GOVERNMENT ENGINEERING COLLEGE,
PALANPUR","GEN","JEE Based","Govt / GIA","916020.00","990007.00"
"CIVIL ENGINEERING","GOVERNMENT ENGINEERING COLLEGE, PATAN","GEN","GUJCET Based","Govt / GIA","23274.00","35733.00"
"CIVIL ENGINEERING","GOVERNMENT ENGINEERING COLLEGE, PATAN","GEN","JEE Based","Govt / GIA","907588.00","931751.00"
"CIVIL ENGINEERING","GOVERNMENT ENGINEERING COLLEGE, RAJKOT","GEN","GUJCET Based","Govt / GIA","29370.00","39699.00"
"CIVIL ENGINEERING","GOVERNMENT ENGINEERING COLLEGE, RAJKOT","GEN","JEE Based","Govt / GIA","908569.00","908569.00"
"CIVIL ENGINEERING","GOVERNMENT ENGINEERING COLLEGE, RAJKOT","SEBC","JEE Based","Govt / GIA","932491.00","932491.00"
"CIVIL ENGINEERING","GOVERNMENT ENGINEERING COLLEGE, SECTOR
28 GANDHINAGAR","EWS","GUJCET Based","Govt / GIA","24372.00","26522.00"
"CIVIL ENGINEERING","GOVERNMENT ENGINEERING COLLEGE, SECTOR
28 GANDHINAGAR","GEN","GUJCET Based","Govt / GIA","11776.00","22114.00"
"CIVIL ENGINEERING","GOVERNMENT ENGINEERING COLLEGE, SECTOR
28 GANDHINAGAR","SEBC","GUJCET Based","Govt / GIA","22498.00","28807.00"
"Course_name","Inst_Name","Alloted_
Cat","Quota","Institute Type","First Rank","Last Rank"
"CIVIL ENGINEERING","GOVERNMENT ENGINEERING COLLEGE, SECTOR
28 GANDHINAGAR","ST","GUJCET Based","Govt / GIA","35610.00","38924.00"
"CIVIL ENGINEERING","GOVERNMENT ENGINEERING COLLEGE, SECTOR
28 GANDHINAGAR","GEN","JEE Based","Govt / GIA","904622.00","904622.00"
"CIVIL ENGINEERING","GOVERNMENT ENGINEERING COLLEGE, VALSAD","GEN","GUJCET Based","Govt / GIA","36444.00","37521.00"
"CIVIL ENGINEERING","GOVERNMENT ENGINEERING COLLEGE, VALSAD","GEN","JEE Based","Govt / GIA","914180.00","931881.00"
"CIVIL ENGINEERING","GUJARAT POWER ENGG. AND RES. INST. (GPERI)
(PPP), MEVAD, MEHSANA","GEN","GUJCET Based","Self-Finance","21715.00","21715.00"
"CIVIL ENGINEERING","GYANMANJARI INSTITUTE OF TECHNOLOGY
BHAVNAGAR","GEN","GUJCET Based","Self-Finance","6473.00","6473.00"
"CIVIL ENGINEERING","INDUS INSTITUTE OF TECH. & ENGG.,
RACHARDA, AHMEDABAD","GEN","GUJCET Based","Self-Finance","32118.00","37931.00"
"CIVIL ENGINEERING","INSTITUTE OF
INFRASTRUCTURE,TECHNOLOGY,RESEARCH AND
MANAGEMENT(IITRAM),AHMEDABAD","GEN","GUJCET Based","Autonomous","33775.00","50511.00"
"CIVIL ENGINEERING","INSTITUTE OF
INFRASTRUCTURE,TECHNOLOGY,RESEARCH AND
MANAGEMENT(IITRAM),AHMEDABAD","GEN","JEE Based","Autonomous","908605.00","990082.00"
"CIVIL ENGINEERING","INSTITUTE OF TECHNOLOGY, NIRMA UNIVERSITY
OF SCIENCE & TECHNOLOGY, AHMEDABAD","EWS","GUJCET Based","Self-Finance","15150.00","20153.00"
"CIVIL ENGINEERING","INSTITUTE OF TECHNOLOGY, NIRMA UNIVERSITY
OF SCIENCE & TECHNOLOGY, AHMEDABAD","GEN","GUJCET Based","Self-Finance","8338.00","10642.00"
"CIVIL ENGINEERING","INSTITUTE OF TECHNOLOGY, NIRMA UNIVERSITY
OF SCIENCE & TECHNOLOGY, AHMEDABAD","SC","GUJCET Based","Self-Finance","24927.00","27585.00"
"CIVIL ENGINEERING","INSTITUTE OF TECHNOLOGY, NIRMA UNIVERSITY
OF SCIENCE & TECHNOLOGY, AHMEDABAD","SEBC","GUJCET Based","Self-Finance","21023.00","23928.00"
"CIVIL ENGINEERING","INSTITUTE OF TECHNOLOGY, NIRMA UNIVERSITY
OF SCIENCE & TECHNOLOGY, AHMEDABAD","ST","GUJCET Based","Self-Finance","39787.00","39787.00"
"CIVIL ENGINEERING","L.D.COLLEGE OF ENGINEERING, AHMEDABAD","EWS","GUJCET Based","Govt / GIA","8216.00","9096.00"
"CIVIL ENGINEERING","L.D.COLLEGE OF ENGINEERING, AHMEDABAD","GEN","GUJCET Based","Govt / GIA","2742.00","7254.00"
"CIVIL ENGINEERING","L.D.COLLEGE OF ENGINEERING, AHMEDABAD","SEBC","GUJCET Based","Govt / GIA","11222.00","13266.00"
"CIVIL ENGINEERING","L.D.COLLEGE OF ENGINEERING, AHMEDABAD","GEN","JEE Based","Govt / GIA","902821.00","902821.00"
"CIVIL ENGINEERING","L.D.R.P. INSTITUTE OF TECH. & RESEARCH.,
GANDHINAGAR","GEN","GUJCET Based","Self-Finance","28652.00","38880.00"
"CIVIL ENGINEERING","L.E.COLLEGE ,MORBI","GEN","GUJCET Based","Govt / GIA","20017.00","20017.00"
"CIVIL ENGINEERING","L.E.COLLEGE ,MORBI","GEN","JEE Based","Govt / GIA","926686.00","926686.00"
"CIVIL ENGINEERING","L.J. INSTITUTE OF ENGG AND TECH.,
AHMEDABAD","GEN","GUJCET Based","Self-Finance","22022.00","50429.00"
"CIVIL ENGINEERING","P.P. SAVANI SCHOOL OF ENGINEERING, P.P.
SAVANI UNIVERSITY, KOSAMBA","GEN","GUJCET Based","Self-Finance","29303.00","29303.00"
"CIVIL ENGINEERING","PACIFIC SCHOOL OF ENGINEERING, SURAT","GEN","GUJCET Based","Self-Finance","29416.00","29416.00"
"CIVIL ENGINEERING","PANDIT DEENDAYAL ENERGY UNIVERSITY
,GANDHINAGAR","EWS","GUJCET Based","Self-Finance","26760.00","32029.00"
"CIVIL ENGINEERING","PANDIT DEENDAYAL ENERGY UNIVERSITY
,GANDHINAGAR","GEN","GUJCET Based","Self-Finance","14045.00","25327.00"
"CIVIL ENGINEERING","PANDIT DEENDAYAL ENERGY UNIVERSITY
,GANDHINAGAR","SC","GUJCET Based","Self-Finance","28622.00","28622.00"
"CIVIL ENGINEERING","PANDIT DEENDAYAL ENERGY UNIVERSITY
,GANDHINAGAR","SEBC","GUJCET Based","Self-Finance","50118.00","50139.00"
"CIVIL ENGINEERING","PANDIT DEENDAYAL ENERGY UNIVERSITY
,GANDHINAGAR","EWS","JEE Based","Self-Finance","918629.00","918629.00"
"Course_name","Inst_Name","Alloted_
Cat","Quota","Institute Type","First Rank","Last Rank"
"CIVIL ENGINEERING","PANDIT DEENDAYAL ENERGY UNIVERSITY
,GANDHINAGAR","GEN","JEE Based","Self-Finance","905535.00","906020.00"
"CIVIL ENGINEERING","PANDIT DEENDAYAL ENERGY UNIVERSITY
,GANDHINAGAR","SEBC","JEE Based","Self-Finance","924203.00","926454.00"
"CIVIL ENGINEERING","PARUL INSTITUTE OF ENGINEERING &
TECHNOLOGY, WAGHODIA, VADODARA","GEN","GUJCET Based","Self-Finance","11548.00","50134.50"
"CIVIL ENGINEERING","SAL INSTITUTE OF TECH. & ENGG. RESEARCH,
AHMEDABAD","GEN","GUJCET Based","Self-Finance","20519.00","38320.00"
"CIVIL ENGINEERING","SARDAR VALLABHBHAI PATEL INSTITUTE OF
TECH.,VASAD","GEN","GUJCET Based","Self-Finance","25806.00","25806.00"
"CIVIL ENGINEERING","SARVAJANIK COLLEGE OF ENGG. & TECH. ,
SURAT","GEN","GUJCET Based","Self-Finance","21935.00","37483.00"
"CIVIL ENGINEERING","SHANTILAL SHAH ENGINEERING COLLEGE
,BHAVNAGAR","GEN","GUJCET Based","Govt / GIA","21401.00","50498.00"
"CIVIL ENGINEERING","SHANTILAL SHAH ENGINEERING COLLEGE
,BHAVNAGAR","GEN","JEE Based","Govt / GIA","931888.00","990097.00"
"CIVIL ENGINEERING","SHRI SWAMI ATMANAND SARASWATI INSTITUTE
OF TECH., SURAT","GEN","GUJCET Based","Self-Finance","27519.00","27519.00"
"CIVIL ENGINEERING","V.V.P. ENGINEERING COLLEGE, RAJKOT","GEN","GUJCET Based","Self-Finance","13084.00","13084.00"
"CIVIL ENGINEERING","VIDHYADEEP INSTITUTE OF ENGINEERING &
TECHNOLOGY, ANITA(KIM), SURAT","GEN","GUJCET Based","Self-Finance","26933.00","26933.00"
"CIVIL ENGINEERING","VISHWAKARMA GOVERNMENT ENGINEERING
COLLEGE, CHANDKHEDA,GANDHINAGAR","EWS","GUJCET Based","Govt / GIA","14803.00","16276.00"
"CIVIL ENGINEERING","VISHWAKARMA GOVERNMENT ENGINEERING
COLLEGE, CHANDKHEDA,GANDHINAGAR","GEN","GUJCET Based","Govt / GIA","12224.00","13632.00"
"CIVIL ENGINEERING","VISHWAKARMA GOVERNMENT ENGINEERING
COLLEGE, CHANDKHEDA,GANDHINAGAR","SEBC","GUJCET Based","Govt / GIA","14883.00","15208.00"
"CIVIL ENGINEERING","VISHWAKARMA GOVERNMENT ENGINEERING
COLLEGE, CHANDKHEDA,GANDHINAGAR","GEN","JEE Based","Govt / GIA","903283.00","903283.00"
"CIVIL ENGINEERING - TFWS","BIRLA VISHVAKARMA MAHA VIDHYALAYA(GIA),
V.V.NAGAR","TFWs","GUJCET Based","Govt / GIA","5460.00","5460.00"
"CIVIL ENGINEERING - TFWS","DR. S & S.S.GHANDHI GOVERNMENT
ENGINEERING COLLEGE SURAT","TFWs","GUJCET Based","Govt / GIA","2572.00","7148.00"
"CIVIL ENGINEERING - TFWS","FACULTY OF TECHNOLOGY &
ENGINEERING(MSU), VADODARA","TFWs","JEE Based","Govt / GIA","904350.00","904350.00"
"CIVIL ENGINEERING - TFWS","FACULTY OF TECHNOLOGY AND
ENGINEERING(GIA), DHARMSINH DESAI
UNIVERSITY, (DDU), NADIAD","TFWs","JEE Based","Govt / GIA","902695.00","902695.00"
"CIVIL ENGINEERING - TFWS","GOVERNMENT ENGINEERING COLLEGE, SECTOR
28 GANDHINAGAR","TFWs","GUJCET Based","Govt / GIA","4606.00","17852.00"
"CIVIL ENGINEERING - TFWS","L.D.COLLEGE OF ENGINEERING, AHMEDABAD","TFWs","GUJCET Based","Govt / GIA","3509.00","3509.00"
"CIVIL ENGINEERING - TFWS","VISHWAKARMA GOVERNMENT ENGINEERING
COLLEGE, CHANDKHEDA,GANDHINAGAR","TFWs","GUJCET Based","Govt / GIA","8104.00","8104.00"
"CIVIL IRRIGATION WATER
MANAGEMENT","FACULTY OF TECHNOLOGY &
ENGINEERING(MSU), VADODARA","GEN","GUJCET Based","Govt / GIA","35071.00","50620.00"
"CIVIL IRRIGATION WATER
MANAGEMENT","FACULTY OF TECHNOLOGY &
ENGINEERING(MSU), VADODARA","GEN","JEE Based","Govt / GIA","926379.00","929946.00"
"COMPUTER ENGINEERING","A.D.PATEL INSTITUTE OF TECH.,KARAMSAD","EWS","GUJCET Based","Self-Finance","9226.00","10278.00"
"COMPUTER ENGINEERING","A.D.PATEL INSTITUTE OF TECH.,KARAMSAD","GEN","GUJCET Based","Self-Finance","5077.00","9064.00"
"COMPUTER ENGINEERING","A.D.PATEL INSTITUTE OF TECH.,KARAMSAD","SC","GUJCET Based","Self-Finance","23275.00","23645.00"
"COMPUTER ENGINEERING","A.D.PATEL INSTITUTE OF TECH.,KARAMSAD","SEBC","GUJCET Based","Self-Finance","9920.00","19338.00"
"COMPUTER ENGINEERING","ADITYA SILVER OAK INSTITUTE OF TECHNOLOGY
(WITHIN LIMITS OF AHMEDABAD MUNICIPAL
CORPORATION) AHMEDABAD","GEN","GUJCET Based","Self-Finance","6950.00","38632.00"
"Course_name","Inst_Name","Alloted_
Cat","Quota","Institute Type","First Rank","Last Rank"
"COMPUTER ENGINEERING","AHMEDABAD INSTITUTE OF TECH, AHMEDABAD","GEN","GUJCET Based","Self-Finance","8604.00","50297.00"
"COMPUTER ENGINEERING","APOLLO INSTITUTE OF ENGINEERING &
TECHNOLOGY AHMEDABAD","GEN","GUJCET Based","Self-Finance","35841.00","39684.00"
"COMPUTER ENGINEERING","ASHA M. TARSADIA INSTITUTE OF COMPUTER
SCIENCE & TECH. BARDOLI","GEN","GUJCET Based","Self-Finance","35234.00","35234.00"
"COMPUTER ENGINEERING","ATMIYA UNIVERSITY, FACULTY OF ENGINEERING
AND TECHNOLOGY, RAJKOT","GEN","GUJCET Based","Self-Finance","4286.00","38529.00"
"COMPUTER ENGINEERING","B.H.GARDI COLLEGE OF ENGG. & TECHNOLOGY ,
RAJKOT","GEN","GUJCET Based","Self-Finance","28766.00","28766.00"
"COMPUTER ENGINEERING","BHAGWAN ARIHANT INSTITUTE OF TECH.,
SURAT","GEN","GUJCET Based","Self-Finance","29902.00","34402.00"
"COMPUTER ENGINEERING","BHAGWAN MAHAVIR COLLEGE OF ENGG. AND
TECH., SURAT","GEN","GUJCET Based","Self-Finance","16297.00","38853.00"
"COMPUTER ENGINEERING","BIRLA VISHVAKARMA MAHA VIDHYALAYA(GIA),
V.V.NAGAR","GEN","GUJCET Based","Govt / GIA","833.00","1307.00"
"COMPUTER ENGINEERING","BIRLA VISHVAKARMA MAHA VIDHYALAYA(GIA),
V.V.NAGAR","SEBC","GUJCET Based","Govt / GIA","1862.00","1970.00"
"COMPUTER ENGINEERING","BIRLA VISHVAKARMA MAHA VIDHYALAYA(GIA),
V.V.NAGAR","ST","GUJCET Based","Govt / GIA","28929.00","29085.00"
"COMPUTER ENGINEERING","BIRLA VISHVAKARMA MAHA VIDHYALAYA(GIA),
V.V.NAGAR","EWS","JEE Based","Govt / GIA","901296.00","901296.00"
"COMPUTER ENGINEERING","BIRLA VISHVAKARMA MAHA VIDHYALAYA(GIA),
V.V.NAGAR","GEN","JEE Based","Govt / GIA","900863.00","900863.00"
"COMPUTER ENGINEERING","BIRLA VISHVAKARMA MAHA VIDHYALAYA(GIA),
V.V.NAGAR","SEBC","JEE Based","Govt / GIA","901581.00","901581.00"
"COMPUTER ENGINEERING","BIRLA VISHVAKARMA MAHA VIDHYALAYA(GIA),
V.V.NAGAR","ST","JEE Based","Govt / GIA","910637.00","910637.00"
"COMPUTER ENGINEERING","BIRLA VISHVAKARMA MAHA VIDHYLAYA(SFI),
V.V.NAGAR","ESM","GUJCET Based","Self-Finance","17771.00","17771.00"
"COMPUTER ENGINEERING","BIRLA VISHVAKARMA MAHA VIDHYLAYA(SFI),
V.V.NAGAR","EWS","GUJCET Based","Self-Finance","2616.00","3059.00"
"COMPUTER ENGINEERING","BIRLA VISHVAKARMA MAHA VIDHYLAYA(SFI),
V.V.NAGAR","GEN","GUJCET Based","Self-Finance","1517.00","2556.00"
"COMPUTER ENGINEERING","BIRLA VISHVAKARMA MAHA VIDHYLAYA(SFI),
V.V.NAGAR","SEBC","GUJCET Based","Self-Finance","2885.00","4655.00"
"COMPUTER ENGINEERING","C. K. PITHAWALA COLLEGE OF ENGG. & TECH.,
SURAT","EWS","GUJCET Based","Self-Finance","22144.00","25570.00"
"COMPUTER ENGINEERING","C. K. PITHAWALA COLLEGE OF ENGG. & TECH.,
SURAT","GEN","GUJCET Based","Self-Finance","7711.00","19513.00"
"COMPUTER ENGINEERING","C. K. PITHAWALA COLLEGE OF ENGG. & TECH.,
SURAT","SC","GUJCET Based","Self-Finance","33387.00","33387.00"
"COMPUTER ENGINEERING","C. K. PITHAWALA COLLEGE OF ENGG. & TECH.,
SURAT","SEBC","GUJCET Based","Self-Finance","23497.00","30957.00"
"COMPUTER ENGINEERING","C.U.SHAH COLLEGE OF ENGG.&
TECH.,WADHVAN","GEN","GUJCET Based","Self-Finance","20109.00","20109.00"
"COMPUTER ENGINEERING","CHAROTAR UNIVERSITY OF SCIENCE &
TECHNOLOGY (CHARUSAT) - CHANDUBHAI S
PATEL INSTITUTE OF TECHNOLOGY (CSPIT),
CHANGA","EWS","GUJCET Based","Self-Finance","3688.00","4155.00"
"COMPUTER ENGINEERING","CHAROTAR UNIVERSITY OF SCIENCE &
TECHNOLOGY (CHARUSAT) - CHANDUBHAI S
PATEL INSTITUTE OF TECHNOLOGY (CSPIT),
CHANGA","GEN","GUJCET Based","Self-Finance","2977.00","3641.00"
"COMPUTER ENGINEERING","CHAROTAR UNIVERSITY OF SCIENCE &
TECHNOLOGY (CHARUSAT) - CHANDUBHAI S
PATEL INSTITUTE OF TECHNOLOGY (CSPIT),
CHANGA","SC","GUJCET Based","Self-Finance","7504.00","17512.00"
"COMPUTER ENGINEERING","CHAROTAR UNIVERSITY OF SCIENCE &
TECHNOLOGY (CHARUSAT) - CHANDUBHAI S
PATEL INSTITUTE OF TECHNOLOGY (CSPIT),
CHANGA","SEBC","GUJCET Based","Self-Finance","4700.00","8126.00"
"Course_name","Inst_Name","Alloted_
Cat","Quota","Institute Type","First Rank","Last Rank"
"COMPUTER ENGINEERING","CHAROTAR UNIVERSITY OF SCIENCE &
TECHNOLOGY (CHARUSAT) - DEVANG PATEL
INSTITUTE OF ADVANCE TECHNOLOGY AND
RESEARCH (DEPSTAR), CHANGA","EWS","GUJCET Based","Self-Finance","6030.00","6674.00"
"COMPUTER ENGINEERING","CHAROTAR UNIVERSITY OF SCIENCE &
TECHNOLOGY (CHARUSAT) - DEVANG PATEL
INSTITUTE OF ADVANCE TECHNOLOGY AND
RESEARCH (DEPSTAR), CHANGA","GEN","GUJCET Based","Self-Finance","3958.00","5880.00"
"COMPUTER ENGINEERING","CHAROTAR UNIVERSITY OF SCIENCE &
TECHNOLOGY (CHARUSAT) - DEVANG PATEL
INSTITUTE OF ADVANCE TECHNOLOGY AND
RESEARCH (DEPSTAR), CHANGA","SC","GUJCET Based","Self-Finance","13908.00","13908.00"
"COMPUTER ENGINEERING","CHAROTAR UNIVERSITY OF SCIENCE &
TECHNOLOGY (CHARUSAT) - DEVANG PATEL
INSTITUTE OF ADVANCE TECHNOLOGY AND
RESEARCH (DEPSTAR), CHANGA","SEBC","GUJCET Based","Self-Finance","8117.00","12375.00"
"COMPUTER ENGINEERING","CHHOTUBHAI GOPALBHAI PATEL INSTITUTE OF
TECH., TARSADI, BARDOLI","GEN","GUJCET Based","Self-Finance","26738.00","34466.00"
"COMPUTER ENGINEERING","DR. JIVRAJ MEHTA INSTITUTE OF TECHNOLOGY,
ANAND","GEN","GUJCET Based","Self-Finance","4311.00","31945.00"
"COMPUTER ENGINEERING","DR. S & S.S.GHANDHI GOVERNMENT
ENGINEERING COLLEGE SURAT","EWS","GUJCET Based","Govt / GIA","5999.00","6054.00"
"COMPUTER ENGINEERING","DR. S & S.S.GHANDHI GOVERNMENT
ENGINEERING COLLEGE SURAT","GEN","GUJCET Based","Govt / GIA","2554.00","4547.00"
"COMPUTER ENGINEERING","DR. S & S.S.GHANDHI GOVERNMENT
ENGINEERING COLLEGE SURAT","SC","GUJCET Based","Govt / GIA","29294.00","29294.00"
"COMPUTER ENGINEERING","DR. S & S.S.GHANDHI GOVERNMENT
ENGINEERING COLLEGE SURAT","SEBC","GUJCET Based","Govt / GIA","6968.00","7220.00"
"COMPUTER ENGINEERING","DR. S & S.S.GHANDHI GOVERNMENT
ENGINEERING COLLEGE SURAT","GEN","JEE Based","Govt / GIA","901514.00","901709.00"
"COMPUTER ENGINEERING","DR. S & S.S.GHANDHI GOVERNMENT
ENGINEERING COLLEGE SURAT","SEBC","JEE Based","Govt / GIA","903527.00","903527.00"
"COMPUTER ENGINEERING","FACULTY OF TECHNOLOGY AND
ENGINEERING(GIA), DHARMSINH DESAI
UNIVERSITY, (DDU), NADIAD","EWS","GUJCET Based","Govt / GIA","394.00","400.00"
"COMPUTER ENGINEERING","FACULTY OF TECHNOLOGY AND
ENGINEERING(GIA), DHARMSINH DESAI
UNIVERSITY, (DDU), NADIAD","GEN","GUJCET Based","Govt / GIA","240.00","289.00"
"COMPUTER ENGINEERING","FACULTY OF TECHNOLOGY AND
ENGINEERING(GIA), DHARMSINH DESAI
UNIVERSITY, (DDU), NADIAD","SEBC","GUJCET Based","Govt / GIA","522.00","551.00"
"COMPUTER ENGINEERING","FACULTY OF TECHNOLOGY AND
ENGINEERING(GIA), DHARMSINH DESAI
UNIVERSITY, (DDU), NADIAD","ST","GUJCET Based","Govt / GIA","24410.00","24410.00"
"COMPUTER ENGINEERING","FACULTY OF TECHNOLOGY AND
ENGINEERING(GIA), DHARMSINH DESAI
UNIVERSITY, (DDU), NADIAD","GEN","JEE Based","Govt / GIA","900138.00","900138.00"
"COMPUTER ENGINEERING","FACULTY OF TECHNOLOGY AND
ENGINEERING(GIA), DHARMSINH DESAI
UNIVERSITY, (DDU), NADIAD","SC","JEE Based","Govt / GIA","902914.00","902914.00"
"COMPUTER ENGINEERING","FACULTY OF TECHNOLOGY AND
ENGINEERING(GIA), DHARMSINH DESAI
UNIVERSITY, (DDU), NADIAD","SEBC","JEE Based","Govt / GIA","900598.00","900598.00"
"COMPUTER ENGINEERING","FACULTY OF TECHNOLOGY(SFI), DHARMSINH
DESAI UNIVERSITY, NADIAD","EWS","GUJCET Based","Self-Finance","623.00","730.00"
"COMPUTER ENGINEERING","FACULTY OF TECHNOLOGY(SFI), DHARMSINH
DESAI UNIVERSITY, NADIAD","GEN","GUJCET Based","Self-Finance","318.00","585.00"
"COMPUTER ENGINEERING","FACULTY OF TECHNOLOGY(SFI), DHARMSINH
DESAI UNIVERSITY, NADIAD","SEBC","GUJCET Based","Self-Finance","1176.00","1393.00"
"COMPUTER ENGINEERING","FACULTY OF TECHNOLOGY(SFI), DHARMSINH
DESAI UNIVERSITY, NADIAD","ST","GUJCET Based","Self-Finance","35272.00","35272.00"
"Course_name","Inst_Name","Alloted_
Cat","Quota","Institute Type","First Rank","Last Rank"
"COMPUTER ENGINEERING","G.H.PATEL COLLEGE OF ENGG. & TECH. , V. V.
NAGAR","EWS","GUJCET Based","Self-Finance","5683.00","6195.00"
"COMPUTER ENGINEERING","G.H.PATEL COLLEGE OF ENGG. & TECH. , V. V.
NAGAR","GEN","GUJCET Based","Self-Finance","3575.00","5382.00"
"COMPUTER ENGINEERING","G.H.PATEL COLLEGE OF ENGG. & TECH. , V. V.
NAGAR","SEBC","GUJCET Based","Self-Finance","7248.00","14569.00"
"COMPUTER ENGINEERING","GANDHINAGAR INSTITUTE OF TECHNOLOGY,
MOTI BHOYAN, KALOL, GANDHINAGAR","GEN","GUJCET Based","Self-Finance","10529.00","50364.00"
"COMPUTER ENGINEERING","GANPAT UNIVERSITY, U.V.PATEL COLLEGE OF
ENGINEERING, KHERVA, MEHSANA","GEN","GUJCET Based","Self-Finance","10751.00","35907.00"
"COMPUTER ENGINEERING","GIDC DEGREE ENGINEERING COLLEGE, ABRAMA,
NAVSARI","EWS","GUJCET Based","Self-Finance","39339.00","39339.00"
"COMPUTER ENGINEERING","GIDC DEGREE ENGINEERING COLLEGE, ABRAMA,
NAVSARI","GEN","GUJCET Based","Self-Finance","5944.00","18642.00"
"COMPUTER ENGINEERING","GIDC DEGREE ENGINEERING COLLEGE, ABRAMA,
NAVSARI","SEBC","GUJCET Based","Self-Finance","27275.00","27275.00"
"COMPUTER ENGINEERING","GOVERNMENT ENGINEERING COLLEGE,
BHARUCH","EWS","GUJCET Based","Govt / GIA","11502.00","13497.00"
"COMPUTER ENGINEERING","GOVERNMENT ENGINEERING COLLEGE,
BHARUCH","GEN","GUJCET Based","Govt / GIA","3939.00","9445.00"
"COMPUTER ENGINEERING","GOVERNMENT ENGINEERING COLLEGE,
BHARUCH","SEBC","GUJCET Based","Govt / GIA","12845.00","15512.00"
"COMPUTER ENGINEERING","GOVERNMENT ENGINEERING COLLEGE,
BHARUCH","EWS","JEE Based","Govt / GIA","902497.00","902497.00"
"COMPUTER ENGINEERING","GOVERNMENT ENGINEERING COLLEGE,
BHARUCH","GEN","JEE Based","Govt / GIA","901633.00","901633.00"
"COMPUTER ENGINEERING","GOVERNMENT ENGINEERING COLLEGE,
BHAVNAGAR","EWS","GUJCET Based","Govt / GIA","5485.00","6083.00"
"COMPUTER ENGINEERING","GOVERNMENT ENGINEERING COLLEGE,
BHAVNAGAR","GEN","GUJCET Based","Govt / GIA","1107.00","4725.00"
"COMPUTER ENGINEERING","GOVERNMENT ENGINEERING COLLEGE,
BHAVNAGAR","SEBC","GUJCET Based","Govt / GIA","4772.00","8969.00"
"COMPUTER ENGINEERING","GOVERNMENT ENGINEERING COLLEGE,
BHAVNAGAR","ST","GUJCET Based","Govt / GIA","34431.00","34431.00"
"COMPUTER ENGINEERING","GOVERNMENT ENGINEERING COLLEGE,
BHAVNAGAR","SEBC","JEE Based","Govt / GIA","901803.00","901803.00"
"COMPUTER ENGINEERING","GOVERNMENT ENGINEERING COLLEGE, DAHOD","EWS","GUJCET Based","Govt / GIA","22452.00","24506.00"
"COMPUTER ENGINEERING","GOVERNMENT ENGINEERING COLLEGE, DAHOD","GEN","GUJCET Based","Govt / GIA","14906.00","19254.00"
"COMPUTER ENGINEERING","GOVERNMENT ENGINEERING COLLEGE, DAHOD","SC","GUJCET Based","Govt / GIA","23562.00","23562.00"
"COMPUTER ENGINEERING","GOVERNMENT ENGINEERING COLLEGE, DAHOD","SEBC","GUJCET Based","Govt / GIA","23208.00","26537.00"
"COMPUTER ENGINEERING","GOVERNMENT ENGINEERING COLLEGE, DAHOD","EWS","JEE Based","Govt / GIA","906009.00","906009.00"
"COMPUTER ENGINEERING","GOVERNMENT ENGINEERING COLLEGE, DAHOD","GEN","JEE Based","Govt / GIA","903433.00","903433.00"
"COMPUTER ENGINEERING","GOVERNMENT ENGINEERING COLLEGE, DAHOD","SEBC","JEE Based","Govt / GIA","910618.00","910618.00"
"COMPUTER ENGINEERING","GOVERNMENT ENGINEERING COLLEGE,
MODASA","EWS","GUJCET Based","Govt / GIA","15245.00","17028.00"
"COMPUTER ENGINEERING","GOVERNMENT ENGINEERING COLLEGE,
MODASA","GEN","GUJCET Based","Govt / GIA","8300.00","13459.00"
"COMPUTER ENGINEERING","GOVERNMENT ENGINEERING COLLEGE,
MODASA","SC","GUJCET Based","Govt / GIA","28804.00","39006.00"
"COMPUTER ENGINEERING","GOVERNMENT ENGINEERING COLLEGE,
MODASA","SEBC","GUJCET Based","Govt / GIA","14621.00","21470.00"
"COMPUTER ENGINEERING","GOVERNMENT ENGINEERING COLLEGE,
MODASA","ST","GUJCET Based","Govt / GIA","36795.00","38465.00"
"COMPUTER ENGINEERING","GOVERNMENT ENGINEERING COLLEGE,
MODASA","EWS","JEE Based","Govt / GIA","904758.00","904758.00"
"COMPUTER ENGINEERING","GOVERNMENT ENGINEERING COLLEGE,
MODASA","GEN","JEE Based","Govt / GIA","902423.00","902811.00"
"Course_name","Inst_Name","Alloted_
Cat","Quota","Institute Type","First Rank","Last Rank"
"COMPUTER ENGINEERING","GOVERNMENT ENGINEERING COLLEGE,
MODASA","ST","JEE Based","Govt / GIA","921510.00","921510.00"
"COMPUTER ENGINEERING","GOVERNMENT ENGINEERING COLLEGE,
PALANPUR","EWS","GUJCET Based","Govt / GIA","18362.00","20778.00"
"COMPUTER ENGINEERING","GOVERNMENT ENGINEERING COLLEGE,
PALANPUR","GEN","GUJCET Based","Govt / GIA","10545.00","18028.00"
"COMPUTER ENGINEERING","GOVERNMENT ENGINEERING COLLEGE,
PALANPUR","SEBC","GUJCET Based","Govt / GIA","19530.00","22904.00"
"COMPUTER ENGINEERING","GOVERNMENT ENGINEERING COLLEGE,
PALANPUR","GEN","JEE Based","Govt / GIA","903117.00","903117.00"
"COMPUTER ENGINEERING","GOVERNMENT ENGINEERING COLLEGE, RAJKOT","ESM","GUJCET Based","Govt / GIA","29826.00","29826.00"
"COMPUTER ENGINEERING","GOVERNMENT ENGINEERING COLLEGE, RAJKOT","EWS","GUJCET Based","Govt / GIA","7787.00","9165.00"
"COMPUTER ENGINEERING","GOVERNMENT ENGINEERING COLLEGE, RAJKOT","GEN","GUJCET Based","Govt / GIA","3748.00","6593.00"
"COMPUTER ENGINEERING","GOVERNMENT ENGINEERING COLLEGE, RAJKOT","SC","GUJCET Based","Govt / GIA","20729.00","20729.00"
"COMPUTER ENGINEERING","GOVERNMENT ENGINEERING COLLEGE, RAJKOT","SEBC","GUJCET Based","Govt / GIA","8735.00","9698.00"
"COMPUTER ENGINEERING","GOVERNMENT ENGINEERING COLLEGE, RAJKOT","ST","GUJCET Based","Govt / GIA","37546.00","39640.00"
"COMPUTER ENGINEERING","GOVERNMENT ENGINEERING COLLEGE, RAJKOT","GEN","JEE Based","Govt / GIA","901329.00","901329.00"
"COMPUTER ENGINEERING","GOVERNMENT ENGINEERING COLLEGE, RAJKOT","SEBC","JEE Based","Govt / GIA","902560.00","902560.00"
"COMPUTER ENGINEERING","GOVERNMENT ENGINEERING COLLEGE, SECTOR
28 GANDHINAGAR","EWS","GUJCET Based","Govt / GIA","3249.00","3522.00"
"COMPUTER ENGINEERING","GOVERNMENT ENGINEERING COLLEGE, SECTOR
28 GANDHINAGAR","GEN","GUJCET Based","Govt / GIA","2772.00","2902.00"
"COMPUTER ENGINEERING","GOVERNMENT ENGINEERING COLLEGE, SECTOR
28 GANDHINAGAR","SC","GUJCET Based","Govt / GIA","10887.00","14379.00"
"COMPUTER ENGINEERING","GOVERNMENT ENGINEERING COLLEGE, SECTOR
28 GANDHINAGAR","SEBC","GUJCET Based","Govt / GIA","3819.00","4430.00"
"COMPUTER ENGINEERING","GOVERNMENT ENGINEERING COLLEGE, SECTOR
28 GANDHINAGAR","ST","GUJCET Based","Govt / GIA","25672.00","33623.00"
"COMPUTER ENGINEERING","GOVERNMENT ENGINEERING COLLEGE, SECTOR
28 GANDHINAGAR","GEN","JEE Based","Govt / GIA","901235.00","901418.00"
"COMPUTER ENGINEERING","GOVERNMENT ENGINEERING COLLEGE, SECTOR
28 GANDHINAGAR","SC","JEE Based","Govt / GIA","905986.00","905986.00"
"COMPUTER ENGINEERING","GOVERNMENT ENGINEERING COLLEGE, SECTOR
28 GANDHINAGAR","SEBC","JEE Based","Govt / GIA","901940.00","901969.00"
"COMPUTER ENGINEERING","GOVERNMENT ENGINEERING COLLEGE, SECTOR
28 GANDHINAGAR","ST","JEE Based","Govt / GIA","915090.00","915090.00"
"COMPUTER ENGINEERING","GUJARAT POWER ENGG. AND RES. INST. (GPERI)
(PPP), MEVAD, MEHSANA","GEN","GUJCET Based","Self-Finance","16102.00","50263.00"
"COMPUTER ENGINEERING","GUJARAT TECHNOLOGICAL UNIVERSITY SCHOOL
OF ENGINEERING AND TECHNOLOGY,
CHANDKHEDA, AHMEDABAD","EWS","GUJCET Based","Self-Finance","8168.00","9863.00"
"COMPUTER ENGINEERING","GUJARAT TECHNOLOGICAL UNIVERSITY SCHOOL
OF ENGINEERING AND TECHNOLOGY,
CHANDKHEDA, AHMEDABAD","GEN","GUJCET Based","Self-Finance","5228.00","7736.00"
"COMPUTER ENGINEERING","GUJARAT TECHNOLOGICAL UNIVERSITY SCHOOL
OF ENGINEERING AND TECHNOLOGY,
CHANDKHEDA, AHMEDABAD","SC","GUJCET Based","Self-Finance","10591.00","17538.00"
"COMPUTER ENGINEERING","GUJARAT TECHNOLOGICAL UNIVERSITY SCHOOL
OF ENGINEERING AND TECHNOLOGY,
CHANDKHEDA, AHMEDABAD","SEBC","GUJCET Based","Self-Finance","9524.00","13667.00"
"COMPUTER ENGINEERING","GYANMANJARI INSTITUTE OF TECHNOLOGY
BHAVNAGAR","GEN","GUJCET Based","Self-Finance","4481.00","50218.00"
"Course_name","Inst_Name","Alloted_
Cat","Quota","Institute Type","First Rank","Last Rank"
"COMPUTER ENGINEERING","HANSABA COLLEGE OF ENGIEERING AND
TECHNOLOGY, SIDDHPUR","GEN","GUJCET Based","Self-Finance","39880.00","50046.00"
"COMPUTER ENGINEERING","HASMUKH GOSWAMI COLLEGE OF ENGG,
VAHELAL","GEN","GUJCET Based","Self-Finance","50097.00","50097.00"
"COMPUTER ENGINEERING","INDUS INSTITUTE OF TECH. & ENGG.,
RACHARDA, AHMEDABAD","GEN","GUJCET Based","Self-Finance","9822.00","39900.00"
"COMPUTER ENGINEERING","INSTITUTE OF ADVANCED RESEARCH,
GANDHINAGAR","EWS","GUJCET Based","Self-Finance","35896.00","39128.00"
"COMPUTER ENGINEERING","INSTITUTE OF ADVANCED RESEARCH,
GANDHINAGAR","GEN","GUJCET Based","Self-Finance","8977.00","33765.00"
"COMPUTER ENGINEERING","INSTITUTE OF ADVANCED RESEARCH,
GANDHINAGAR","SEBC","GUJCET Based","Self-Finance","34492.00","50442.00"
"COMPUTER ENGINEERING","INSTITUTE OF
INFRASTRUCTURE,TECHNOLOGY,RESEARCH AND
MANAGEMENT(IITRAM),AHMEDABAD","EWS","GUJCET Based","Autonomous","2801.00","3092.00"
"COMPUTER ENGINEERING","INSTITUTE OF
INFRASTRUCTURE,TECHNOLOGY,RESEARCH AND
MANAGEMENT(IITRAM),AHMEDABAD","GEN","GUJCET Based","Autonomous","1197.00","2653.00"
"COMPUTER ENGINEERING","INSTITUTE OF
INFRASTRUCTURE,TECHNOLOGY,RESEARCH AND
MANAGEMENT(IITRAM),AHMEDABAD","SC","GUJCET Based","Autonomous","10189.00","10189.00"
"COMPUTER ENGINEERING","INSTITUTE OF
INFRASTRUCTURE,TECHNOLOGY,RESEARCH AND
MANAGEMENT(IITRAM),AHMEDABAD","SEBC","GUJCET Based","Autonomous","4292.00","6321.00"
"COMPUTER ENGINEERING","K.J. INSTITUTE OF ENGG. AND TECH., SAVALI","GEN","GUJCET Based","Self-Finance","17706.00","28476.00"
"COMPUTER ENGINEERING","KANKESHWARI DEVI COLLEGE OF ENGINEERING,
JAMNAGAR","GEN","GUJCET Based","Self-Finance","28724.00","28724.00"
"COMPUTER ENGINEERING","KRISHNA SCHOOL OF TECHNOLOGY, VARNAMA,
VADODARA","GEN","GUJCET Based","Self-Finance","26494.00","50622.00"
"COMPUTER ENGINEERING","L.D.COLLEGE OF ENGINEERING, AHMEDABAD","EWS","GUJCET Based","Govt / GIA","735.00","775.00"
"COMPUTER ENGINEERING","L.D.COLLEGE OF ENGINEERING, AHMEDABAD","GEN","GUJCET Based","Govt / GIA","70.00","586.00"
"COMPUTER ENGINEERING","L.D.COLLEGE OF ENGINEERING, AHMEDABAD","SC","GUJCET Based","Govt / GIA","2783.00","2783.00"
"COMPUTER ENGINEERING","L.D.COLLEGE OF ENGINEERING, AHMEDABAD","SEBC","GUJCET Based","Govt / GIA","901.00","1050.00"
"COMPUTER ENGINEERING","L.D.COLLEGE OF ENGINEERING, AHMEDABAD","ST","GUJCET Based","Govt / GIA","17142.00","17142.00"
"COMPUTER ENGINEERING","L.D.COLLEGE OF ENGINEERING, AHMEDABAD","EWS","JEE Based","Govt / GIA","900714.00","900714.00"
"COMPUTER ENGINEERING","L.D.COLLEGE OF ENGINEERING, AHMEDABAD","GEN","JEE Based","Govt / GIA","900216.00","900646.00"
"COMPUTER ENGINEERING","L.D.COLLEGE OF ENGINEERING, AHMEDABAD","SC","JEE Based","Govt / GIA","902967.00","902967.00"
"COMPUTER ENGINEERING","L.D.COLLEGE OF ENGINEERING, AHMEDABAD","SEBC","JEE Based","Govt / GIA","900658.00","900747.00"
"COMPUTER ENGINEERING","L.D.R.P. INSTITUTE OF TECH. & RESEARCH.,
GANDHINAGAR","EWS","GUJCET Based","Self-Finance","25544.00","32703.00"
"COMPUTER ENGINEERING","L.D.R.P. INSTITUTE OF TECH. & RESEARCH.,
GANDHINAGAR","GEN","GUJCET Based","Self-Finance","7016.00","24825.00"
"COMPUTER ENGINEERING","L.D.R.P. INSTITUTE OF TECH. & RESEARCH.,
GANDHINAGAR","SC","GUJCET Based","Self-Finance","27794.00","36782.00"
"COMPUTER ENGINEERING","L.D.R.P. INSTITUTE OF TECH. & RESEARCH.,
GANDHINAGAR","SEBC","GUJCET Based","Self-Finance","25103.00","50422.00"
"COMPUTER ENGINEERING","L.J. INSTITUTE OF ENGG AND TECH.,
AHMEDABAD","EWS","GUJCET Based","Self-Finance","9109.00","12133.00"
"COMPUTER ENGINEERING","L.J. INSTITUTE OF ENGG AND TECH.,
AHMEDABAD","GEN","GUJCET Based","Self-Finance","5185.00","9056.00"
"Course_name","Inst_Name","Alloted_
Cat","Quota","Institute Type","First Rank","Last Rank"
"COMPUTER ENGINEERING","L.J. INSTITUTE OF ENGG AND TECH.,
AHMEDABAD","SC","GUJCET Based","Self-Finance","16360.00","22184.00"
"COMPUTER ENGINEERING","L.J. INSTITUTE OF ENGG AND TECH.,
AHMEDABAD","SEBC","GUJCET Based","Self-Finance","10696.00","24407.00"
"COMPUTER ENGINEERING","MADHUBEN & BHANUBHAI PATEL INSTITUTE OF
TECHNOLOGY, NEW V.V.NAGAR","EWS","GUJCET Based","Self-Finance","25738.00","36019.00"
"COMPUTER ENGINEERING","MADHUBEN & BHANUBHAI PATEL INSTITUTE OF
TECHNOLOGY, NEW V.V.NAGAR","GEN","GUJCET Based","Self-Finance","6245.00","25092.00"
"COMPUTER ENGINEERING","MADHUBEN & BHANUBHAI PATEL INSTITUTE OF
TECHNOLOGY, NEW V.V.NAGAR","SEBC","GUJCET Based","Self-Finance","28137.00","39412.00"
"COMPUTER ENGINEERING","MAHAVIR SWAMI COLLEGE OF ENGINEERING &
TECHNOLOGY, BHARTHANA-VESU, SURAT","GEN","GUJCET Based","Self-Finance","21125.00","21125.00"
"COMPUTER ENGINEERING","MARWADI EDUCATION FOUNDATION'S GROUP
OF INSTITUTIONS - FACULTY OF ENGINEERING &
TECHNOLOGY, RAJKOT","GEN","GUJCET Based","Self-Finance","9825.00","50470.00"
"COMPUTER ENGINEERING","OM ENGINEERING COLLEGE JUNAGADH","GEN","GUJCET Based","Self-Finance","30011.00","30011.00"
"COMPUTER ENGINEERING","P.P. SAVANI SCHOOL OF ENGINEERING, P.P.
SAVANI UNIVERSITY, KOSAMBA","EWS","GUJCET Based","Self-Finance","33348.00","39614.00"
"COMPUTER ENGINEERING","P.P. SAVANI SCHOOL OF ENGINEERING, P.P.
SAVANI UNIVERSITY, KOSAMBA","GEN","GUJCET Based","Self-Finance","1074.00","32687.00"
"COMPUTER ENGINEERING","P.P. SAVANI SCHOOL OF ENGINEERING, P.P.
SAVANI UNIVERSITY, KOSAMBA","SEBC","GUJCET Based","Self-Finance","36880.00","36880.00"
"COMPUTER ENGINEERING","PACIFIC SCHOOL OF ENGINEERING, SURAT","GEN","GUJCET Based","Self-Finance","27707.00","39955.00"
"COMPUTER ENGINEERING","PANDIT DEENDAYAL ENERGY UNIVERSITY
,GANDHINAGAR","EWS","GUJCET Based","Self-Finance","1039.00","1220.00"
"COMPUTER ENGINEERING","PANDIT DEENDAYAL ENERGY UNIVERSITY
,GANDHINAGAR","GEN","GUJCET Based","Self-Finance","907.00","985.00"
"COMPUTER ENGINEERING","PANDIT DEENDAYAL ENERGY UNIVERSITY
,GANDHINAGAR","SC","GUJCET Based","Self-Finance","6444.00","6444.00"
"COMPUTER ENGINEERING","PANDIT DEENDAYAL ENERGY UNIVERSITY
,GANDHINAGAR","SEBC","GUJCET Based","Self-Finance","2576.00","3707.00"
"COMPUTER ENGINEERING","PANDIT DEENDAYAL ENERGY UNIVERSITY
,GANDHINAGAR","EWS","JEE Based","Self-Finance","901391.00","901511.00"
"COMPUTER ENGINEERING","PANDIT DEENDAYAL ENERGY UNIVERSITY
,GANDHINAGAR","GEN","JEE Based","Self-Finance","900680.00","901244.00"
"COMPUTER ENGINEERING","PANDIT DEENDAYAL ENERGY UNIVERSITY
,GANDHINAGAR","SC","JEE Based","Self-Finance","905121.00","905121.00"
"COMPUTER ENGINEERING","PANDIT DEENDAYAL ENERGY UNIVERSITY
,GANDHINAGAR","SEBC","JEE Based","Self-Finance","901328.00","902556.00"
"COMPUTER ENGINEERING","PARUL INSTITUTE OF TECHNOLOGY,
WAGHODIA, VADODARA","GEN","GUJCET Based","Self-Finance","14301.00","39060.00"
"COMPUTER ENGINEERING","PRIME INSTITUTE OF ENGINEERING AND
TECHNOLOGY, JALALPORE, NAVSARI","GEN","GUJCET Based","Self-Finance","36468.00","36468.00"
"COMPUTER ENGINEERING","R.K. UNIVERSITY - SCHOOL OF ENGINEERING,
RAJKOT","GEN","GUJCET Based","Self-Finance","26209.00","50629.00"
"COMPUTER ENGINEERING","S.P.B. PATEL ENGG. COLLEGE, (SAFFRONY),
LINCH, MEHSANA","GEN","GUJCET Based","Self-Finance","13693.00","50402.00"
"COMPUTER ENGINEERING","S.S.AGRAWAL INSTITUTE OF ENGINEERING &
TECHNOLOGY NAVSARI","GEN","GUJCET Based","Self-Finance","16845.00","22553.00"
"COMPUTER ENGINEERING","S.S.AGRAWAL INSTITUTE OF ENGINEERING &
TECHNOLOGY NAVSARI","SEBC","GUJCET Based","Self-Finance","28330.00","29373.00"
"COMPUTER ENGINEERING","SAL COLLEGE OF ENGINEERING , AHMEDABAD","GEN","GUJCET Based","Self-Finance","5957.00","50344.00"
"COMPUTER ENGINEERING","SAL ENGINEERING &TECHNICAL INSTITUTE,
SOLA, AHMEDABAD","GEN","GUJCET Based","Self-Finance","14558.00","34114.00"
"COMPUTER ENGINEERING","SAL INSTITUTE OF TECH. & ENGG. RESEARCH,
AHMEDABAD","GEN","GUJCET Based","Self-Finance","7569.00","50326.00"
"COMPUTER ENGINEERING","SAL INSTITUTE OF TECH. & ENGG. RESEARCH,
AHMEDABAD","SEBC","GUJCET Based","Self-Finance","50549.00","50549.00"
"Course_name","Inst_Name","Alloted_
Cat","Quota","Institute Type","First Rank","Last Rank"
"COMPUTER ENGINEERING","SANKALCHAND PATEL COLLEGE OF ENGG.,
VISNAGAR","GEN","GUJCET Based","Self-Finance","32769.00","37352.00"
"COMPUTER ENGINEERING","SARDAR PATEL COLLEGE OF ENGINEERING,
BAKROL ANAND","GEN","GUJCET Based","Self-Finance","30582.00","50021.50"
"COMPUTER ENGINEERING","SARDAR VALLABHBHAI PATEL INSTITUTE OF
TECH.,VASAD","EWS","GUJCET Based","Self-Finance","11115.00","15983.00"
"COMPUTER ENGINEERING","SARDAR VALLABHBHAI PATEL INSTITUTE OF
TECH.,VASAD","GEN","GUJCET Based","Self-Finance","4607.00","11066.00"
"COMPUTER ENGINEERING","SARDAR VALLABHBHAI PATEL INSTITUTE OF
TECH.,VASAD","SC","GUJCET Based","Self-Finance","25597.00","27977.00"
"COMPUTER ENGINEERING","SARDAR VALLABHBHAI PATEL INSTITUTE OF
TECH.,VASAD","SEBC","GUJCET Based","Self-Finance","17107.00","27442.00"
"COMPUTER ENGINEERING","SARDAR VALLABHBHAI PATEL INSTITUTE OF
TECH.,VASAD","ST","GUJCET Based","Self-Finance","35694.00","35694.00"
"COMPUTER ENGINEERING","SARVAJANIK COLLEGE OF ENGG. & TECH. ,
SURAT","EWS","GUJCET Based","Self-Finance","6298.00","7444.00"
"COMPUTER ENGINEERING","SARVAJANIK COLLEGE OF ENGG. & TECH. ,
SURAT","GEN","GUJCET Based","Self-Finance","797.00","5404.00"
"COMPUTER ENGINEERING","SARVAJANIK COLLEGE OF ENGG. & TECH. ,
SURAT","SC","GUJCET Based","Self-Finance","18371.00","26127.00"
"COMPUTER ENGINEERING","SARVAJANIK COLLEGE OF ENGG. & TECH. ,
SURAT","SEBC","GUJCET Based","Self-Finance","11034.00","12814.00"
"COMPUTER ENGINEERING","SARVAJANIK COLLEGE OF ENGG. & TECH. ,
SURAT","ST","GUJCET Based","Self-Finance","37787.00","37787.00"
"COMPUTER ENGINEERING","SHREE SWAMINARAYAN INSTITUTE OF
TECHNOLOGY, BHAT, GANDHINAGAR","GEN","GUJCET Based","Self-Finance","17785.00","50582.00"
"COMPUTER ENGINEERING","SHRI SWAMI ATMANAND SARASWATI INSTITUTE
OF TECH., SURAT","EWS","GUJCET Based","Self-Finance","16135.00","16135.00"
"COMPUTER ENGINEERING","SHRI SWAMI ATMANAND SARASWATI INSTITUTE
OF TECH., SURAT","GEN","GUJCET Based","Self-Finance","10172.00","15808.00"
"COMPUTER ENGINEERING","SHRI SWAMI ATMANAND SARASWATI INSTITUTE
OF TECH., SURAT","SEBC","GUJCET Based","Self-Finance","22002.00","30255.00"
"COMPUTER ENGINEERING","SIGMA INSTITUTE OF ENGG., BAKROL","GEN","GUJCET Based","Self-Finance","22607.00","30182.00"
"COMPUTER ENGINEERING","SILVER OAK COLLEGE OF ENGG., & TECH.
(WITHIN AMHEDABAD MUNICIPAL
CORPORATION LIMIT), AHMEDABAD","GEN","GUJCET Based","Self-Finance","30560.00","36179.00"
"COMPUTER ENGINEERING","SMT. S.R. PATEL ENGG. COLLEGE, DABHI, UNJHA","GEN","GUJCET Based","Self-Finance","21858.00","36484.00"
"COMPUTER ENGINEERING","V.V.P. ENGINEERING COLLEGE, RAJKOT","EWS","GUJCET Based","Self-Finance","18033.00","19515.00"
"COMPUTER ENGINEERING","V.V.P. ENGINEERING COLLEGE, RAJKOT","GEN","GUJCET Based","Self-Finance","10042.00","16750.00"
"COMPUTER ENGINEERING","V.V.P. ENGINEERING COLLEGE, RAJKOT","SC","GUJCET Based","Self-Finance","18688.00","30991.00"
"COMPUTER ENGINEERING","V.V.P. ENGINEERING COLLEGE, RAJKOT","SEBC","GUJCET Based","Self-Finance","17440.00","36485.00"
"COMPUTER ENGINEERING","VADODARA INSTITUTE OF ENGINEERING,
KOTAMBI, WAGHODIYA, VADODARA","GEN","GUJCET Based","Self-Finance","33674.00","34184.00"
"COMPUTER ENGINEERING","VIDHYADEEP INSTITUTE OF ENGINEERING &
TECHNOLOGY, ANITA(KIM), SURAT","GEN","GUJCET Based","Self-Finance","29079.00","37397.00"
"COMPUTER ENGINEERING","VIDUSH SOMANY INSTITUTE OF TECH. & RES.,
KADI","GEN","GUJCET Based","Self-Finance","27608.00","31707.00"
"COMPUTER ENGINEERING","VISHWAKARMA GOVERNMENT ENGINEERING
COLLEGE, CHANDKHEDA,GANDHINAGAR","EWS","GUJCET Based","Govt / GIA","1413.00","1569.00"
"COMPUTER ENGINEERING","VISHWAKARMA GOVERNMENT ENGINEERING
COLLEGE, CHANDKHEDA,GANDHINAGAR","GEN","GUJCET Based","Govt / GIA","1012.00","1396.00"
"COMPUTER ENGINEERING","VISHWAKARMA GOVERNMENT ENGINEERING
COLLEGE, CHANDKHEDA,GANDHINAGAR","SEBC","GUJCET Based","Govt / GIA","2118.00","2265.00"
"COMPUTER ENGINEERING","VISHWAKARMA GOVERNMENT ENGINEERING
COLLEGE, CHANDKHEDA,GANDHINAGAR","ST","GUJCET Based","Govt / GIA","11852.00","25787.00"
"Course_name","Inst_Name","Alloted_
Cat","Quota","Institute Type","First Rank","Last Rank"
"COMPUTER ENGINEERING","VISHWAKARMA GOVERNMENT ENGINEERING
COLLEGE, CHANDKHEDA,GANDHINAGAR","GEN","JEE Based","Govt / GIA","901021.00","901021.00"
"COMPUTER ENGINEERING","VISHWAKARMA GOVERNMENT ENGINEERING
COLLEGE, CHANDKHEDA,GANDHINAGAR","SEBC","JEE Based","Govt / GIA","901289.00","901289.00"
"COMPUTER ENGINEERING","VISHWAKARMA GOVERNMENT ENGINEERING
COLLEGE, CHANDKHEDA,GANDHINAGAR","ST","JEE Based","Govt / GIA","907675.00","907675.00"
"COMPUTER ENGINEERING -
TFWS","A.D.PATEL INSTITUTE OF TECH.,KARAMSAD","TFWs","GUJCET Based","Self-Finance","3381.00","3381.00"
"COMPUTER ENGINEERING -
TFWS","AMRUT INSTITUTE, JUNAGADH","TFWs","GUJCET Based","Self-Finance","30384.00","30384.00"
"COMPUTER ENGINEERING -
TFWS","BIRLA VISHVAKARMA MAHA VIDHYALAYA(GIA),
V.V.NAGAR","TFWs","JEE Based","Govt / GIA","901112.00","901112.00"
"COMPUTER ENGINEERING -
TFWS","BIRLA VISHVAKARMA MAHA VIDHYLAYA(SFI),
V.V.NAGAR","TFWs","GUJCET Based","Self-Finance","1414.00","1414.00"
"COMPUTER ENGINEERING -
TFWS","C. K. PITHAWALA COLLEGE OF ENGG. & TECH.,
SURAT","TFWs","GUJCET Based","Self-Finance","6619.00","6619.00"
"COMPUTER ENGINEERING -
TFWS","CHAROTAR UNIVERSITY OF SCIENCE &
TECHNOLOGY (CHARUSAT) - DEVANG PATEL
INSTITUTE OF ADVANCE TECHNOLOGY AND
RESEARCH (DEPSTAR), CHANGA","TFWs","GUJCET Based","Self-Finance","1831.00","1831.00"
"COMPUTER ENGINEERING -
TFWS","DR. S & S.S.GHANDHI GOVERNMENT
ENGINEERING COLLEGE SURAT","TFWs","GUJCET Based","Govt / GIA","323.00","323.00"
"COMPUTER ENGINEERING -
TFWS","FACULTY OF TECHNOLOGY AND
ENGINEERING(GIA), DHARMSINH DESAI
UNIVERSITY, (DDU), NADIAD","TFWs","GUJCET Based","Govt / GIA","112.00","112.00"
"COMPUTER ENGINEERING -
TFWS","G.H.PATEL COLLEGE OF ENGG. & TECH. , V. V.
NAGAR","TFWs","GUJCET Based","Self-Finance","1848.00","1848.00"
"COMPUTER ENGINEERING -
TFWS","GANPAT UNIVERSITY, U.V.PATEL COLLEGE OF
ENGINEERING, KHERVA, MEHSANA","TFWs","GUJCET Based","Self-Finance","6440.00","6440.00"
"COMPUTER ENGINEERING -
TFWS","GOVERNMENT ENGINEERING COLLEGE, DAHOD","TFWs","GUJCET Based","Govt / GIA","12413.00","12413.00"
"COMPUTER ENGINEERING -
TFWS","GOVERNMENT ENGINEERING COLLEGE,
MODASA","TFWs","GUJCET Based","Govt / GIA","7360.00","7360.00"
"COMPUTER ENGINEERING -
TFWS","GOVERNMENT ENGINEERING COLLEGE,
PALANPUR","TFWs","GUJCET Based","Govt / GIA","7476.00","11693.00"
"COMPUTER ENGINEERING -
TFWS","GOVERNMENT ENGINEERING COLLEGE, SECTOR
28 GANDHINAGAR","TFWs","GUJCET Based","Govt / GIA","2254.00","2303.00"
"COMPUTER ENGINEERING -
TFWS","GUJARAT TECHNOLOGICAL UNIVERSITY SCHOOL
OF ENGINEERING AND TECHNOLOGY,
CHANDKHEDA, AHMEDABAD","TFWs","GUJCET Based","Self-Finance","2651.00","2651.00"
"COMPUTER ENGINEERING -
TFWS","INDUS INSTITUTE OF TECH. & ENGG.,
RACHARDA, AHMEDABAD","TFWs","GUJCET Based","Self-Finance","7392.00","7392.00"
"COMPUTER ENGINEERING -
TFWS","INSTITUTE OF ADVANCED RESEARCH,
GANDHINAGAR","TFWs","GUJCET Based","Self-Finance","7353.00","7697.00"
"COMPUTER ENGINEERING -
TFWS","INSTITUTE OF
INFRASTRUCTURE,TECHNOLOGY,RESEARCH AND
MANAGEMENT(IITRAM),AHMEDABAD","TFWs","GUJCET Based","Autonomous","1229.00","1229.00"
"COMPUTER ENGINEERING -
TFWS","KRISHNA SCHOOL OF TECHNOLOGY, VARNAMA,
VADODARA","TFWs","GUJCET Based","Self-Finance","18268.00","18268.00"
"COMPUTER ENGINEERING -
TFWS","L.D.R.P. INSTITUTE OF TECH. & RESEARCH.,
GANDHINAGAR","TFWs","GUJCET Based","Self-Finance","2071.00","6289.00"
"COMPUTER ENGINEERING -
TFWS","L.J. INSTITUTE OF ENGG AND TECH.,
AHMEDABAD","TFWs","GUJCET Based","Self-Finance","2863.00","2863.00"
"COMPUTER ENGINEERING -
TFWS","PANDIT DEENDAYAL ENERGY UNIVERSITY
,GANDHINAGAR","TFWs","GUJCET Based","Self-Finance","191.00","191.00"
"COMPUTER ENGINEERING -
TFWS","SAL COLLEGE OF ENGINEERING , AHMEDABAD","TFWs","GUJCET Based","Self-Finance","5776.00","5776.00"
"COMPUTER ENGINEERING -
TFWS","SAL ENGINEERING &TECHNICAL INSTITUTE,
SOLA, AHMEDABAD","TFWs","GUJCET Based","Self-Finance","5283.00","5283.00"
"Course_name","Inst_Name","Alloted_
Cat","Quota","Institute Type","First Rank","Last Rank"
"COMPUTER ENGINEERING -
TFWS","SAL INSTITUTE OF TECH. & ENGG. RESEARCH,
AHMEDABAD","TFWs","GUJCET Based","Self-Finance","6984.00","8387.00"
"COMPUTER ENGINEERING -
TFWS","SARDAR VALLABHBHAI PATEL INSTITUTE OF
TECH.,VASAD","TFWs","GUJCET Based","Self-Finance","5281.00","5281.00"
"COMPUTER ENGINEERING -
TFWS","SHROFF S.R.ROTARY INST. OF CHEMICAL
TECHNOLOGY, VATATIA,BHARUCH","TFWs","GUJCET Based","Self-Finance","17221.00","17221.00"
"COMPUTER ENGINEERING -
TFWS","SIGMA INSTITUTE OF ENGG., BAKROL","TFWs","GUJCET Based","Self-Finance","19961.00","28205.00"
"COMPUTER ENGINEERING -
TFWS","V.V.P. ENGINEERING COLLEGE, RAJKOT","TFWs","GUJCET Based","Self-Finance","2960.00","2960.00"
"COMPUTER ENGINEERING -
TFWS","VISHWAKARMA GOVERNMENT ENGINEERING
COLLEGE, CHANDKHEDA,GANDHINAGAR","TFWs","GUJCET Based","Govt / GIA","935.00","935.00"
"COMPUTER ENGINEERING -
TFWS","VISHWAKARMA GOVERNMENT ENGINEERING
COLLEGE, CHANDKHEDA,GANDHINAGAR","TFWs","JEE Based","Govt / GIA","900227.00","900227.00"
"COMPUTER ENGINEERING
& APPLICATION","L.J. INSTITUTE OF ENGG AND TECH.,
AHMEDABAD","GEN","GUJCET Based","Self-Finance","19970.00","50013.00"
"COMPUTER ENGINEERING
& APPLICATION - TFWS","L.J. INSTITUTE OF ENGG AND TECH.,
AHMEDABAD","TFWs","GUJCET Based","Self-Finance","6457.00","6457.00"
"COMPUTER ENGINEERING
(ARTIFICIAL INTELLIGENCE
AND MACHINE LEARNING)","BHAGWAN MAHAVIR COLLEGE OF ENGG. AND
TECH., SURAT","GEN","GUJCET Based","Self-Finance","39694.00","39694.00"
"COMPUTER ENGINEERING
(ARTIFICIAL INTELLIGENCE
AND MACHINE LEARNING)","SILVER OAK COLLEGE OF ENGG., & TECH.
(WITHIN AMHEDABAD MUNICIPAL
CORPORATION LIMIT), AHMEDABAD","GEN","GUJCET Based","Self-Finance","21861.00","50312.00"
"COMPUTER ENGINEERING
(ARTIFICIAL INTELLIGENCE
AND MACHINE LEARNING)","VIDHYADEEP INSTITUTE OF ENGINEERING &
TECHNOLOGY, ANITA(KIM), SURAT","GEN","GUJCET Based","Self-Finance","22427.00","22427.00"
"COMPUTER ENGINEERING
(ARTIFICIAL INTELLIGENCE
AND MACHINE LEARNING) -
TFWS","BHAGWAN MAHAVIR COLLEGE OF ENGG. AND
TECH., SURAT","TFWs","GUJCET Based","Self-Finance","27671.00","27671.00"
"COMPUTER ENGINEERING
(ARTIFICIAL INTELLIGENCE
AND MACHINE LEARNING) -
TFWS","SILVER OAK COLLEGE OF ENGG., & TECH.
(WITHIN AMHEDABAD MUNICIPAL
CORPORATION LIMIT), AHMEDABAD","TFWs","GUJCET Based","Self-Finance","17830.00","20075.00"
"COMPUTER ENGINEERING
(ARTIFICIAL INTELLIGENCE)","GANPAT UNIVERSITY, U.V.PATEL COLLEGE OF
ENGINEERING, KHERVA, MEHSANA","GEN","GUJCET Based","Self-Finance","7693.00","27053.00"
"COMPUTER ENGINEERING
(ARTIFICIAL INTELLIGENCE)","KRISHNA SCHOOL OF TECHNOLOGY, VARNAMA,
VADODARA","GEN","GUJCET Based","Self-Finance","21223.00","21223.00"
"COMPUTER ENGINEERING
(ARTIFICIAL INTELLIGENCE)","MARWADI EDUCATION FOUNDATION'S GROUP
OF INSTITUTIONS - FACULTY OF ENGINEERING &
TECHNOLOGY, RAJKOT","GEN","GUJCET Based","Self-Finance","10258.00","31818.00"
"COMPUTER ENGINEERING
(CLOUD TECH. & INFO.SEC.)","ITM VOCATIONAL UNIVERSITY, WAGHODIA,
DIST: VADODARA","GEN","GUJCET Based","Self-Finance","29109.00","36174.00"
"Course_name","Inst_Name","Alloted_
Cat","Quota","Institute Type","First Rank","Last Rank"
"COMPUTER ENGINEERING
(DATA SCIENCE)","BHAGWAN MAHAVIR COLLEGE OF ENGG. AND
TECH., SURAT","GEN","GUJCET Based","Self-Finance","26888.00","34045.00"
"COMPUTER ENGINEERING
(DATA SCIENCE)","ITM VOCATIONAL UNIVERSITY, WAGHODIA,
DIST: VADODARA","GEN","GUJCET Based","Self-Finance","11152.00","35636.00"
"COMPUTER ENGINEERING
(DATA SCIENCE) - TFWS","BHAGWAN MAHAVIR COLLEGE OF ENGG. AND
TECH., SURAT","TFWs","GUJCET Based","Self-Finance","17987.00","17987.00"
"COMPUTER ENGINEERING
(SOFTWARE ENGINEERING)","ASHA M. TARSADIA INSTITUTE OF COMPUTER
SCIENCE & TECH. BARDOLI","GEN","GUJCET Based","Self-Finance","31418.00","31418.00"
"COMPUTER SCIENCE &
BIOSCIENCES","ADITYA SILVER OAK INSTITUTE OF TECHNOLOGY
(WITHIN LIMITS OF AHMEDABAD MUNICIPAL
CORPORATION) AHMEDABAD","GEN","GUJCET Based","Self-Finance","5441.00","5441.00"
"COMPUTER SCIENCE &
BIOSCIENCES","L.J. INSTITUTE OF ENGG AND TECH.,
AHMEDABAD","GEN","GUJCET Based","Self-Finance","17613.00","36601.00"
"COMPUTER SCIENCE &
BIOSCIENCES","SILVER OAK COLLEGE OF ENGG., & TECH.
(WITHIN AMHEDABAD MUNICIPAL
CORPORATION LIMIT), AHMEDABAD","GEN","GUJCET Based","Self-Finance","11438.00","32565.00"
"COMPUTER SCIENCE &
BIOSCIENCES - TFW","SILVER OAK COLLEGE OF ENGG., & TECH.
(WITHIN AMHEDABAD MUNICIPAL
CORPORATION LIMIT), AHMEDABAD","TFWs","GUJCET Based","Self-Finance","23456.00","23456.00"
"COMPUTER SCIENCE &
BUSINESS SYSTEMS","PANDIT DEENDAYAL ENERGY UNIVERSITY
,GANDHINAGAR","EWS","GUJCET Based","Self-Finance","1621.00","1874.00"
"COMPUTER SCIENCE &
BUSINESS SYSTEMS","PANDIT DEENDAYAL ENERGY UNIVERSITY
,GANDHINAGAR","GEN","GUJCET Based","Self-Finance","1042.00","1592.00"
"COMPUTER SCIENCE &
BUSINESS SYSTEMS","PANDIT DEENDAYAL ENERGY UNIVERSITY
,GANDHINAGAR","SEBC","GUJCET Based","Self-Finance","1612.00","4208.00"
"COMPUTER SCIENCE &
BUSINESS SYSTEMS","PANDIT DEENDAYAL ENERGY UNIVERSITY
,GANDHINAGAR","EWS","JEE Based","Self-Finance","901872.00","901872.00"
"COMPUTER SCIENCE &
BUSINESS SYSTEMS","PANDIT DEENDAYAL ENERGY UNIVERSITY
,GANDHINAGAR","GEN","JEE Based","Self-Finance","900291.00","900809.00"
"COMPUTER SCIENCE &
BUSINESS SYSTEMS","PANDIT DEENDAYAL ENERGY UNIVERSITY
,GANDHINAGAR","SEBC","JEE Based","Self-Finance","902714.00","902714.00"
"COMPUTER SCIENCE &
DESIGN","A.D.PATEL INSTITUTE OF TECH.,KARAMSAD","EWS","GUJCET Based","Self-Finance","27984.00","31356.00"
"COMPUTER SCIENCE &
DESIGN","A.D.PATEL INSTITUTE OF TECH.,KARAMSAD","GEN","GUJCET Based","Self-Finance","10560.00","26970.00"
"COMPUTER SCIENCE &
DESIGN","A.D.PATEL INSTITUTE OF TECH.,KARAMSAD","SC","GUJCET Based","Self-Finance","34381.00","34381.00"
"COMPUTER SCIENCE &
DESIGN","G.H.PATEL COLLEGE OF ENGG. & TECH. , V. V.
NAGAR","EWS","GUJCET Based","Self-Finance","13010.00","15313.00"
"COMPUTER SCIENCE &
DESIGN","G.H.PATEL COLLEGE OF ENGG. & TECH. , V. V.
NAGAR","GEN","GUJCET Based","Self-Finance","9046.00","12476.00"
"COMPUTER SCIENCE &
DESIGN","G.H.PATEL COLLEGE OF ENGG. & TECH. , V. V.
NAGAR","SEBC","GUJCET Based","Self-Finance","18350.00","28534.00"
"COMPUTER SCIENCE &
DESIGN","L.J. INSTITUTE OF ENGG AND TECH.,
AHMEDABAD","GEN","GUJCET Based","Self-Finance","22515.00","38738.00"
"COMPUTER SCIENCE &
DESIGN","SARDAR VALLABHBHAI PATEL INSTITUTE OF
TECH.,VASAD","EWS","GUJCET Based","Self-Finance","21593.00","23162.00"
"COMPUTER SCIENCE &
DESIGN","SARDAR VALLABHBHAI PATEL INSTITUTE OF
TECH.,VASAD","GEN","GUJCET Based","Self-Finance","9139.00","14154.00"
"COMPUTER SCIENCE &
DESIGN","SARDAR VALLABHBHAI PATEL INSTITUTE OF
TECH.,VASAD","SC","GUJCET Based","Self-Finance","26602.00","37910.00"
"COMPUTER SCIENCE &
DESIGN","SARDAR VALLABHBHAI PATEL INSTITUTE OF
TECH.,VASAD","SEBC","GUJCET Based","Self-Finance","32984.00","37478.00"
"COMPUTER SCIENCE &
DESIGN - TFW","A.D.PATEL INSTITUTE OF TECH.,KARAMSAD","TFWs","GUJCET Based","Self-Finance","7625.00","7625.00"
"COMPUTER SCIENCE &
DESIGN - TFW","SARDAR VALLABHBHAI PATEL INSTITUTE OF
TECH.,VASAD","TFWs","GUJCET Based","Self-Finance","7969.00","8712.00"
"Course_name","Inst_Name","Alloted_
Cat","Quota","Institute Type","First Rank","Last Rank"
"COMPUTER SCIENCE &
ENGINEERING","ADITYA SILVER OAK INSTITUTE OF TECHNOLOGY
(WITHIN LIMITS OF AHMEDABAD MUNICIPAL
CORPORATION) AHMEDABAD","GEN","GUJCET Based","Self-Finance","9917.00","31017.00"
"COMPUTER SCIENCE &
ENGINEERING","AHMEDABAD UNIVERSITY, AHMEDABAD","ESM","GUJCET Based","Self-Finance","20879.00","20879.00"
"COMPUTER SCIENCE &
ENGINEERING","AHMEDABAD UNIVERSITY, AHMEDABAD","EWS","GUJCET Based","Self-Finance","5047.00","6856.00"
"COMPUTER SCIENCE &
ENGINEERING","AHMEDABAD UNIVERSITY, AHMEDABAD","GEN","GUJCET Based","Self-Finance","2981.00","4798.00"
"COMPUTER SCIENCE &
ENGINEERING","AHMEDABAD UNIVERSITY, AHMEDABAD","SC","GUJCET Based","Self-Finance","8749.00","8749.00"
"COMPUTER SCIENCE &
ENGINEERING","AHMEDABAD UNIVERSITY, AHMEDABAD","SEBC","GUJCET Based","Self-Finance","7051.00","18144.00"
"COMPUTER SCIENCE &
ENGINEERING","ASHA M. TARSADIA INSTITUTE OF COMPUTER
SCIENCE & TECH. BARDOLI","GEN","GUJCET Based","Self-Finance","16109.00","50559.00"
"COMPUTER SCIENCE &
ENGINEERING","B.H.GARDI COLLEGE OF ENGG. & TECHNOLOGY ,
RAJKOT","GEN","GUJCET Based","Self-Finance","29068.00","29068.00"
"COMPUTER SCIENCE &
ENGINEERING","CHAROTAR UNIVERSITY OF SCIENCE &
TECHNOLOGY (CHARUSAT) - CHANDUBHAI S
PATEL INSTITUTE OF TECHNOLOGY (CSPIT),
CHANGA","EWS","GUJCET Based","Self-Finance","2477.00","2770.00"
"COMPUTER SCIENCE &
ENGINEERING","CHAROTAR UNIVERSITY OF SCIENCE &
TECHNOLOGY (CHARUSAT) - CHANDUBHAI S
PATEL INSTITUTE OF TECHNOLOGY (CSPIT),
CHANGA","GEN","GUJCET Based","Self-Finance","878.00","2438.00"
"COMPUTER SCIENCE &
ENGINEERING","CHAROTAR UNIVERSITY OF SCIENCE &
TECHNOLOGY (CHARUSAT) - CHANDUBHAI S
PATEL INSTITUTE OF TECHNOLOGY (CSPIT),
CHANGA","SEBC","GUJCET Based","Self-Finance","3612.00","4814.00"
"COMPUTER SCIENCE &
ENGINEERING","CHAROTAR UNIVERSITY OF SCIENCE &
TECHNOLOGY (CHARUSAT) - DEVANG PATEL
INSTITUTE OF ADVANCE TECHNOLOGY AND
RESEARCH (DEPSTAR), CHANGA","EWS","GUJCET Based","Self-Finance","4893.00","5845.00"
"COMPUTER SCIENCE &
ENGINEERING","CHAROTAR UNIVERSITY OF SCIENCE &
TECHNOLOGY (CHARUSAT) - DEVANG PATEL
INSTITUTE OF ADVANCE TECHNOLOGY AND
RESEARCH (DEPSTAR), CHANGA","GEN","GUJCET Based","Self-Finance","2708.00","4880.00"
"COMPUTER SCIENCE &
ENGINEERING","CHAROTAR UNIVERSITY OF SCIENCE &
TECHNOLOGY (CHARUSAT) - DEVANG PATEL
INSTITUTE OF ADVANCE TECHNOLOGY AND
RESEARCH (DEPSTAR), CHANGA","SEBC","GUJCET Based","Self-Finance","7052.00","10491.00"
"COMPUTER SCIENCE &
ENGINEERING","DARSHAN INSTITUTE OF ENGG. & TECH., RAJKOT-
MORBI HIGHWAY, HADALA","EWS","GUJCET Based","Self-Finance","9047.00","9542.00"
"COMPUTER SCIENCE &
ENGINEERING","DARSHAN INSTITUTE OF ENGG. & TECH., RAJKOT-
MORBI HIGHWAY, HADALA","GEN","GUJCET Based","Self-Finance","3764.00","8762.00"
"COMPUTER SCIENCE &
ENGINEERING","DARSHAN INSTITUTE OF ENGG. & TECH., RAJKOT-
MORBI HIGHWAY, HADALA","SEBC","GUJCET Based","Self-Finance","9390.00","17437.00"
"COMPUTER SCIENCE &
ENGINEERING","DR. SUBHASH UNIVERSITY, SCHOOL OF
ENGINEERING & TECHNOLOGY, JUNAGADH","GEN","GUJCET Based","Self-Finance","33385.00","33385.00"
"COMPUTER SCIENCE &
ENGINEERING","FACULTY OF ENGINEERING & TECHNOLOGY- GLS
UNIVERSITY, AHMEDABAD","EWS","GUJCET Based","Self-Finance","34852.00","38131.00"
"COMPUTER SCIENCE &
ENGINEERING","FACULTY OF ENGINEERING & TECHNOLOGY- GLS
UNIVERSITY, AHMEDABAD","GEN","GUJCET Based","Self-Finance","7731.00","27335.00"
"COMPUTER SCIENCE &
ENGINEERING","FACULTY OF ENGINEERING & TECHNOLOGY- GLS
UNIVERSITY, AHMEDABAD","SC","GUJCET Based","Self-Finance","29980.00","29980.00"
"COMPUTER SCIENCE &
ENGINEERING","FACULTY OF ENGINEERING & TECHNOLOGY- GLS
UNIVERSITY, AHMEDABAD","SEBC","GUJCET Based","Self-Finance","50337.00","50337.00"
"Course_name","Inst_Name","Alloted_
Cat","Quota","Institute Type","First Rank","Last Rank"
"COMPUTER SCIENCE &
ENGINEERING","FACULTY OF ENGINEERING & TECHNOLOGY-
SIGMA UNIVERSITY, BAKROL, VADODARA","GEN","GUJCET Based","Self-Finance","8954.00","30536.00"
"COMPUTER SCIENCE &
ENGINEERING","FACULTY OF TECHNOLOGY &
ENGINEERING(MSU) (SFI), VADODARA","EWS","GUJCET Based","Self-Finance","2346.00","3037.00"
"COMPUTER SCIENCE &
ENGINEERING","FACULTY OF TECHNOLOGY &
ENGINEERING(MSU) (SFI), VADODARA","GEN","GUJCET Based","Self-Finance","1525.00","2061.00"
"COMPUTER SCIENCE &
ENGINEERING","FACULTY OF TECHNOLOGY &
ENGINEERING(MSU) (SFI), VADODARA","SC","GUJCET Based","Self-Finance","6526.00","6526.00"
"COMPUTER SCIENCE &
ENGINEERING","FACULTY OF TECHNOLOGY &
ENGINEERING(MSU) (SFI), VADODARA","SEBC","GUJCET Based","Self-Finance","2805.00","4267.00"
"COMPUTER SCIENCE &
ENGINEERING","FACULTY OF TECHNOLOGY &
ENGINEERING(MSU), VADODARA","EWS","GUJCET Based","Govt / GIA","1327.00","1737.00"
"COMPUTER SCIENCE &
ENGINEERING","FACULTY OF TECHNOLOGY &
ENGINEERING(MSU), VADODARA","GEN","GUJCET Based","Govt / GIA","555.00","973.00"
"COMPUTER SCIENCE &
ENGINEERING","FACULTY OF TECHNOLOGY &
ENGINEERING(MSU), VADODARA","SC","GUJCET Based","Govt / GIA","6333.00","6333.00"
"COMPUTER SCIENCE &
ENGINEERING","FACULTY OF TECHNOLOGY &
ENGINEERING(MSU), VADODARA","SEBC","GUJCET Based","Govt / GIA","1170.00","1511.00"
"COMPUTER SCIENCE &
ENGINEERING","FACULTY OF TECHNOLOGY &
ENGINEERING(MSU), VADODARA","EWS","JEE Based","Govt / GIA","900767.00","900767.00"
"COMPUTER SCIENCE &
ENGINEERING","FACULTY OF TECHNOLOGY &
ENGINEERING(MSU), VADODARA","GEN","JEE Based","Govt / GIA","900182.00","900182.00"
"COMPUTER SCIENCE &
ENGINEERING","FACULTY OF TECHNOLOGY &
ENGINEERING(MSU), VADODARA","SEBC","JEE Based","Govt / GIA","901143.00","901143.00"
"COMPUTER SCIENCE &
ENGINEERING","GANDHINAGAR INSTITUTE OF TECHNOLOGY,
MOTI BHOYAN, KALOL, GANDHINAGAR","GEN","GUJCET Based","Self-Finance","17141.00","39506.00"
"COMPUTER SCIENCE &
ENGINEERING","GANPAT UNIVERSITY, INSTITUTE OF COMPUTER
TECH., KHERVA, MEHSANA","GEN","GUJCET Based","Self-Finance","6745.00","37489.00"
"COMPUTER SCIENCE &
ENGINEERING","GOVERNMENT ENGINEERING COLLEGE, PATAN","EWS","GUJCET Based","Govt / GIA","14383.00","18594.00"
"COMPUTER SCIENCE &
ENGINEERING","GOVERNMENT ENGINEERING COLLEGE, PATAN","GEN","GUJCET Based","Govt / GIA","8797.00","12445.00"
"COMPUTER SCIENCE &
ENGINEERING","GOVERNMENT ENGINEERING COLLEGE, PATAN","SC","GUJCET Based","Govt / GIA","33127.00","33127.00"
"COMPUTER SCIENCE &
ENGINEERING","GOVERNMENT ENGINEERING COLLEGE, PATAN","SEBC","GUJCET Based","Govt / GIA","12705.00","21796.00"
"COMPUTER SCIENCE &
ENGINEERING","GOVERNMENT ENGINEERING COLLEGE, PATAN","ST","GUJCET Based","Govt / GIA","32489.00","36542.00"
"COMPUTER SCIENCE &
ENGINEERING","GOVERNMENT ENGINEERING COLLEGE, PATAN","EWS","JEE Based","Govt / GIA","904121.00","904121.00"
"COMPUTER SCIENCE &
ENGINEERING","GOVERNMENT ENGINEERING COLLEGE, PATAN","GEN","JEE Based","Govt / GIA","902316.00","902865.00"
"COMPUTER SCIENCE &
ENGINEERING","GOVERNMENT ENGINEERING COLLEGE, PATAN","SEBC","JEE Based","Govt / GIA","907652.00","908578.00"
"COMPUTER SCIENCE &
ENGINEERING","GOVERNMENT ENGINEERING COLLEGE, PATAN","ST","JEE Based","Govt / GIA","914788.00","914788.00"
"COMPUTER SCIENCE &
ENGINEERING","GYANMANJARI INSTITUTE OF TECHNOLOGY
BHAVNAGAR","GEN","GUJCET Based","Self-Finance","28945.00","36666.00"
"COMPUTER SCIENCE &
ENGINEERING","HJD INSTITUTE OF TECHNICAL EDUCATION AND
RESERCH, KERA","GEN","GUJCET Based","Self-Finance","20317.00","20317.00"
"COMPUTER SCIENCE &
ENGINEERING","INDUS INSTITUTE OF TECH. & ENGG.,
RACHARDA, AHMEDABAD","GEN","GUJCET Based","Self-Finance","6326.00","50604.00"
"COMPUTER SCIENCE &
ENGINEERING","INSTITUTE OF TECHNOLOGY, NIRMA UNIVERSITY
OF SCIENCE & TECHNOLOGY, AHMEDABAD","EWS","GUJCET Based","Self-Finance","363.00","391.00"
"COMPUTER SCIENCE &
ENGINEERING","INSTITUTE OF TECHNOLOGY, NIRMA UNIVERSITY
OF SCIENCE & TECHNOLOGY, AHMEDABAD","GEN","GUJCET Based","Self-Finance","292.00","302.00"
"COMPUTER SCIENCE &
ENGINEERING","INSTITUTE OF TECHNOLOGY, NIRMA UNIVERSITY
OF SCIENCE & TECHNOLOGY, AHMEDABAD","SC","GUJCET Based","Self-Finance","3399.00","4021.00"
"Course_name","Inst_Name","Alloted_
Cat","Quota","Institute Type","First Rank","Last Rank"
"COMPUTER SCIENCE &
ENGINEERING","INSTITUTE OF TECHNOLOGY, NIRMA UNIVERSITY
OF SCIENCE & TECHNOLOGY, AHMEDABAD","SEBC","GUJCET Based","Self-Finance","527.00","839.00"
"COMPUTER SCIENCE &
ENGINEERING","INSTITUTE OF TECHNOLOGY, NIRMA UNIVERSITY
OF SCIENCE & TECHNOLOGY, AHMEDABAD","ST","GUJCET Based","Self-Finance","4221.00","23814.00"
"COMPUTER SCIENCE &
ENGINEERING","ITM (SLS) BARODA UNIVERSITY (FORMERLY
KNOWN AS ITM UNIVERSE), VADODARA","GEN","GUJCET Based","Self-Finance","10344.00","39808.00"
"COMPUTER SCIENCE &
ENGINEERING","JG UNIVERSITY - SCHOOL OF ENGINEERING,
AHMEDABAD","GEN","GUJCET Based","Self-Finance","14097.00","50360.00"
"COMPUTER SCIENCE &
ENGINEERING","KRISHNA SCHOOL OF EMERGING TECHNOLOGY
& APPLIED RESEARCH (FORMERLY KNOWN AS
BABARIA INSTITUTE OF TECHNOLOGY) ,
VARNAMA, VADODARA","GEN","GUJCET Based","Self-Finance","20245.00","39481.00"
"COMPUTER SCIENCE &
ENGINEERING","L.J. INSTITUTE OF ENGG AND TECH.,
AHMEDABAD","EWS","GUJCET Based","Self-Finance","10355.00","12823.00"
"COMPUTER SCIENCE &
ENGINEERING","L.J. INSTITUTE OF ENGG AND TECH.,
AHMEDABAD","GEN","GUJCET Based","Self-Finance","6559.00","10221.00"
"COMPUTER SCIENCE &
ENGINEERING","L.J. INSTITUTE OF ENGG AND TECH.,
AHMEDABAD","SEBC","GUJCET Based","Self-Finance","17676.00","22394.00"
"COMPUTER SCIENCE &
ENGINEERING","MARWADI EDUCATION FOUNDATION'S GROUP
OF INSTITUTIONS - FACULTY OF ENGINEERING &
TECHNOLOGY, RAJKOT","GEN","GUJCET Based","Self-Finance","9870.00","50506.00"
"COMPUTER SCIENCE &
ENGINEERING","NEW L. J. INSTITUTE OF ENGINEERING AND
TECHNOLOGY, AHMEDABAD","EWS","GUJCET Based","Self-Finance","12471.00","16338.00"
"COMPUTER SCIENCE &
ENGINEERING","NEW L. J. INSTITUTE OF ENGINEERING AND
TECHNOLOGY, AHMEDABAD","GEN","GUJCET Based","Self-Finance","8084.00","12416.00"
"COMPUTER SCIENCE &
ENGINEERING","NEW L. J. INSTITUTE OF ENGINEERING AND
TECHNOLOGY, AHMEDABAD","SC","GUJCET Based","Self-Finance","23135.00","27030.00"
"COMPUTER SCIENCE &
ENGINEERING","NEW L. J. INSTITUTE OF ENGINEERING AND
TECHNOLOGY, AHMEDABAD","SEBC","GUJCET Based","Self-Finance","22233.00","26896.00"
"COMPUTER SCIENCE &
ENGINEERING","NOBLE ENGINEERING COLLEGE, JUNAGADH","GEN","GUJCET Based","Self-Finance","17896.00","40040.00"
"COMPUTER SCIENCE &
ENGINEERING","P.P. SAVANI SCHOOL OF ENGINEERING, P.P.
SAVANI UNIVERSITY, KOSAMBA","EWS","GUJCET Based","Self-Finance","18671.00","18798.00"
"COMPUTER SCIENCE &
ENGINEERING","P.P. SAVANI SCHOOL OF ENGINEERING, P.P.
SAVANI UNIVERSITY, KOSAMBA","GEN","GUJCET Based","Self-Finance","2939.00","15627.00"
"COMPUTER SCIENCE &
ENGINEERING","P.P. SAVANI SCHOOL OF ENGINEERING, P.P.
SAVANI UNIVERSITY, KOSAMBA","SEBC","GUJCET Based","Self-Finance","31674.00","37346.00"
"COMPUTER SCIENCE &
ENGINEERING","PARUL INSTITUTE OF ENGINEERING &
TECHNOLOGY, WAGHODIA, VADODARA","GEN","GUJCET Based","Self-Finance","12329.00","50317.00"
"COMPUTER SCIENCE &
ENGINEERING","PARUL INSTITUTE OF TECHNOLOGY,
WAGHODIA, VADODARA","GEN","GUJCET Based","Self-Finance","22048.00","39165.00"
"COMPUTER SCIENCE &
ENGINEERING","R.N.G. PATEL INSTITUTE OF TECHNOLOGY-
RNGPIT (FETR), BARDOLI","EWS","GUJCET Based","Self-Finance","29023.00","33353.00"
"COMPUTER SCIENCE &
ENGINEERING","R.N.G. PATEL INSTITUTE OF TECHNOLOGY-
RNGPIT (FETR), BARDOLI","GEN","GUJCET Based","Self-Finance","7662.00","17770.00"
"COMPUTER SCIENCE &
ENGINEERING","R.N.G. PATEL INSTITUTE OF TECHNOLOGY-
RNGPIT (FETR), BARDOLI","SEBC","GUJCET Based","Self-Finance","25370.00","29161.00"
"COMPUTER SCIENCE &
ENGINEERING","RAI SCHOOL OF ENGINEERING, DHOLKA,
AHMEDABAD","GEN","GUJCET Based","Self-Finance","2121.00","17743.00"
"COMPUTER SCIENCE &
ENGINEERING","SAL ENGINEERING &TECHNICAL INSTITUTE,
SOLA, AHMEDABAD","GEN","GUJCET Based","Self-Finance","11879.00","50546.00"
"COMPUTER SCIENCE &
ENGINEERING","SAL INSTITUTE OF TECH. & ENGG. RESEARCH,
AHMEDABAD","EWS","GUJCET Based","Self-Finance","25420.00","32386.00"
"COMPUTER SCIENCE &
ENGINEERING","SAL INSTITUTE OF TECH. & ENGG. RESEARCH,
AHMEDABAD","GEN","GUJCET Based","Self-Finance","13585.00","17036.00"
"COMPUTER SCIENCE &
ENGINEERING","SAL INSTITUTE OF TECH. & ENGG. RESEARCH,
AHMEDABAD","SEBC","GUJCET Based","Self-Finance","20740.00","27542.00"
"COMPUTER SCIENCE &
ENGINEERING","SARDAR PATEL COLLEGE OF ENGINEERING,
BAKROL ANAND","GEN","GUJCET Based","Self-Finance","17784.00","50504.00"
"COMPUTER SCIENCE &
ENGINEERING","SARDAR VALLABHBHAI GLOBAL University - UCP
Institute of Technology, Ahmedabad","GEN","GUJCET Based","Self-Finance","10282.00","50557.00"
"Course_name","Inst_Name","Alloted_
Cat","Quota","Institute Type","First Rank","Last Rank"
"COMPUTER SCIENCE &
ENGINEERING","SCHOOL OF ENGINEERING AND TECHNOLOGY,
NAVRACHANA UNIVERSITY, VADODARA","EWS","GUJCET Based","Self-Finance","21675.00","29287.00"
"COMPUTER SCIENCE &
ENGINEERING","SCHOOL OF ENGINEERING AND TECHNOLOGY,
NAVRACHANA UNIVERSITY, VADODARA","GEN","GUJCET Based","Self-Finance","15516.00","19362.00"
"COMPUTER SCIENCE &
ENGINEERING","SCHOOL OF ENGINEERING AND TECHNOLOGY,
NAVRACHANA UNIVERSITY, VADODARA","SEBC","GUJCET Based","Self-Finance","28312.00","28312.00"
"COMPUTER SCIENCE &
ENGINEERING","SCHOOL OF TECHNOLOGY, GSFC UNIVERSITY,
VADODARA","ESM","GUJCET Based","Self-Finance","21987.00","21987.00"
"COMPUTER SCIENCE &
ENGINEERING","SCHOOL OF TECHNOLOGY, GSFC UNIVERSITY,
VADODARA","EWS","GUJCET Based","Self-Finance","23977.00","34293.00"
"COMPUTER SCIENCE &
ENGINEERING","SCHOOL OF TECHNOLOGY, GSFC UNIVERSITY,
VADODARA","GEN","GUJCET Based","Self-Finance","11349.00","19431.00"
"COMPUTER SCIENCE &
ENGINEERING","SCHOOL OF TECHNOLOGY, GSFC UNIVERSITY,
VADODARA","SC","GUJCET Based","Self-Finance","27256.00","27256.00"
"COMPUTER SCIENCE &
ENGINEERING","SCHOOL OF TECHNOLOGY, GSFC UNIVERSITY,
VADODARA","SEBC","GUJCET Based","Self-Finance","20116.00","38115.00"
"COMPUTER SCIENCE &
ENGINEERING","SHREE SWAMINARAYAN INSTITUTE OF
TECHNOLOGY, BHAT, GANDHINAGAR","GEN","GUJCET Based","Self-Finance","20683.00","35345.00"
"COMPUTER SCIENCE &
ENGINEERING","SHREE SWAMINARAYAN INSTITUTE OF
TECHNOLOGY, BHAT, GANDHINAGAR","SC","GUJCET Based","Self-Finance","39022.00","39022.00"
"COMPUTER SCIENCE &
ENGINEERING","SHREE SWAMINARAYAN INSTITUTE OF
TECHNOLOGY, BHAT, GANDHINAGAR","SEBC","GUJCET Based","Self-Finance","50487.00","50487.00"
"COMPUTER SCIENCE &
ENGINEERING","SHRI LABHUBHAI TRIVEDI INSTITUTE OF
ENGINEERING AND TECHNOLOGY, RAJKOT","GEN","GUJCET Based","Self-Finance","24182.00","24182.00"
"COMPUTER SCIENCE &
ENGINEERING","SHRI SADVIDHYA MANDAL INSTITUTE OF TECH.,
BHARUCH","EWS","GUJCET Based","Self-Finance","34424.00","34424.00"
"COMPUTER SCIENCE &
ENGINEERING","SHRI SADVIDHYA MANDAL INSTITUTE OF TECH.,
BHARUCH","GEN","GUJCET Based","Self-Finance","17709.00","30520.00"
"COMPUTER SCIENCE &
ENGINEERING","SHRI SITARAM N PATEL INST. OF TECH. & RES.
(SNPIT), BARDOLI, UMRAKH (VIDHYABHARTI
TRUST)","EWS","GUJCET Based","Self-Finance","35436.00","35436.00"
"COMPUTER SCIENCE &
ENGINEERING","SHRI SITARAM N PATEL INST. OF TECH. & RES.
(SNPIT), BARDOLI, UMRAKH (VIDHYABHARTI
TRUST)","GEN","GUJCET Based","Self-Finance","19567.00","30509.00"
"COMPUTER SCIENCE &
ENGINEERING","SHRI SITARAM N PATEL INST. OF TECH. & RES.
(SNPIT), BARDOLI, UMRAKH (VIDHYABHARTI
TRUST)","SEBC","GUJCET Based","Self-Finance","35968.00","35968.00"
"COMPUTER SCIENCE &
ENGINEERING","SILVER OAK COLLEGE OF ENGG., & TECH.
(WITHIN AMHEDABAD MUNICIPAL
CORPORATION LIMIT), AHMEDABAD","GEN","GUJCET Based","Self-Finance","17267.00","38129.00"
"COMPUTER SCIENCE &
ENGINEERING","UNITEDWORLD INSTITUTE OF TECHNOLOGY,
UVARSAD, GANDHINAGAR","GEN","GUJCET Based","Self-Finance","12131.00","50373.00"
"COMPUTER SCIENCE &
ENGINEERING","VIDUSH SOMANY INSTITUTE OF TECH. & RES.,
KADI","GEN","GUJCET Based","Self-Finance","24291.00","35609.00"
"COMPUTER SCIENCE &
ENGINEERING - M.TECH
INTEGRATED","ASHA M. TARSADIA INSTITUTE OF COMPUTER
SCIENCE & TECH. BARDOLI","GEN","GUJCET Based","Self-Finance","50385.00","50385.00"
"COMPUTER SCIENCE &
ENGINEERING - TFWS","ADITYA SILVER OAK INSTITUTE OF TECHNOLOGY
(WITHIN LIMITS OF AHMEDABAD MUNICIPAL
CORPORATION) AHMEDABAD","TFWs","GUJCET Based","Self-Finance","11627.00","18374.00"
"COMPUTER SCIENCE &
ENGINEERING - TFWS","CHAROTAR UNIVERSITY OF SCIENCE &
TECHNOLOGY (CHARUSAT) - DEVANG PATEL
INSTITUTE OF ADVANCE TECHNOLOGY AND
RESEARCH (DEPSTAR), CHANGA","TFWs","GUJCET Based","Self-Finance","1827.00","1827.00"
"COMPUTER SCIENCE &
ENGINEERING - TFWS","FACULTY OF TECHNOLOGY &
ENGINEERING(MSU) (SFI), VADODARA","TFWs","GUJCET Based","Self-Finance","1147.00","1147.00"
"COMPUTER SCIENCE &
ENGINEERING - TFWS","FACULTY OF TECHNOLOGY &
ENGINEERING(MSU), VADODARA","TFWs","GUJCET Based","Govt / GIA","486.00","550.00"
"Course_name","Inst_Name","Alloted_
Cat","Quota","Institute Type","First Rank","Last Rank"
"COMPUTER SCIENCE &
ENGINEERING - TFWS","GANDHINAGAR INSTITUTE OF TECHNOLOGY,
MOTI BHOYAN, KALOL, GANDHINAGAR","TFWs","GUJCET Based","Self-Finance","2355.00","7990.00"
"COMPUTER SCIENCE &
ENGINEERING - TFWS","GOVERNMENT ENGINEERING COLLEGE, PATAN","TFWs","GUJCET Based","Govt / GIA","5038.00","5038.00"
"COMPUTER SCIENCE &
ENGINEERING - TFWS","INDUS INSTITUTE OF TECH. & ENGG.,
RACHARDA, AHMEDABAD","TFWs","GUJCET Based","Self-Finance","7511.00","9842.00"
"COMPUTER SCIENCE &
ENGINEERING - TFWS","L.J. INSTITUTE OF ENGG AND TECH.,
AHMEDABAD","TFWs","GUJCET Based","Self-Finance","3642.00","3642.00"
"COMPUTER SCIENCE &
ENGINEERING - TFWS","LAXMI INSTITUTE OF TECHNOLOGY, SARIGAM,
VALSAD","TFWs","GUJCET Based","Self-Finance","17902.00","17902.00"
"COMPUTER SCIENCE &
ENGINEERING - TFWS","NEW L. J. INSTITUTE OF ENGINEERING AND
TECHNOLOGY, AHMEDABAD","TFWs","GUJCET Based","Self-Finance","4411.00","4411.00"
"COMPUTER SCIENCE &
ENGINEERING - TFWS","PARUL INSTITUTE OF ENGINEERING &
TECHNOLOGY, WAGHODIA, VADODARA","TFWs","GUJCET Based","Self-Finance","3507.00","11491.00"
"COMPUTER SCIENCE &
ENGINEERING - TFWS","PARUL INSTITUTE OF TECHNOLOGY,
WAGHODIA, VADODARA","TFWs","GUJCET Based","Self-Finance","3230.00","22773.00"
"COMPUTER SCIENCE &
ENGINEERING - TFWS","R.N.G. PATEL INSTITUTE OF TECHNOLOGY-
RNGPIT (FETR), BARDOLI","TFWs","GUJCET Based","Self-Finance","8364.00","8364.00"
"COMPUTER SCIENCE &
ENGINEERING - TFWS","SAL ENGINEERING &TECHNICAL INSTITUTE,
SOLA, AHMEDABAD","TFWs","GUJCET Based","Self-Finance","10829.00","10829.00"
"COMPUTER SCIENCE &
ENGINEERING - TFWS","SAL INSTITUTE OF TECH. & ENGG. RESEARCH,
AHMEDABAD","TFWs","GUJCET Based","Self-Finance","11158.00","11158.00"
"COMPUTER SCIENCE &
ENGINEERING - TFWS","SARDAR VALLABHBHAI GLOBAL University - UCP
Institute of Technology, Ahmedabad","TFWs","GUJCET Based","Self-Finance","16356.00","16412.00"
"COMPUTER SCIENCE &
ENGINEERING - TFWS","SCHOOL OF ENGINEERING AND TECHNOLOGY,
NAVRACHANA UNIVERSITY, VADODARA","TFWs","GUJCET Based","Self-Finance","10098.00","10098.00"
"COMPUTER SCIENCE &
ENGINEERING - TFWS","SCHOOL OF TECHNOLOGY, GSFC UNIVERSITY,
VADODARA","TFWs","GUJCET Based","Self-Finance","6151.00","6151.00"
"COMPUTER SCIENCE &
ENGINEERING - TFWS","SHREE PANDIT NATHULALJI VYAS TECHNICAL
CAMPUS, SURENDRANAGAR","TFWs","GUJCET Based","Self-Finance","27960.00","27960.00"
"COMPUTER SCIENCE &
ENGINEERING - TFWS","SHREE SWAMINARAYAN INSTITUTE OF
TECHNOLOGY, BHAT, GANDHINAGAR","TFWs","GUJCET Based","Self-Finance","5858.00","5858.00"
"COMPUTER SCIENCE &
ENGINEERING - TFWS","SILVER OAK COLLEGE OF ENGG., & TECH.
(WITHIN AMHEDABAD MUNICIPAL
CORPORATION LIMIT), AHMEDABAD","TFWs","GUJCET Based","Self-Finance","13747.00","16259.00"
"COMPUTER SCIENCE &
ENGINEERING - TFWS","UNITEDWORLD INSTITUTE OF TECHNOLOGY,
UVARSAD, GANDHINAGAR","TFWs","GUJCET Based","Self-Finance","7512.00","9322.00"
"COMPUTER SCIENCE &
ENGINEERING (ARTIFICIAL
INTELLIGENCE AND
MACHINE LEARNING)","ADANI UNIVERSITY - FACULTY OF ENGINEERING
SCIENCES & TECHNOLOGY (AU-FEST),
AHMEDABAD","ESM","GUJCET Based","Self-Finance","27529.00","27529.00"
"COMPUTER SCIENCE &
ENGINEERING (ARTIFICIAL
INTELLIGENCE AND
MACHINE LEARNING)","ADANI UNIVERSITY - FACULTY OF ENGINEERING
SCIENCES & TECHNOLOGY (AU-FEST),
AHMEDABAD","EWS","GUJCET Based","Self-Finance","6375.00","7304.00"
"COMPUTER SCIENCE &
ENGINEERING (ARTIFICIAL
INTELLIGENCE AND
MACHINE LEARNING)","ADANI UNIVERSITY - FACULTY OF ENGINEERING
SCIENCES & TECHNOLOGY (AU-FEST),
AHMEDABAD","GEN","GUJCET Based","Self-Finance","3572.00","5674.00"
"COMPUTER SCIENCE &
ENGINEERING (ARTIFICIAL
INTELLIGENCE AND
MACHINE LEARNING)","ADANI UNIVERSITY - FACULTY OF ENGINEERING
SCIENCES & TECHNOLOGY (AU-FEST),
AHMEDABAD","SC","GUJCET Based","Self-Finance","14324.00","14324.00"
"COMPUTER SCIENCE &
ENGINEERING (ARTIFICIAL
INTELLIGENCE AND
MACHINE LEARNING)","ADANI UNIVERSITY - FACULTY OF ENGINEERING
SCIENCES & TECHNOLOGY (AU-FEST),
AHMEDABAD","SEBC","GUJCET Based","Self-Finance","6421.00","14117.00"
"Course_name","Inst_Name","Alloted_
Cat","Quota","Institute Type","First Rank","Last Rank"
"COMPUTER SCIENCE &
ENGINEERING (ARTIFICIAL
INTELLIGENCE AND
MACHINE LEARNING)","ASHA M. TARSADIA INSTITUTE OF COMPUTER
SCIENCE & TECH. BARDOLI","GEN","GUJCET Based","Self-Finance","6111.00","50220.00"
"COMPUTER SCIENCE &
ENGINEERING (ARTIFICIAL
INTELLIGENCE AND
MACHINE LEARNING)","MARWADI EDUCATION FOUNDATION'S GROUP
OF INSTITUTIONS - FACULTY OF ENGINEERING &
TECHNOLOGY, RAJKOT","GEN","GUJCET Based","Self-Finance","12108.00","21804.00"
"COMPUTER SCIENCE &
ENGINEERING (ARTIFICIAL
INTELLIGENCE AND
MACHINE LEARNING)","NEW L. J. INSTITUTE OF ENGINEERING AND
TECHNOLOGY, AHMEDABAD","EWS","GUJCET Based","Self-Finance","17502.00","18838.00"
"COMPUTER SCIENCE &
ENGINEERING (ARTIFICIAL
INTELLIGENCE AND
MACHINE LEARNING)","NEW L. J. INSTITUTE OF ENGINEERING AND
TECHNOLOGY, AHMEDABAD","GEN","GUJCET Based","Self-Finance","6553.00","12677.00"
"COMPUTER SCIENCE &
ENGINEERING (ARTIFICIAL
INTELLIGENCE AND
MACHINE LEARNING)","NEW L. J. INSTITUTE OF ENGINEERING AND
TECHNOLOGY, AHMEDABAD","SC","GUJCET Based","Self-Finance","30432.00","36706.00"
"COMPUTER SCIENCE &
ENGINEERING (ARTIFICIAL
INTELLIGENCE AND
MACHINE LEARNING)","NEW L. J. INSTITUTE OF ENGINEERING AND
TECHNOLOGY, AHMEDABAD","SEBC","GUJCET Based","Self-Finance","18635.00","24586.00"
"COMPUTER SCIENCE &
ENGINEERING (ARTIFICIAL
INTELLIGENCE AND
MACHINE LEARNING)","P.P. SAVANI SCHOOL OF ENGINEERING, P.P.
SAVANI UNIVERSITY, KOSAMBA","GEN","GUJCET Based","Self-Finance","11900.00","38346.00"
"COMPUTER SCIENCE &
ENGINEERING (ARTIFICIAL
INTELLIGENCE AND
MACHINE LEARNING)","PARUL INSTITUTE OF ENGINEERING &
TECHNOLOGY, WAGHODIA, VADODARA","GEN","GUJCET Based","Self-Finance","9237.00","50105.00"
"COMPUTER SCIENCE &
ENGINEERING (ARTIFICIAL
INTELLIGENCE AND
MACHINE LEARNING)","SAL INSTITUTE OF TECH. & ENGG. RESEARCH,
AHMEDABAD","GEN","GUJCET Based","Self-Finance","12064.00","39739.00"
"COMPUTER SCIENCE &
ENGINEERING (ARTIFICIAL
INTELLIGENCE AND
MACHINE LEARNING)","SHREE DHANVANTARY COLLEGE OF
ENGINEERING & TECHNOLOGY, KIM","GEN","GUJCET Based","Self-Finance","15682.00","39499.00"
"COMPUTER SCIENCE &
ENGINEERING (ARTIFICIAL
INTELLIGENCE AND
MACHINE LEARNING)","UNITEDWORLD INSTITUTE OF TECHNOLOGY,
UVARSAD, GANDHINAGAR","GEN","GUJCET Based","Self-Finance","12566.00","50516.00"
"COMPUTER SCIENCE &
ENGINEERING (ARTIFICIAL
INTELLIGENCE AND
MACHINE LEARNING) -
TFWS","ADANI UNIVERSITY - FACULTY OF ENGINEERING
SCIENCES & TECHNOLOGY (AU-FEST),
AHMEDABAD","TFWs","GUJCET Based","Self-Finance","1856.00","1856.00"
"Course_name","Inst_Name","Alloted_
Cat","Quota","Institute Type","First Rank","Last Rank"
"COMPUTER SCIENCE &
ENGINEERING (ARTIFICIAL
INTELLIGENCE AND
MACHINE LEARNING) -
TFWS","NEW L. J. INSTITUTE OF ENGINEERING AND
TECHNOLOGY, AHMEDABAD","TFWs","GUJCET Based","Self-Finance","5117.00","5117.00"
"COMPUTER SCIENCE &
ENGINEERING (ARTIFICIAL
INTELLIGENCE AND
MACHINE LEARNING) -
TFWS","P.P. SAVANI SCHOOL OF ENGINEERING, P.P.
SAVANI UNIVERSITY, KOSAMBA","TFWs","GUJCET Based","Self-Finance","4342.00","4342.00"
"COMPUTER SCIENCE &
ENGINEERING (ARTIFICIAL
INTELLIGENCE AND
MACHINE LEARNING) -
TFWS","PARUL INSTITUTE OF ENGINEERING &
TECHNOLOGY, WAGHODIA, VADODARA","TFWs","GUJCET Based","Self-Finance","18356.00","19263.00"
"COMPUTER SCIENCE &
ENGINEERING (ARTIFICIAL
INTELLIGENCE AND
MACHINE LEARNING) -
TFWS","UNITEDWORLD INSTITUTE OF TECHNOLOGY,
UVARSAD, GANDHINAGAR","TFWs","GUJCET Based","Self-Finance","5588.00","18189.00"
"COMPUTER SCIENCE &
ENGINEERING (ARTIFICIAL
INTELLIGENCE)","GANDHINAGAR INSTITUTE OF TECHNOLOGY,
MOTI BHOYAN, KALOL, GANDHINAGAR","GEN","GUJCET Based","Self-Finance","10845.00","38572.00"
"COMPUTER SCIENCE &
ENGINEERING (ARTIFICIAL
INTELLIGENCE)","ITM (SLS) BARODA UNIVERSITY (FORMERLY
KNOWN AS ITM UNIVERSE), VADODARA","GEN","GUJCET Based","Self-Finance","20751.00","33851.00"
"COMPUTER SCIENCE &
ENGINEERING (ARTIFICIAL
INTELLIGENCE)","L.J. INSTITUTE OF ENGG AND TECH.,
AHMEDABAD","EWS","GUJCET Based","Self-Finance","11505.00","19093.00"
"COMPUTER SCIENCE &
ENGINEERING (ARTIFICIAL
INTELLIGENCE)","L.J. INSTITUTE OF ENGG AND TECH.,
AHMEDABAD","GEN","GUJCET Based","Self-Finance","6380.00","10297.00"
"COMPUTER SCIENCE &
ENGINEERING (ARTIFICIAL
INTELLIGENCE)","L.J. INSTITUTE OF ENGG AND TECH.,
AHMEDABAD","SEBC","GUJCET Based","Self-Finance","28013.00","31781.00"
"COMPUTER SCIENCE &
ENGINEERING (ARTIFICIAL
INTELLIGENCE)","PARUL INSTITUTE OF ENGINEERING &
TECHNOLOGY, WAGHODIA, VADODARA","GEN","GUJCET Based","Self-Finance","9851.00","33452.00"
"COMPUTER SCIENCE &
ENGINEERING (ARTIFICIAL
INTELLIGENCE)","PARUL INSTITUTE OF TECHNOLOGY,
WAGHODIA, VADODARA","GEN","GUJCET Based","Self-Finance","31774.00","31774.00"
"COMPUTER SCIENCE &
ENGINEERING (ARTIFICIAL
INTELLIGENCE) - TFWS","PARUL INSTITUTE OF ENGINEERING &
TECHNOLOGY, WAGHODIA, VADODARA","TFWs","GUJCET Based","Self-Finance","3750.00","20835.00"
"COMPUTER SCIENCE &
ENGINEERING (ARTIFICIAL
INTELLIGENCE) - TFWS","PARUL INSTITUTE OF TECHNOLOGY,
WAGHODIA, VADODARA","TFWs","GUJCET Based","Self-Finance","23678.00","23678.00"
"COMPUTER SCIENCE &
ENGINEERING (BIG DATA
ANALYTICS)","PARUL INSTITUTE OF ENGINEERING &
TECHNOLOGY, WAGHODIA, VADODARA","GEN","GUJCET Based","Self-Finance","11903.00","36517.00"
"Course_name","Inst_Name","Alloted_
Cat","Quota","Institute Type","First Rank","Last Rank"
"COMPUTER SCIENCE &
ENGINEERING (BIG DATA
ANALYTICS) - TFWS","GANPAT UNIVERSITY, INSTITUTE OF COMPUTER
TECH., KHERVA, MEHSANA","TFWs","GUJCET Based","Self-Finance","7316.00","7316.00"
"COMPUTER SCIENCE &
ENGINEERING (BIG DATA
ANALYTICS) - TFWS","PARUL INSTITUTE OF ENGINEERING &
TECHNOLOGY, WAGHODIA, VADODARA","TFWs","GUJCET Based","Self-Finance","26556.00","29590.00"
"COMPUTER SCIENCE &
ENGINEERING (CLOUD
COMPUTING)","PARUL INSTITUTE OF ENGINEERING &
TECHNOLOGY, WAGHODIA, VADODARA","GEN","GUJCET Based","Self-Finance","17292.00","20685.00"
"COMPUTER SCIENCE &
ENGINEERING (CLOUD
COMPUTING) - TFW","PARUL INSTITUTE OF ENGINEERING &
TECHNOLOGY, WAGHODIA, VADODARA","TFWs","GUJCET Based","Self-Finance","26323.00","28616.00"
"COMPUTER SCIENCE &
ENGINEERING (CYBER
SECURITY)","AHMEDABAD INSTITUTE OF TECH, AHMEDABAD","GEN","GUJCET Based","Self-Finance","11660.00","39734.00"
"COMPUTER SCIENCE &
ENGINEERING (CYBER
SECURITY)","GANDHINAGAR INSTITUTE OF TECHNOLOGY,
MOTI BHOYAN, KALOL, GANDHINAGAR","GEN","GUJCET Based","Self-Finance","24868.00","34814.00"
"COMPUTER SCIENCE &
ENGINEERING (CYBER
SECURITY)","GANPAT UNIVERSITY, INSTITUTE OF COMPUTER
TECH., KHERVA, MEHSANA","GEN","GUJCET Based","Self-Finance","19077.00","19077.00"
"COMPUTER SCIENCE &
ENGINEERING (CYBER
SECURITY)","ITM (SLS) BARODA UNIVERSITY (FORMERLY
KNOWN AS ITM UNIVERSE), VADODARA","GEN","GUJCET Based","Self-Finance","27471.00","38704.00"
"COMPUTER SCIENCE &
ENGINEERING (CYBER
SECURITY)","KRISHNA SCHOOL OF TECHNOLOGY, VARNAMA,
VADODARA","GEN","GUJCET Based","Self-Finance","39206.00","39206.00"
"COMPUTER SCIENCE &
ENGINEERING (CYBER
SECURITY)","L.J. INSTITUTE OF ENGG AND TECH.,
AHMEDABAD","EWS","GUJCET Based","Self-Finance","17835.00","19723.00"
"COMPUTER SCIENCE &
ENGINEERING (CYBER
SECURITY)","L.J. INSTITUTE OF ENGG AND TECH.,
AHMEDABAD","GEN","GUJCET Based","Self-Finance","8798.00","17311.00"
"COMPUTER SCIENCE &
ENGINEERING (CYBER
SECURITY)","L.J. INSTITUTE OF ENGG AND TECH.,
AHMEDABAD","SC","GUJCET Based","Self-Finance","50198.00","50198.00"
"COMPUTER SCIENCE &
ENGINEERING (CYBER
SECURITY)","L.J. INSTITUTE OF ENGG AND TECH.,
AHMEDABAD","SEBC","GUJCET Based","Self-Finance","19953.00","50195.00"
"COMPUTER SCIENCE &
ENGINEERING (CYBER
SECURITY)","P.P. SAVANI SCHOOL OF ENGINEERING, P.P.
SAVANI UNIVERSITY, KOSAMBA","GEN","GUJCET Based","Self-Finance","23548.00","36219.00"
"COMPUTER SCIENCE &
ENGINEERING (CYBER
SECURITY)","PARUL INSTITUTE OF ENGINEERING &
TECHNOLOGY, WAGHODIA, VADODARA","GEN","GUJCET Based","Self-Finance","27674.00","36945.00"
"COMPUTER SCIENCE &
ENGINEERING (CYBER
SECURITY)","UNITEDWORLD INSTITUTE OF TECHNOLOGY,
UVARSAD, GANDHINAGAR","GEN","GUJCET Based","Self-Finance","15604.00","38245.00"
"COMPUTER SCIENCE &
ENGINEERING (CYBER
SECURITY) - TFWS","ASHA M. TARSADIA INSTITUTE OF COMPUTER
SCIENCE & TECH. BARDOLI","TFWs","GUJCET Based","Self-Finance","9761.00","9761.00"
"COMPUTER SCIENCE &
ENGINEERING (CYBER
SECURITY) - TFWS","SILVER OAK COLLEGE OF ENGG., & TECH.
(WITHIN AMHEDABAD MUNICIPAL
CORPORATION LIMIT), AHMEDABAD","TFWs","GUJCET Based","Self-Finance","20368.00","20445.00"
"COMPUTER SCIENCE &
ENGINEERING (CYBER
SECURITY) - TFWS","UNITEDWORLD INSTITUTE OF TECHNOLOGY,
UVARSAD, GANDHINAGAR","TFWs","GUJCET Based","Self-Finance","13485.00","13485.00"
"COMPUTER SCIENCE &
ENGINEERING (DATA
SCIENCE)","AHMEDABAD INSTITUTE OF TECH, AHMEDABAD","GEN","GUJCET Based","Self-Finance","5524.00","36883.00"
"COMPUTER SCIENCE &
ENGINEERING (DATA
SCIENCE)","L.J. INSTITUTE OF ENGG AND TECH.,
AHMEDABAD","EWS","GUJCET Based","Self-Finance","12438.00","13043.00"
"Course_name","Inst_Name","Alloted_
Cat","Quota","Institute Type","First Rank","Last Rank"
"COMPUTER SCIENCE &
ENGINEERING (DATA
SCIENCE)","L.J. INSTITUTE OF ENGG AND TECH.,
AHMEDABAD","GEN","GUJCET Based","Self-Finance","8648.00","11815.00"
"COMPUTER SCIENCE &
ENGINEERING (DATA
SCIENCE)","L.J. INSTITUTE OF ENGG AND TECH.,
AHMEDABAD","SC","GUJCET Based","Self-Finance","30247.00","30247.00"
"COMPUTER SCIENCE &
ENGINEERING (DATA
SCIENCE)","L.J. INSTITUTE OF ENGG AND TECH.,
AHMEDABAD","SEBC","GUJCET Based","Self-Finance","26017.00","27411.00"
"COMPUTER SCIENCE &
ENGINEERING (DATA
SCIENCE)","NEW L. J. INSTITUTE OF ENGINEERING AND
TECHNOLOGY, AHMEDABAD","EWS","GUJCET Based","Self-Finance","23900.00","27253.00"
"COMPUTER SCIENCE &
ENGINEERING (DATA
SCIENCE)","NEW L. J. INSTITUTE OF ENGINEERING AND
TECHNOLOGY, AHMEDABAD","GEN","GUJCET Based","Self-Finance","13574.00","23660.00"
"COMPUTER SCIENCE &
ENGINEERING (DATA
SCIENCE)","NEW L. J. INSTITUTE OF ENGINEERING AND
TECHNOLOGY, AHMEDABAD","SEBC","GUJCET Based","Self-Finance","27855.00","40042.00"
"COMPUTER SCIENCE &
ENGINEERING (DATA
SCIENCE)","P.P. SAVANI SCHOOL OF ENGINEERING, P.P.
SAVANI UNIVERSITY, KOSAMBA","GEN","GUJCET Based","Self-Finance","15998.00","25360.00"
"COMPUTER SCIENCE &
ENGINEERING (DATA
SCIENCE)","SAL COLLEGE OF ENGINEERING , AHMEDABAD","GEN","GUJCET Based","Self-Finance","36887.00","50113.00"
"COMPUTER SCIENCE &
ENGINEERING (DATA
SCIENCE)","SHRI LABHUBHAI TRIVEDI INSTITUTE OF
ENGINEERING AND TECHNOLOGY, RAJKOT","GEN","GUJCET Based","Self-Finance","39963.00","39963.00"
"COMPUTER SCIENCE &
ENGINEERING (DATA
SCIENCE)","UNITEDWORLD INSTITUTE OF TECHNOLOGY,
UVARSAD, GANDHINAGAR","GEN","GUJCET Based","Self-Finance","19999.00","35341.00"
"COMPUTER SCIENCE &
ENGINEERING (DATA
SCIENCE)","VISHWAKARMA GOVERNMENT ENGINEERING
COLLEGE, CHANDKHEDA,GANDHINAGAR","EWS","GUJCET Based","Govt / GIA","2175.00","2402.00"
"COMPUTER SCIENCE &
ENGINEERING (DATA
SCIENCE)","VISHWAKARMA GOVERNMENT ENGINEERING
COLLEGE, CHANDKHEDA,GANDHINAGAR","GEN","GUJCET Based","Govt / GIA","1399.00","2075.00"
"COMPUTER SCIENCE &
ENGINEERING (DATA
SCIENCE)","VISHWAKARMA GOVERNMENT ENGINEERING
COLLEGE, CHANDKHEDA,GANDHINAGAR","SC","GUJCET Based","Govt / GIA","5833.00","5833.00"
"COMPUTER SCIENCE &
ENGINEERING (DATA
SCIENCE)","VISHWAKARMA GOVERNMENT ENGINEERING
COLLEGE, CHANDKHEDA,GANDHINAGAR","SEBC","GUJCET Based","Govt / GIA","2559.00","2763.00"
"COMPUTER SCIENCE &
ENGINEERING (DATA
SCIENCE)","VISHWAKARMA GOVERNMENT ENGINEERING
COLLEGE, CHANDKHEDA,GANDHINAGAR","ST","GUJCET Based","Govt / GIA","32284.00","32585.00"
"COMPUTER SCIENCE &
ENGINEERING (DATA
SCIENCE)","VISHWAKARMA GOVERNMENT ENGINEERING
COLLEGE, CHANDKHEDA,GANDHINAGAR","EWS","JEE Based","Govt / GIA","901075.00","901075.00"
"COMPUTER SCIENCE &
ENGINEERING (DATA
SCIENCE)","VISHWAKARMA GOVERNMENT ENGINEERING
COLLEGE, CHANDKHEDA,GANDHINAGAR","GEN","JEE Based","Govt / GIA","900955.00","900955.00"
"COMPUTER SCIENCE &
ENGINEERING (DATA
SCIENCE)","VISHWAKARMA GOVERNMENT ENGINEERING
COLLEGE, CHANDKHEDA,GANDHINAGAR","SEBC","JEE Based","Govt / GIA","901692.00","901692.00"
"COMPUTER SCIENCE &
ENGINEERING (DATA
SCIENCE) - TFW","NEW L. J. INSTITUTE OF ENGINEERING AND
TECHNOLOGY, AHMEDABAD","TFWs","GUJCET Based","Self-Finance","4878.00","5400.00"
"COMPUTER SCIENCE &
ENGINEERING (DATA
SCIENCE) - TFW","P.P. SAVANI SCHOOL OF ENGINEERING, P.P.
SAVANI UNIVERSITY, KOSAMBA","TFWs","GUJCET Based","Self-Finance","10532.00","10532.00"
"COMPUTER SCIENCE &
ENGINEERING (DATA
SCIENCE) - TFW","VISHWAKARMA GOVERNMENT ENGINEERING
COLLEGE, CHANDKHEDA,GANDHINAGAR","TFWs","GUJCET Based","Govt / GIA","1542.00","1577.00"
"Course_name","Inst_Name","Alloted_
Cat","Quota","Institute Type","First Rank","Last Rank"
"COMPUTER SCIENCE &
ENGINEERING (INTERNET
OF THINGS & CYBER
SECURITY INCLUDING
BLOCK CHAIN
TECHNOLOGY)","SHREE DHANVANTARY COLLEGE OF
ENGINEERING & TECHNOLOGY, KIM","GEN","GUJCET Based","Self-Finance","32487.00","32487.00"
"COMPUTER SCIENCE &
ENGINEERING (INTERNET
OF THINGS)","G.H.PATEL COLLEGE OF ENGG. & TECH. , V. V.
NAGAR","EWS","GUJCET Based","Self-Finance","11971.00","12904.00"
"COMPUTER SCIENCE &
ENGINEERING (INTERNET
OF THINGS)","G.H.PATEL COLLEGE OF ENGG. & TECH. , V. V.
NAGAR","GEN","GUJCET Based","Self-Finance","9175.00","11621.00"
"COMPUTER SCIENCE &
ENGINEERING (INTERNET
OF THINGS)","G.H.PATEL COLLEGE OF ENGG. & TECH. , V. V.
NAGAR","SEBC","GUJCET Based","Self-Finance","19029.00","31354.00"
"COMPUTER SCIENCE &
INFORMATION
TECHNOLOGY","L.J. INSTITUTE OF ENGG AND TECH.,
AHMEDABAD","EWS","GUJCET Based","Self-Finance","24435.00","25994.00"
"COMPUTER SCIENCE &
INFORMATION
TECHNOLOGY","L.J. INSTITUTE OF ENGG AND TECH.,
AHMEDABAD","GEN","GUJCET Based","Self-Finance","13589.00","23521.00"
"COMPUTER SCIENCE &
INFORMATION
TECHNOLOGY","L.J. INSTITUTE OF ENGG AND TECH.,
AHMEDABAD","SEBC","GUJCET Based","Self-Finance","25168.00","39359.00"
"COMPUTER SCIENCE &
TECHNOLOGY","L.J. INSTITUTE OF ENGG AND TECH.,
AHMEDABAD","GEN","GUJCET Based","Self-Finance","12644.00","50640.00"
"COMPUTER SCIENCE &
TECHNOLOGY - TFWS","L.J. INSTITUTE OF ENGG AND TECH.,
AHMEDABAD","TFWs","GUJCET Based","Self-Finance","3947.00","3947.00"
"CYBER SECURITY","FACULTY OF ENGINEERING & TECHNOLOGY-
SIGMA UNIVERSITY, BAKROL, VADODARA","GEN","GUJCET Based","Self-Finance","36024.00","36024.00"
"CYBER SECURITY","INDUS INSTITUTE OF TECH. & ENGG.,
RACHARDA, AHMEDABAD","GEN","GUJCET Based","Self-Finance","19777.00","36974.00"
"CYBER SECURITY","SWARRNIM INSTITUTE OF TECHNOLOGY","GEN","GUJCET Based","Self-Finance","50370.00","50370.00"
"DAIRY TECHNOLOGY -
TFWS","PARUL INSTITUTE OF TECHNOLOGY,
WAGHODIA, VADODARA","TFWs","GUJCET Based","Self-Finance","22825.00","22825.00"
"ELECTRICAL AND
ELECTRONICS
ENGINEERING","AHMEDABAD UNIVERSITY, AHMEDABAD","GEN","GUJCET Based","Self-Finance","6841.00","9268.00"
"ELECTRICAL AND
ELECTRONICS
ENGINEERING","AHMEDABAD UNIVERSITY, AHMEDABAD","SEBC","GUJCET Based","Self-Finance","23303.00","28594.00"
"ELECTRICAL AND
ELECTRONICS
ENGINEERING","SCHOOL OF ENGINEERING AND TECHNOLOGY,
NAVRACHANA UNIVERSITY, VADODARA","GEN","GUJCET Based","Self-Finance","24181.00","27881.00"
"ELECTRICAL ENGINEERING","A.D.PATEL INSTITUTE OF TECH.,KARAMSAD","GEN","GUJCET Based","Self-Finance","25801.00","34272.00"
"ELECTRICAL ENGINEERING","ADITYA SILVER OAK INSTITUTE OF TECHNOLOGY
(WITHIN LIMITS OF AHMEDABAD MUNICIPAL
CORPORATION) AHMEDABAD","GEN","GUJCET Based","Self-Finance","38722.00","38722.00"
"ELECTRICAL ENGINEERING","AHMEDABAD INSTITUTE OF TECH, AHMEDABAD","GEN","GUJCET Based","Self-Finance","50253.00","50637.00"
"ELECTRICAL ENGINEERING","BIRLA VISHVAKARMA MAHA VIDHYALAYA(GIA),
V.V.NAGAR","EWS","GUJCET Based","Govt / GIA","14102.00","17115.00"
"ELECTRICAL ENGINEERING","BIRLA VISHVAKARMA MAHA VIDHYALAYA(GIA),
V.V.NAGAR","GEN","GUJCET Based","Govt / GIA","9241.00","12335.00"
"ELECTRICAL ENGINEERING","BIRLA VISHVAKARMA MAHA VIDHYALAYA(GIA),
V.V.NAGAR","SEBC","GUJCET Based","Govt / GIA","15432.00","16318.00"
"ELECTRICAL ENGINEERING","BIRLA VISHVAKARMA MAHA VIDHYALAYA(GIA),
V.V.NAGAR","ST","GUJCET Based","Govt / GIA","38255.00","38255.00"
"ELECTRICAL ENGINEERING","BIRLA VISHVAKARMA MAHA VIDHYALAYA(GIA),
V.V.NAGAR","EWS","JEE Based","Govt / GIA","904983.00","904983.00"
"ELECTRICAL ENGINEERING","BIRLA VISHVAKARMA MAHA VIDHYALAYA(GIA),
V.V.NAGAR","GEN","JEE Based","Govt / GIA","901744.00","901744.00"
"Course_name","Inst_Name","Alloted_
Cat","Quota","Institute Type","First Rank","Last Rank"
"ELECTRICAL ENGINEERING","BIRLA VISHVAKARMA MAHA VIDHYALAYA(GIA),
V.V.NAGAR","SEBC","JEE Based","Govt / GIA","906984.00","906984.00"
"ELECTRICAL ENGINEERING","C. K. PITHAWALA COLLEGE OF ENGG. & TECH.,
SURAT","GEN","GUJCET Based","Self-Finance","20230.00","26403.00"
"ELECTRICAL ENGINEERING","CHAROTAR UNIVERSITY OF SCIENCE &
TECHNOLOGY (CHARUSAT) - CHANDUBHAI S
PATEL INSTITUTE OF TECHNOLOGY (CSPIT),
CHANGA","EWS","GUJCET Based","Self-Finance","27141.00","28335.00"
"ELECTRICAL ENGINEERING","CHAROTAR UNIVERSITY OF SCIENCE &
TECHNOLOGY (CHARUSAT) - CHANDUBHAI S
PATEL INSTITUTE OF TECHNOLOGY (CSPIT),
CHANGA","GEN","GUJCET Based","Self-Finance","16053.00","23550.00"
"ELECTRICAL ENGINEERING","DR. S & S.S.GHANDHI GOVERNMENT
ENGINEERING COLLEGE SURAT","EWS","GUJCET Based","Govt / GIA","33497.00","36910.00"
"ELECTRICAL ENGINEERING","DR. S & S.S.GHANDHI GOVERNMENT
ENGINEERING COLLEGE SURAT","GEN","GUJCET Based","Govt / GIA","19417.00","24762.00"
"ELECTRICAL ENGINEERING","DR. S & S.S.GHANDHI GOVERNMENT
ENGINEERING COLLEGE SURAT","SEBC","GUJCET Based","Govt / GIA","27653.00","39669.00"
"ELECTRICAL ENGINEERING","DR. S & S.S.GHANDHI GOVERNMENT
ENGINEERING COLLEGE SURAT","ST","GUJCET Based","Govt / GIA","29851.00","29851.00"
"ELECTRICAL ENGINEERING","DR. S & S.S.GHANDHI GOVERNMENT
ENGINEERING COLLEGE SURAT","EWS","JEE Based","Govt / GIA","907005.00","907005.00"
"ELECTRICAL ENGINEERING","DR. S & S.S.GHANDHI GOVERNMENT
ENGINEERING COLLEGE SURAT","GEN","JEE Based","Govt / GIA","903672.00","903672.00"
"ELECTRICAL ENGINEERING","DR. S & S.S.GHANDHI GOVERNMENT
ENGINEERING COLLEGE SURAT","SEBC","JEE Based","Govt / GIA","917999.00","918755.00"
"ELECTRICAL ENGINEERING","FACULTY OF TECHNOLOGY &
ENGINEERING(MSU), VADODARA","EWS","GUJCET Based","Govt / GIA","9690.00","11857.00"
"ELECTRICAL ENGINEERING","FACULTY OF TECHNOLOGY &
ENGINEERING(MSU), VADODARA","GEN","GUJCET Based","Govt / GIA","4515.00","8552.00"
"ELECTRICAL ENGINEERING","FACULTY OF TECHNOLOGY &
ENGINEERING(MSU), VADODARA","SC","GUJCET Based","Govt / GIA","19462.00","19462.00"
"ELECTRICAL ENGINEERING","FACULTY OF TECHNOLOGY &
ENGINEERING(MSU), VADODARA","SEBC","GUJCET Based","Govt / GIA","12353.00","12988.00"
"ELECTRICAL ENGINEERING","G.H.PATEL COLLEGE OF ENGG. & TECH. , V. V.
NAGAR","GEN","GUJCET Based","Self-Finance","20391.00","37027.00"
"ELECTRICAL ENGINEERING","GIDC DEGREE ENGINEERING COLLEGE, ABRAMA,
NAVSARI","GEN","GUJCET Based","Self-Finance","24420.00","35664.00"
"ELECTRICAL ENGINEERING","GOVERNMENT ENGINEERING COLLEGE,
BHARUCH","GEN","GUJCET Based","Govt / GIA","10623.00","30018.00"
"ELECTRICAL ENGINEERING","GOVERNMENT ENGINEERING COLLEGE,
BHARUCH","SEBC","GUJCET Based","Govt / GIA","38445.00","39399.00"
"ELECTRICAL ENGINEERING","GOVERNMENT ENGINEERING COLLEGE,
BHARUCH","GEN","JEE Based","Govt / GIA","908083.00","908083.00"
"ELECTRICAL ENGINEERING","GOVERNMENT ENGINEERING COLLEGE, BHUJ","GEN","GUJCET Based","Govt / GIA","28199.00","39312.00"
"ELECTRICAL ENGINEERING","GOVERNMENT ENGINEERING COLLEGE, BHUJ","GEN","JEE Based","Govt / GIA","910810.00","918191.00"
"ELECTRICAL ENGINEERING","GOVERNMENT ENGINEERING COLLEGE, DAHOD","GEN","GUJCET Based","Govt / GIA","37789.00","37789.00"
"ELECTRICAL ENGINEERING","GOVERNMENT ENGINEERING COLLEGE, DAHOD","GEN","JEE Based","Govt / GIA","910200.00","932302.00"
"ELECTRICAL ENGINEERING","GOVERNMENT ENGINEERING COLLEGE,
GODHRA","GEN","GUJCET Based","Govt / GIA","35477.00","35477.00"
"ELECTRICAL ENGINEERING","GOVERNMENT ENGINEERING COLLEGE,
GODHRA","GEN","JEE Based","Govt / GIA","915396.00","926808.00"
"ELECTRICAL ENGINEERING","GOVERNMENT ENGINEERING COLLEGE,
MODASA","GEN","GUJCET Based","Govt / GIA","30038.00","50400.00"
"ELECTRICAL ENGINEERING","GOVERNMENT ENGINEERING COLLEGE,
MODASA","GEN","JEE Based","Govt / GIA","900274.00","931662.00"
"ELECTRICAL ENGINEERING","GOVERNMENT ENGINEERING COLLEGE,
PALANPUR","GEN","GUJCET Based","Govt / GIA","39028.00","40067.00"
"ELECTRICAL ENGINEERING","GOVERNMENT ENGINEERING COLLEGE,
PALANPUR","GEN","JEE Based","Govt / GIA","911122.00","990118.00"
"Course_name","Inst_Name","Alloted_
Cat","Quota","Institute Type","First Rank","Last Rank"
"ELECTRICAL ENGINEERING","GOVERNMENT ENGINEERING COLLEGE, PATAN","GEN","JEE Based","Govt / GIA","923949.00","931518.00"
"ELECTRICAL ENGINEERING","GOVERNMENT ENGINEERING COLLEGE, RAJKOT","GEN","GUJCET Based","Govt / GIA","15155.00","35208.00"
"ELECTRICAL ENGINEERING","GOVERNMENT ENGINEERING COLLEGE, RAJKOT","GEN","JEE Based","Govt / GIA","906238.00","906734.00"
"ELECTRICAL ENGINEERING","GOVERNMENT ENGINEERING COLLEGE, SECTOR
28 GANDHINAGAR","EWS","GUJCET Based","Govt / GIA","22893.00","24070.00"
"ELECTRICAL ENGINEERING","GOVERNMENT ENGINEERING COLLEGE, SECTOR
28 GANDHINAGAR","GEN","GUJCET Based","Govt / GIA","19270.00","22001.00"
"ELECTRICAL ENGINEERING","GOVERNMENT ENGINEERING COLLEGE, SECTOR
28 GANDHINAGAR","SC","GUJCET Based","Govt / GIA","37324.00","37705.00"
"ELECTRICAL ENGINEERING","GOVERNMENT ENGINEERING COLLEGE, SECTOR
28 GANDHINAGAR","SEBC","GUJCET Based","Govt / GIA","27420.00","37653.00"
"ELECTRICAL ENGINEERING","GOVERNMENT ENGINEERING COLLEGE, SECTOR
28 GANDHINAGAR","EWS","JEE Based","Govt / GIA","905941.00","905941.00"
"ELECTRICAL ENGINEERING","GOVERNMENT ENGINEERING COLLEGE, SECTOR
28 GANDHINAGAR","GEN","JEE Based","Govt / GIA","903816.00","904500.00"
"ELECTRICAL ENGINEERING","GOVERNMENT ENGINEERING COLLEGE, SECTOR
28 GANDHINAGAR","SEBC","JEE Based","Govt / GIA","911918.00","911918.00"
"ELECTRICAL ENGINEERING","GOVERNMENT ENGINEERING COLLEGE, VALSAD","GEN","GUJCET Based","Govt / GIA","16456.00","27202.00"
"ELECTRICAL ENGINEERING","GOVERNMENT ENGINEERING COLLEGE, VALSAD","SEBC","GUJCET Based","Govt / GIA","28414.00","33705.00"
"ELECTRICAL ENGINEERING","GOVERNMENT ENGINEERING COLLEGE, VALSAD","ST","GUJCET Based","Govt / GIA","39675.00","39675.00"
"ELECTRICAL ENGINEERING","GOVERNMENT ENGINEERING COLLEGE, VALSAD","GEN","JEE Based","Govt / GIA","906974.00","909563.00"
"ELECTRICAL ENGINEERING","GUJARAT POWER ENGG. AND RES. INST. (GPERI)
(PPP), MEVAD, MEHSANA","GEN","GUJCET Based","Self-Finance","22201.00","22201.00"
"ELECTRICAL ENGINEERING","INDUS INSTITUTE OF TECH. & ENGG.,
RACHARDA, AHMEDABAD","GEN","GUJCET Based","Self-Finance","38450.00","38450.00"
"ELECTRICAL ENGINEERING","INSTITUTE OF
INFRASTRUCTURE,TECHNOLOGY,RESEARCH AND
MANAGEMENT(IITRAM),AHMEDABAD","EWS","GUJCET Based","Autonomous","35296.00","35296.00"
"ELECTRICAL ENGINEERING","INSTITUTE OF
INFRASTRUCTURE,TECHNOLOGY,RESEARCH AND
MANAGEMENT(IITRAM),AHMEDABAD","GEN","GUJCET Based","Autonomous","8642.00","32074.00"
"ELECTRICAL ENGINEERING","INSTITUTE OF
INFRASTRUCTURE,TECHNOLOGY,RESEARCH AND
MANAGEMENT(IITRAM),AHMEDABAD","SC","GUJCET Based","Autonomous","36996.00","36996.00"
"ELECTRICAL ENGINEERING","INSTITUTE OF TECHNOLOGY, NIRMA UNIVERSITY
OF SCIENCE & TECHNOLOGY, AHMEDABAD","EWS","GUJCET Based","Self-Finance","8696.00","11105.00"
"ELECTRICAL ENGINEERING","INSTITUTE OF TECHNOLOGY, NIRMA UNIVERSITY
OF SCIENCE & TECHNOLOGY, AHMEDABAD","GEN","GUJCET Based","Self-Finance","6040.00","7577.00"
"ELECTRICAL ENGINEERING","INSTITUTE OF TECHNOLOGY, NIRMA UNIVERSITY
OF SCIENCE & TECHNOLOGY, AHMEDABAD","SC","GUJCET Based","Self-Finance","22845.00","24483.00"
"ELECTRICAL ENGINEERING","INSTITUTE OF TECHNOLOGY, NIRMA UNIVERSITY
OF SCIENCE & TECHNOLOGY, AHMEDABAD","SEBC","GUJCET Based","Self-Finance","8884.00","13812.00"
"ELECTRICAL ENGINEERING","L.D.COLLEGE OF ENGINEERING, AHMEDABAD","ESM","GUJCET Based","Govt / GIA","25116.00","25116.00"
"ELECTRICAL ENGINEERING","L.D.COLLEGE OF ENGINEERING, AHMEDABAD","EWS","GUJCET Based","Govt / GIA","7057.00","9397.00"
"ELECTRICAL ENGINEERING","L.D.COLLEGE OF ENGINEERING, AHMEDABAD","GEN","GUJCET Based","Govt / GIA","5452.00","6755.00"
"ELECTRICAL ENGINEERING","L.D.COLLEGE OF ENGINEERING, AHMEDABAD","SC","GUJCET Based","Govt / GIA","14632.00","21824.00"
"Course_name","Inst_Name","Alloted_
Cat","Quota","Institute Type","First Rank","Last Rank"
"ELECTRICAL ENGINEERING","L.D.COLLEGE OF ENGINEERING, AHMEDABAD","SEBC","GUJCET Based","Govt / GIA","8825.00","9300.00"
"ELECTRICAL ENGINEERING","L.D.COLLEGE OF ENGINEERING, AHMEDABAD","GEN","JEE Based","Govt / GIA","901503.00","901549.00"
"ELECTRICAL ENGINEERING","L.D.COLLEGE OF ENGINEERING, AHMEDABAD","SEBC","JEE Based","Govt / GIA","903021.00","903224.00"
"ELECTRICAL ENGINEERING","L.D.R.P. INSTITUTE OF TECH. & RESEARCH.,
GANDHINAGAR","GEN","GUJCET Based","Self-Finance","36057.00","38892.00"
"ELECTRICAL ENGINEERING","L.E.COLLEGE ,MORBI","GEN","GUJCET Based","Govt / GIA","26847.00","39914.00"
"ELECTRICAL ENGINEERING","L.E.COLLEGE ,MORBI","GEN","JEE Based","Govt / GIA","911665.00","990182.00"
"ELECTRICAL ENGINEERING","PANDIT DEENDAYAL ENERGY UNIVERSITY
,GANDHINAGAR","ESM","GUJCET Based","Self-Finance","18677.00","18677.00"
"ELECTRICAL ENGINEERING","PANDIT DEENDAYAL ENERGY UNIVERSITY
,GANDHINAGAR","EWS","GUJCET Based","Self-Finance","15591.00","20248.00"
"ELECTRICAL ENGINEERING","PANDIT DEENDAYAL ENERGY UNIVERSITY
,GANDHINAGAR","GEN","GUJCET Based","Self-Finance","8214.00","13808.00"
"ELECTRICAL ENGINEERING","PANDIT DEENDAYAL ENERGY UNIVERSITY
,GANDHINAGAR","SEBC","GUJCET Based","Self-Finance","27273.00","38530.00"
"ELECTRICAL ENGINEERING","PANDIT DEENDAYAL ENERGY UNIVERSITY
,GANDHINAGAR","EWS","JEE Based","Self-Finance","904172.00","904172.00"
"ELECTRICAL ENGINEERING","PANDIT DEENDAYAL ENERGY UNIVERSITY
,GANDHINAGAR","GEN","JEE Based","Self-Finance","902822.00","903107.00"
"ELECTRICAL ENGINEERING","PANDIT DEENDAYAL ENERGY UNIVERSITY
,GANDHINAGAR","SC","JEE Based","Self-Finance","919342.00","919342.00"
"ELECTRICAL ENGINEERING","PANDIT DEENDAYAL ENERGY UNIVERSITY
,GANDHINAGAR","SEBC","JEE Based","Self-Finance","906702.00","910249.00"
"ELECTRICAL ENGINEERING","PARUL INSTITUTE OF ENGINEERING &
TECHNOLOGY, WAGHODIA, VADODARA","GEN","GUJCET Based","Self-Finance","14680.00","14680.00"
"ELECTRICAL ENGINEERING","R.N.G. PATEL INSTITUTE OF TECHNOLOGY-
RNGPIT (FETR), BARDOLI","GEN","GUJCET Based","Self-Finance","31020.00","39370.00"
"ELECTRICAL ENGINEERING","S.S.AGRAWAL INSTITUTE OF ENGINEERING &
TECHNOLOGY NAVSARI","GEN","GUJCET Based","Self-Finance","27658.00","39807.00"
"ELECTRICAL ENGINEERING","SAL INSTITUTE OF TECH. & ENGG. RESEARCH,
AHMEDABAD","GEN","GUJCET Based","Self-Finance","26283.00","50043.00"
"ELECTRICAL ENGINEERING","SARDAR PATEL COLLEGE OF ENGINEERING,
BAKROL ANAND","GEN","GUJCET Based","Self-Finance","28961.00","28961.00"
"ELECTRICAL ENGINEERING","SARDAR VALLABHBHAI PATEL INSTITUTE OF
TECH.,VASAD","GEN","GUJCET Based","Self-Finance","27657.00","39117.00"
"ELECTRICAL ENGINEERING","SARVAJANIK COLLEGE OF ENGG. & TECH. ,
SURAT","EWS","GUJCET Based","Self-Finance","37935.00","50634.00"
"ELECTRICAL ENGINEERING","SARVAJANIK COLLEGE OF ENGG. & TECH. ,
SURAT","GEN","GUJCET Based","Self-Finance","12957.00","29240.00"
"ELECTRICAL ENGINEERING","SHANTILAL SHAH ENGINEERING COLLEGE
,BHAVNAGAR","GEN","GUJCET Based","Govt / GIA","39567.00","39567.00"
"ELECTRICAL ENGINEERING","SHANTILAL SHAH ENGINEERING COLLEGE
,BHAVNAGAR","GEN","JEE Based","Govt / GIA","918130.00","990203.00"
"ELECTRICAL ENGINEERING","SHRI SADVIDHYA MANDAL INSTITUTE OF TECH.,
BHARUCH","GEN","GUJCET Based","Self-Finance","36832.00","39854.00"
"ELECTRICAL ENGINEERING","SHRI SITARAM N PATEL INST. OF TECH. & RES.
(SNPIT), BARDOLI, UMRAKH (VIDHYABHARTI
TRUST)","GEN","GUJCET Based","Self-Finance","36428.00","39727.00"
"ELECTRICAL ENGINEERING","SHRI SWAMI ATMANAND SARASWATI INSTITUTE
OF TECH., SURAT","GEN","GUJCET Based","Self-Finance","27945.00","27945.00"
"ELECTRICAL ENGINEERING","VISHWAKARMA GOVERNMENT ENGINEERING
COLLEGE, CHANDKHEDA,GANDHINAGAR","EWS","GUJCET Based","Govt / GIA","13697.00","17190.00"
"ELECTRICAL ENGINEERING","VISHWAKARMA GOVERNMENT ENGINEERING
COLLEGE, CHANDKHEDA,GANDHINAGAR","GEN","GUJCET Based","Govt / GIA","9983.00","13379.00"
"ELECTRICAL ENGINEERING","VISHWAKARMA GOVERNMENT ENGINEERING
COLLEGE, CHANDKHEDA,GANDHINAGAR","SC","GUJCET Based","Govt / GIA","27153.00","32616.00"
"Course_name","Inst_Name","Alloted_
Cat","Quota","Institute Type","First Rank","Last Rank"
"ELECTRICAL ENGINEERING","VISHWAKARMA GOVERNMENT ENGINEERING
COLLEGE, CHANDKHEDA,GANDHINAGAR","SEBC","GUJCET Based","Govt / GIA","17447.00","20337.00"
"ELECTRICAL ENGINEERING","VISHWAKARMA GOVERNMENT ENGINEERING
COLLEGE, CHANDKHEDA,GANDHINAGAR","ST","GUJCET Based","Govt / GIA","31278.00","39084.00"
"ELECTRICAL ENGINEERING","VISHWAKARMA GOVERNMENT ENGINEERING
COLLEGE, CHANDKHEDA,GANDHINAGAR","GEN","JEE Based","Govt / GIA","902452.00","902897.00"
"ELECTRICAL ENGINEERING","VISHWAKARMA GOVERNMENT ENGINEERING
COLLEGE, CHANDKHEDA,GANDHINAGAR","SC","JEE Based","Govt / GIA","910506.00","910506.00"
"ELECTRICAL ENGINEERING -
TFWS","BIRLA VISHVAKARMA MAHA VIDHYALAYA(GIA),
V.V.NAGAR","TFWs","GUJCET Based","Govt / GIA","7715.00","7715.00"
"ELECTRICAL ENGINEERING -
TFWS","DR. S & S.S.GHANDHI GOVERNMENT
ENGINEERING COLLEGE SURAT","TFWs","GUJCET Based","Govt / GIA","13644.00","13644.00"
"ELECTRICAL ENGINEERING -
TFWS","GOVERNMENT ENGINEERING COLLEGE,
BHARUCH","TFWs","GUJCET Based","Govt / GIA","22706.00","22706.00"
"ELECTRICAL ENGINEERING -
TFWS","GOVERNMENT ENGINEERING COLLEGE, RAJKOT","TFWs","GUJCET Based","Govt / GIA","18130.00","18130.00"
"ELECTRICAL ENGINEERING -
TFWS","GOVERNMENT ENGINEERING COLLEGE, SECTOR
28 GANDHINAGAR","TFWs","GUJCET Based","Govt / GIA","12356.00","12356.00"
"ELECTRICAL ENGINEERING -
TFWS","GOVERNMENT ENGINEERING COLLEGE, VALSAD","TFWs","GUJCET Based","Govt / GIA","16072.00","16072.00"
"ELECTRICAL ENGINEERING -
TFWS","VISHWAKARMA GOVERNMENT ENGINEERING
COLLEGE, CHANDKHEDA,GANDHINAGAR","TFWs","GUJCET Based","Govt / GIA","9044.00","9432.00"
"ELECTRONICS &
COMMUNICATION
ENGINEERING","A.D.PATEL INSTITUTE OF TECH.,KARAMSAD","GEN","GUJCET Based","Self-Finance","16138.00","35117.00"
"ELECTRONICS &
COMMUNICATION
ENGINEERING","AHMEDABAD INSTITUTE OF TECH, AHMEDABAD","GEN","GUJCET Based","Self-Finance","20473.00","39072.00"
"ELECTRONICS &
COMMUNICATION
ENGINEERING","BIRLA VISHVAKARMA MAHA VIDHYLAYA(SFI),
V.V.NAGAR","EWS","GUJCET Based","Self-Finance","11486.00","12039.00"
"ELECTRONICS &
COMMUNICATION
ENGINEERING","BIRLA VISHVAKARMA MAHA VIDHYLAYA(SFI),
V.V.NAGAR","GEN","GUJCET Based","Self-Finance","6747.00","11382.00"
"ELECTRONICS &
COMMUNICATION
ENGINEERING","BIRLA VISHVAKARMA MAHA VIDHYLAYA(SFI),
V.V.NAGAR","SEBC","GUJCET Based","Self-Finance","16262.00","26715.00"
"ELECTRONICS &
COMMUNICATION
ENGINEERING","CHAROTAR UNIVERSITY OF SCIENCE &
TECHNOLOGY (CHARUSAT) - CHANDUBHAI S
PATEL INSTITUTE OF TECHNOLOGY (CSPIT),
CHANGA","EWS","GUJCET Based","Self-Finance","13987.00","15289.00"
"ELECTRONICS &
COMMUNICATION
ENGINEERING","CHAROTAR UNIVERSITY OF SCIENCE &
TECHNOLOGY (CHARUSAT) - CHANDUBHAI S
PATEL INSTITUTE OF TECHNOLOGY (CSPIT),
CHANGA","GEN","GUJCET Based","Self-Finance","8451.00","13863.00"
"ELECTRONICS &
COMMUNICATION
ENGINEERING","CHAROTAR UNIVERSITY OF SCIENCE &
TECHNOLOGY (CHARUSAT) - CHANDUBHAI S
PATEL INSTITUTE OF TECHNOLOGY (CSPIT),
CHANGA","SEBC","GUJCET Based","Self-Finance","24458.00","50058.00"
"ELECTRONICS &
COMMUNICATION
ENGINEERING","CHHOTUBHAI GOPALBHAI PATEL INSTITUTE OF
TECH., TARSADI, BARDOLI","GEN","GUJCET Based","Self-Finance","35407.00","50203.00"
"ELECTRONICS &
COMMUNICATION
ENGINEERING","DR. S & S.S.GHANDHI GOVERNMENT
ENGINEERING COLLEGE SURAT","EWS","GUJCET Based","Govt / GIA","15880.00","18316.00"
"ELECTRONICS &
COMMUNICATION
ENGINEERING","DR. S & S.S.GHANDHI GOVERNMENT
ENGINEERING COLLEGE SURAT","GEN","GUJCET Based","Govt / GIA","9540.00","15806.00"
"Course_name","Inst_Name","Alloted_
Cat","Quota","Institute Type","First Rank","Last Rank"
"ELECTRONICS &
COMMUNICATION
ENGINEERING","DR. S & S.S.GHANDHI GOVERNMENT
ENGINEERING COLLEGE SURAT","SEBC","GUJCET Based","Govt / GIA","18988.00","27443.00"
"ELECTRONICS &
COMMUNICATION
ENGINEERING","DR. S & S.S.GHANDHI GOVERNMENT
ENGINEERING COLLEGE SURAT","EWS","JEE Based","Govt / GIA","904564.00","904564.00"
"ELECTRONICS &
COMMUNICATION
ENGINEERING","DR. S & S.S.GHANDHI GOVERNMENT
ENGINEERING COLLEGE SURAT","GEN","JEE Based","Govt / GIA","902385.00","902462.00"
"ELECTRONICS &
COMMUNICATION
ENGINEERING","DR. S & S.S.GHANDHI GOVERNMENT
ENGINEERING COLLEGE SURAT","SC","JEE Based","Govt / GIA","928391.00","928391.00"
"ELECTRONICS &
COMMUNICATION
ENGINEERING","FACULTY OF TECHNOLOGY AND
ENGINEERING(GIA), DHARMSINH DESAI
UNIVERSITY, (DDU), NADIAD","ESM","GUJCET Based","Govt / GIA","25033.00","25033.00"
"ELECTRONICS &
COMMUNICATION
ENGINEERING","FACULTY OF TECHNOLOGY AND
ENGINEERING(GIA), DHARMSINH DESAI
UNIVERSITY, (DDU), NADIAD","EWS","GUJCET Based","Govt / GIA","2066.00","2103.00"
"ELECTRONICS &
COMMUNICATION
ENGINEERING","FACULTY OF TECHNOLOGY AND
ENGINEERING(GIA), DHARMSINH DESAI
UNIVERSITY, (DDU), NADIAD","GEN","GUJCET Based","Govt / GIA","1821.00","1924.00"
"ELECTRONICS &
COMMUNICATION
ENGINEERING","FACULTY OF TECHNOLOGY AND
ENGINEERING(GIA), DHARMSINH DESAI
UNIVERSITY, (DDU), NADIAD","SC","GUJCET Based","Govt / GIA","17045.00","21513.00"
"ELECTRONICS &
COMMUNICATION
ENGINEERING","FACULTY OF TECHNOLOGY AND
ENGINEERING(GIA), DHARMSINH DESAI
UNIVERSITY, (DDU), NADIAD","SEBC","GUJCET Based","Govt / GIA","4059.00","4831.00"
"ELECTRONICS &
COMMUNICATION
ENGINEERING","FACULTY OF TECHNOLOGY AND
ENGINEERING(GIA), DHARMSINH DESAI
UNIVERSITY, (DDU), NADIAD","SEBC","JEE Based","Govt / GIA","901691.00","901691.00"
"ELECTRONICS &
COMMUNICATION
ENGINEERING","FACULTY OF TECHNOLOGY(SFI), DHARMSINH
DESAI UNIVERSITY, NADIAD","EWS","GUJCET Based","Self-Finance","4776.00","5151.00"
"ELECTRONICS &
COMMUNICATION
ENGINEERING","FACULTY OF TECHNOLOGY(SFI), DHARMSINH
DESAI UNIVERSITY, NADIAD","GEN","GUJCET Based","Self-Finance","2446.00","4610.00"
"ELECTRONICS &
COMMUNICATION
ENGINEERING","FACULTY OF TECHNOLOGY(SFI), DHARMSINH
DESAI UNIVERSITY, NADIAD","SC","GUJCET Based","Self-Finance","34889.00","34889.00"
"ELECTRONICS &
COMMUNICATION
ENGINEERING","FACULTY OF TECHNOLOGY(SFI), DHARMSINH
DESAI UNIVERSITY, NADIAD","SEBC","GUJCET Based","Self-Finance","6533.00","6533.00"
"ELECTRONICS &
COMMUNICATION
ENGINEERING","G.H.PATEL COLLEGE OF ENGG. & TECH. , V. V.
NAGAR","EWS","GUJCET Based","Self-Finance","18089.00","20100.00"
"ELECTRONICS &
COMMUNICATION
ENGINEERING","G.H.PATEL COLLEGE OF ENGG. & TECH. , V. V.
NAGAR","GEN","GUJCET Based","Self-Finance","6120.00","16758.00"
"ELECTRONICS &
COMMUNICATION
ENGINEERING","G.H.PATEL COLLEGE OF ENGG. & TECH. , V. V.
NAGAR","SEBC","GUJCET Based","Self-Finance","29620.00","50324.00"
"ELECTRONICS &
COMMUNICATION
ENGINEERING","GANDHINAGAR INSTITUTE OF TECHNOLOGY,
MOTI BHOYAN, KALOL, GANDHINAGAR","GEN","GUJCET Based","Self-Finance","20657.00","28362.00"
"ELECTRONICS &
COMMUNICATION
ENGINEERING","GANPAT UNIVERSITY, U.V.PATEL COLLEGE OF
ENGINEERING, KHERVA, MEHSANA","GEN","GUJCET Based","Self-Finance","15609.00","15609.00"
"ELECTRONICS &
COMMUNICATION
ENGINEERING","GOVERNMENT ENGINEERING COLLEGE,
BHARUCH","EWS","GUJCET Based","Govt / GIA","25867.00","34009.00"
"ELECTRONICS &
COMMUNICATION
ENGINEERING","GOVERNMENT ENGINEERING COLLEGE,
BHARUCH","GEN","GUJCET Based","Govt / GIA","18523.00","22173.00"
"Course_name","Inst_Name","Alloted_
Cat","Quota","Institute Type","First Rank","Last Rank"
"ELECTRONICS &
COMMUNICATION
ENGINEERING","GOVERNMENT ENGINEERING COLLEGE,
BHARUCH","SEBC","GUJCET Based","Govt / GIA","27904.00","39035.00"
"ELECTRONICS &
COMMUNICATION
ENGINEERING","GOVERNMENT ENGINEERING COLLEGE,
BHARUCH","GEN","JEE Based","Govt / GIA","904817.00","904907.00"
"ELECTRONICS &
COMMUNICATION
ENGINEERING","GOVERNMENT ENGINEERING COLLEGE,
BHAVNAGAR","EWS","GUJCET Based","Govt / GIA","22382.00","25069.00"
"ELECTRONICS &
COMMUNICATION
ENGINEERING","GOVERNMENT ENGINEERING COLLEGE,
BHAVNAGAR","GEN","GUJCET Based","Govt / GIA","1314.00","21621.00"
"ELECTRONICS &
COMMUNICATION
ENGINEERING","GOVERNMENT ENGINEERING COLLEGE,
BHAVNAGAR","SEBC","GUJCET Based","Govt / GIA","21627.00","40008.00"
"ELECTRONICS &
COMMUNICATION
ENGINEERING","GOVERNMENT ENGINEERING COLLEGE, DAHOD","GEN","GUJCET Based","Govt / GIA","26464.00","50003.00"
"ELECTRONICS &
COMMUNICATION
ENGINEERING","GOVERNMENT ENGINEERING COLLEGE, DAHOD","GEN","JEE Based","Govt / GIA","905648.00","906161.00"
"ELECTRONICS &
COMMUNICATION
ENGINEERING","GOVERNMENT ENGINEERING COLLEGE,
MODASA","EWS","GUJCET Based","Govt / GIA","35941.00","38315.00"
"ELECTRONICS &
COMMUNICATION
ENGINEERING","GOVERNMENT ENGINEERING COLLEGE,
MODASA","GEN","GUJCET Based","Govt / GIA","21208.00","34012.00"
"ELECTRONICS &
COMMUNICATION
ENGINEERING","GOVERNMENT ENGINEERING COLLEGE,
MODASA","SEBC","GUJCET Based","Govt / GIA","37250.00","37250.00"
"ELECTRONICS &
COMMUNICATION
ENGINEERING","GOVERNMENT ENGINEERING COLLEGE,
MODASA","GEN","JEE Based","Govt / GIA","906291.00","906291.00"
"ELECTRONICS &
COMMUNICATION
ENGINEERING","GOVERNMENT ENGINEERING COLLEGE, PATAN","EWS","GUJCET Based","Govt / GIA","33792.00","37332.00"
"ELECTRONICS &
COMMUNICATION
ENGINEERING","GOVERNMENT ENGINEERING COLLEGE, PATAN","GEN","GUJCET Based","Govt / GIA","22965.00","32729.00"
"ELECTRONICS &
COMMUNICATION
ENGINEERING","GOVERNMENT ENGINEERING COLLEGE, PATAN","SEBC","GUJCET Based","Govt / GIA","33076.00","39848.00"
"ELECTRONICS &
COMMUNICATION
ENGINEERING","GOVERNMENT ENGINEERING COLLEGE, PATAN","GEN","JEE Based","Govt / GIA","907565.00","907565.00"
"ELECTRONICS &
COMMUNICATION
ENGINEERING","GOVERNMENT ENGINEERING COLLEGE, RAJKOT","EWS","GUJCET Based","Govt / GIA","28948.00","50092.00"
"ELECTRONICS &
COMMUNICATION
ENGINEERING","GOVERNMENT ENGINEERING COLLEGE, RAJKOT","GEN","GUJCET Based","Govt / GIA","13879.00","28367.00"
"ELECTRONICS &
COMMUNICATION
ENGINEERING","GOVERNMENT ENGINEERING COLLEGE, RAJKOT","SEBC","GUJCET Based","Govt / GIA","32206.00","34571.00"
"ELECTRONICS &
COMMUNICATION
ENGINEERING","GOVERNMENT ENGINEERING COLLEGE, RAJKOT","EWS","JEE Based","Govt / GIA","910566.00","910566.00"
"ELECTRONICS &
COMMUNICATION
ENGINEERING","GOVERNMENT ENGINEERING COLLEGE, RAJKOT","GEN","JEE Based","Govt / GIA","904458.00","904458.00"
"ELECTRONICS &
COMMUNICATION
ENGINEERING","GOVERNMENT ENGINEERING COLLEGE, RAJKOT","SEBC","JEE Based","Govt / GIA","906883.00","906883.00"
"Course_name","Inst_Name","Alloted_
Cat","Quota","Institute Type","First Rank","Last Rank"
"ELECTRONICS &
COMMUNICATION
ENGINEERING","GOVERNMENT ENGINEERING COLLEGE, SECTOR
28 GANDHINAGAR","EWS","GUJCET Based","Govt / GIA","12540.00","16548.00"
"ELECTRONICS &
COMMUNICATION
ENGINEERING","GOVERNMENT ENGINEERING COLLEGE, SECTOR
28 GANDHINAGAR","GEN","GUJCET Based","Govt / GIA","6452.00","12227.00"
"ELECTRONICS &
COMMUNICATION
ENGINEERING","GOVERNMENT ENGINEERING COLLEGE, SECTOR
28 GANDHINAGAR","SC","GUJCET Based","Govt / GIA","33220.00","39679.00"
"ELECTRONICS &
COMMUNICATION
ENGINEERING","GOVERNMENT ENGINEERING COLLEGE, SECTOR
28 GANDHINAGAR","SEBC","GUJCET Based","Govt / GIA","13000.00","22972.00"
"ELECTRONICS &
COMMUNICATION
ENGINEERING","GOVERNMENT ENGINEERING COLLEGE, SECTOR
28 GANDHINAGAR","ESM","JEE Based","Govt / GIA","914690.00","914690.00"
"ELECTRONICS &
COMMUNICATION
ENGINEERING","GOVERNMENT ENGINEERING COLLEGE, SECTOR
28 GANDHINAGAR","EWS","JEE Based","Govt / GIA","903059.00","903059.00"
"ELECTRONICS &
COMMUNICATION
ENGINEERING","GOVERNMENT ENGINEERING COLLEGE, SECTOR
28 GANDHINAGAR","GEN","JEE Based","Govt / GIA","902282.00","902282.00"
"ELECTRONICS &
COMMUNICATION
ENGINEERING","GUJARAT TECHNOLOGICAL UNIVERSITY SCHOOL
OF ENGINEERING AND TECHNOLOGY,
CHANDKHEDA, AHMEDABAD","EWS","GUJCET Based","Self-Finance","18897.00","19857.00"
"ELECTRONICS &
COMMUNICATION
ENGINEERING","GUJARAT TECHNOLOGICAL UNIVERSITY SCHOOL
OF ENGINEERING AND TECHNOLOGY,
CHANDKHEDA, AHMEDABAD","GEN","GUJCET Based","Self-Finance","11201.00","16796.00"
"ELECTRONICS &
COMMUNICATION
ENGINEERING","GUJARAT TECHNOLOGICAL UNIVERSITY SCHOOL
OF ENGINEERING AND TECHNOLOGY,
CHANDKHEDA, AHMEDABAD","SEBC","GUJCET Based","Self-Finance","17343.00","17343.00"
"ELECTRONICS &
COMMUNICATION
ENGINEERING","GYANMANJARI INSTITUTE OF TECHNOLOGY
BHAVNAGAR","GEN","GUJCET Based","Self-Finance","39789.00","39789.00"
"ELECTRONICS &
COMMUNICATION
ENGINEERING","INDUS INSTITUTE OF TECH. & ENGG.,
RACHARDA, AHMEDABAD","GEN","GUJCET Based","Self-Finance","12291.00","50305.00"
"ELECTRONICS &
COMMUNICATION
ENGINEERING","INSTITUTE OF TECHNOLOGY, NIRMA UNIVERSITY
OF SCIENCE & TECHNOLOGY, AHMEDABAD","EWS","GUJCET Based","Self-Finance","1487.00","1545.00"
"ELECTRONICS &
COMMUNICATION
ENGINEERING","INSTITUTE OF TECHNOLOGY, NIRMA UNIVERSITY
OF SCIENCE & TECHNOLOGY, AHMEDABAD","GEN","GUJCET Based","Self-Finance","667.00","1127.00"
"ELECTRONICS &
COMMUNICATION
ENGINEERING","INSTITUTE OF TECHNOLOGY, NIRMA UNIVERSITY
OF SCIENCE & TECHNOLOGY, AHMEDABAD","SEBC","GUJCET Based","Self-Finance","3473.00","4538.00"
"ELECTRONICS &
COMMUNICATION
ENGINEERING","L.D.COLLEGE OF ENGINEERING, AHMEDABAD","ESM","GUJCET Based","Govt / GIA","6472.00","6472.00"
"ELECTRONICS &
COMMUNICATION
ENGINEERING","L.D.COLLEGE OF ENGINEERING, AHMEDABAD","EWS","GUJCET Based","Govt / GIA","2850.00","3536.00"
"ELECTRONICS &
COMMUNICATION
ENGINEERING","L.D.COLLEGE OF ENGINEERING, AHMEDABAD","GEN","GUJCET Based","Govt / GIA","2076.00","2705.00"
"ELECTRONICS &
COMMUNICATION
ENGINEERING","L.D.COLLEGE OF ENGINEERING, AHMEDABAD","SC","GUJCET Based","Govt / GIA","8650.00","8650.00"
"ELECTRONICS &
COMMUNICATION
ENGINEERING","L.D.COLLEGE OF ENGINEERING, AHMEDABAD","SEBC","GUJCET Based","Govt / GIA","2889.00","5585.00"
"Course_name","Inst_Name","Alloted_
Cat","Quota","Institute Type","First Rank","Last Rank"
"ELECTRONICS &
COMMUNICATION
ENGINEERING","L.D.COLLEGE OF ENGINEERING, AHMEDABAD","EWS","JEE Based","Govt / GIA","901606.00","901606.00"
"ELECTRONICS &
COMMUNICATION
ENGINEERING","L.D.COLLEGE OF ENGINEERING, AHMEDABAD","GEN","JEE Based","Govt / GIA","901178.00","901228.00"
"ELECTRONICS &
COMMUNICATION
ENGINEERING","L.D.COLLEGE OF ENGINEERING, AHMEDABAD","SC","JEE Based","Govt / GIA","908830.00","908830.00"
"ELECTRONICS &
COMMUNICATION
ENGINEERING","L.D.COLLEGE OF ENGINEERING, AHMEDABAD","SEBC","JEE Based","Govt / GIA","901480.00","901480.00"
"ELECTRONICS &
COMMUNICATION
ENGINEERING","L.D.R.P. INSTITUTE OF TECH. & RESEARCH.,
GANDHINAGAR","GEN","GUJCET Based","Self-Finance","26651.00","50330.00"
"ELECTRONICS &
COMMUNICATION
ENGINEERING","L.J. INSTITUTE OF ENGG AND TECH.,
AHMEDABAD","EWS","GUJCET Based","Self-Finance","28988.00","30535.00"
"ELECTRONICS &
COMMUNICATION
ENGINEERING","L.J. INSTITUTE OF ENGG AND TECH.,
AHMEDABAD","GEN","GUJCET Based","Self-Finance","14360.00","25225.00"
"ELECTRONICS &
COMMUNICATION
ENGINEERING","L.J. INSTITUTE OF ENGG AND TECH.,
AHMEDABAD","SEBC","GUJCET Based","Self-Finance","33542.00","33542.00"
"ELECTRONICS &
COMMUNICATION
ENGINEERING","PANDIT DEENDAYAL ENERGY UNIVERSITY
,GANDHINAGAR","EWS","GUJCET Based","Self-Finance","5667.00","7224.00"
"ELECTRONICS &
COMMUNICATION
ENGINEERING","PANDIT DEENDAYAL ENERGY UNIVERSITY
,GANDHINAGAR","GEN","GUJCET Based","Self-Finance","3989.00","4855.00"
"ELECTRONICS &
COMMUNICATION
ENGINEERING","PANDIT DEENDAYAL ENERGY UNIVERSITY
,GANDHINAGAR","SC","GUJCET Based","Self-Finance","16766.00","16766.00"
"ELECTRONICS &
COMMUNICATION
ENGINEERING","PANDIT DEENDAYAL ENERGY UNIVERSITY
,GANDHINAGAR","SEBC","GUJCET Based","Self-Finance","9031.00","11623.00"
"ELECTRONICS &
COMMUNICATION
ENGINEERING","PANDIT DEENDAYAL ENERGY UNIVERSITY
,GANDHINAGAR","EWS","JEE Based","Self-Finance","901703.00","901703.00"
"ELECTRONICS &
COMMUNICATION
ENGINEERING","PANDIT DEENDAYAL ENERGY UNIVERSITY
,GANDHINAGAR","GEN","JEE Based","Self-Finance","901454.00","901646.00"
"ELECTRONICS &
COMMUNICATION
ENGINEERING","PANDIT DEENDAYAL ENERGY UNIVERSITY
,GANDHINAGAR","SEBC","JEE Based","Self-Finance","903649.00","904344.00"
"ELECTRONICS &
COMMUNICATION
ENGINEERING","SAL INSTITUTE OF TECH. & ENGG. RESEARCH,
AHMEDABAD","GEN","GUJCET Based","Self-Finance","22664.00","34236.00"
"ELECTRONICS &
COMMUNICATION
ENGINEERING","SARDAR VALLABHBHAI PATEL INSTITUTE OF
TECH.,VASAD","EWS","GUJCET Based","Self-Finance","30762.00","38260.00"
"ELECTRONICS &
COMMUNICATION
ENGINEERING","SARDAR VALLABHBHAI PATEL INSTITUTE OF
TECH.,VASAD","GEN","GUJCET Based","Self-Finance","5062.00","24109.00"
"ELECTRONICS &
COMMUNICATION
ENGINEERING","SARVAJANIK COLLEGE OF ENGG. & TECH. ,
SURAT","EWS","GUJCET Based","Self-Finance","14591.00","14591.00"
"ELECTRONICS &
COMMUNICATION
ENGINEERING","SARVAJANIK COLLEGE OF ENGG. & TECH. ,
SURAT","GEN","GUJCET Based","Self-Finance","7241.00","13637.00"
"ELECTRONICS &
COMMUNICATION
ENGINEERING","SARVAJANIK COLLEGE OF ENGG. & TECH. ,
SURAT","SEBC","GUJCET Based","Self-Finance","23847.00","28218.00"
"Course_name","Inst_Name","Alloted_
Cat","Quota","Institute Type","First Rank","Last Rank"
"ELECTRONICS &
COMMUNICATION
ENGINEERING","SHRI SWAMI ATMANAND SARASWATI INSTITUTE
OF TECH., SURAT","GEN","GUJCET Based","Self-Finance","10369.00","23672.00"
"ELECTRONICS &
COMMUNICATION
ENGINEERING","UNITEDWORLD INSTITUTE OF TECHNOLOGY,
UVARSAD, GANDHINAGAR","GEN","GUJCET Based","Self-Finance","23762.00","23762.00"
"ELECTRONICS &
COMMUNICATION
ENGINEERING","V.V.P. ENGINEERING COLLEGE, RAJKOT","EWS","GUJCET Based","Self-Finance","25030.00","25030.00"
"ELECTRONICS &
COMMUNICATION
ENGINEERING","V.V.P. ENGINEERING COLLEGE, RAJKOT","GEN","GUJCET Based","Self-Finance","16555.00","18691.00"
"ELECTRONICS &
COMMUNICATION
ENGINEERING","VISHWAKARMA GOVERNMENT ENGINEERING
COLLEGE, CHANDKHEDA,GANDHINAGAR","ESM","GUJCET Based","Govt / GIA","23528.00","23528.00"
"ELECTRONICS &
COMMUNICATION
ENGINEERING","VISHWAKARMA GOVERNMENT ENGINEERING
COLLEGE, CHANDKHEDA,GANDHINAGAR","EWS","GUJCET Based","Govt / GIA","5320.00","6113.00"
"ELECTRONICS &
COMMUNICATION
ENGINEERING","VISHWAKARMA GOVERNMENT ENGINEERING
COLLEGE, CHANDKHEDA,GANDHINAGAR","GEN","GUJCET Based","Govt / GIA","3034.00","5222.00"
"ELECTRONICS &
COMMUNICATION
ENGINEERING","VISHWAKARMA GOVERNMENT ENGINEERING
COLLEGE, CHANDKHEDA,GANDHINAGAR","SC","GUJCET Based","Govt / GIA","22179.00","22179.00"
"ELECTRONICS &
COMMUNICATION
ENGINEERING","VISHWAKARMA GOVERNMENT ENGINEERING
COLLEGE, CHANDKHEDA,GANDHINAGAR","SEBC","GUJCET Based","Govt / GIA","8260.00","10022.00"
"ELECTRONICS &
COMMUNICATION
ENGINEERING","VISHWAKARMA GOVERNMENT ENGINEERING
COLLEGE, CHANDKHEDA,GANDHINAGAR","GEN","JEE Based","Govt / GIA","901213.00","901460.00"
"ELECTRONICS &
COMMUNICATION
ENGINEERING","VISHWAKARMA GOVERNMENT ENGINEERING
COLLEGE, CHANDKHEDA,GANDHINAGAR","SC","JEE Based","Govt / GIA","910329.00","910329.00"
"ELECTRONICS &
COMMUNICATION
ENGINEERING","VISHWAKARMA GOVERNMENT ENGINEERING
COLLEGE, CHANDKHEDA,GANDHINAGAR","SEBC","JEE Based","Govt / GIA","902490.00","902607.00"
"ELECTRONICS &
COMMUNICATION
ENGINEERING - TFWS","CHAROTAR UNIVERSITY OF SCIENCE &
TECHNOLOGY (CHARUSAT) - CHANDUBHAI S
PATEL INSTITUTE OF TECHNOLOGY (CSPIT),
CHANGA","TFWs","GUJCET Based","Self-Finance","5753.00","5963.00"
"ELECTRONICS &
COMMUNICATION
ENGINEERING - TFWS","DR. S & S.S.GHANDHI GOVERNMENT
ENGINEERING COLLEGE SURAT","TFWs","GUJCET Based","Govt / GIA","8584.00","8584.00"
"ELECTRONICS &
COMMUNICATION
ENGINEERING - TFWS","FACULTY OF TECHNOLOGY(SFI), DHARMSINH
DESAI UNIVERSITY, NADIAD","TFWs","GUJCET Based","Self-Finance","1643.00","1643.00"
"ELECTRONICS &
COMMUNICATION
ENGINEERING - TFWS","GOVERNMENT ENGINEERING COLLEGE,
BHARUCH","TFWs","GUJCET Based","Govt / GIA","15467.00","16122.00"
"ELECTRONICS &
COMMUNICATION
ENGINEERING - TFWS","GOVERNMENT ENGINEERING COLLEGE, DAHOD","TFWs","GUJCET Based","Govt / GIA","23959.00","26158.00"
"ELECTRONICS &
COMMUNICATION
ENGINEERING - TFWS","GOVERNMENT ENGINEERING COLLEGE,
MODASA","TFWs","GUJCET Based","Govt / GIA","19771.00","19771.00"
"ELECTRONICS &
COMMUNICATION
ENGINEERING - TFWS","GOVERNMENT ENGINEERING COLLEGE, PATAN","TFWs","GUJCET Based","Govt / GIA","20491.00","20491.00"
"ELECTRONICS &
COMMUNICATION
ENGINEERING - TFWS","GOVERNMENT ENGINEERING COLLEGE, RAJKOT","TFWs","GUJCET Based","Govt / GIA","8167.00","12811.00"
"ELECTRONICS &
COMMUNICATION
ENGINEERING - TFWS","GOVERNMENT ENGINEERING COLLEGE, SECTOR
28 GANDHINAGAR","TFWs","GUJCET Based","Govt / GIA","6384.00","6562.00"
"Course_name","Inst_Name","Alloted_
Cat","Quota","Institute Type","First Rank","Last Rank"
"ELECTRONICS &
COMMUNICATION
ENGINEERING - TFWS","GOVERNMENT ENGINEERING COLLEGE, SECTOR
28 GANDHINAGAR","TFWs","JEE Based","Govt / GIA","902322.00","902322.00"
"ELECTRONICS &
COMMUNICATION
ENGINEERING - TFWS","GUJARAT TECHNOLOGICAL UNIVERSITY SCHOOL
OF ENGINEERING AND TECHNOLOGY,
CHANDKHEDA, AHMEDABAD","TFWs","GUJCET Based","Self-Finance","7873.00","7873.00"
"ELECTRONICS &
COMMUNICATION
ENGINEERING - TFWS","GYANMANJARI INSTITUTE OF TECHNOLOGY
BHAVNAGAR","TFWs","GUJCET Based","Self-Finance","35718.00","35718.00"
"ELECTRONICS &
COMMUNICATION
ENGINEERING - TFWS","L.D.COLLEGE OF ENGINEERING, AHMEDABAD","TFWs","GUJCET Based","Govt / GIA","1581.00","1581.00"
"ELECTRONICS &
COMMUNICATION
ENGINEERING - TFWS","PARUL INSTITUTE OF ENGINEERING &
TECHNOLOGY, WAGHODIA, VADODARA","TFWs","GUJCET Based","Self-Finance","26078.00","32974.00"
"ELECTRONICS &
COMMUNICATION
ENGINEERING - TFWS","SILVER OAK COLLEGE OF ENGG., & TECH.
(WITHIN AMHEDABAD MUNICIPAL
CORPORATION LIMIT), AHMEDABAD","TFWs","GUJCET Based","Self-Finance","27125.00","27125.00"
"ELECTRONICS &
COMMUNICATION
ENGINEERING - TFWS","VISHWAKARMA GOVERNMENT ENGINEERING
COLLEGE, CHANDKHEDA,GANDHINAGAR","TFWs","GUJCET Based","Govt / GIA","3521.00","3594.00"
"ELECTRONICS &
INSTRUMENTATION
ENGINEERING","INSTITUTE OF TECHNOLOGY, NIRMA UNIVERSITY
OF SCIENCE & TECHNOLOGY, AHMEDABAD","EWS","GUJCET Based","Self-Finance","4839.00","6789.00"
"ELECTRONICS &
INSTRUMENTATION
ENGINEERING","INSTITUTE OF TECHNOLOGY, NIRMA UNIVERSITY
OF SCIENCE & TECHNOLOGY, AHMEDABAD","GEN","GUJCET Based","Self-Finance","2541.00","4029.00"
"ELECTRONICS &
INSTRUMENTATION
ENGINEERING","INSTITUTE OF TECHNOLOGY, NIRMA UNIVERSITY
OF SCIENCE & TECHNOLOGY, AHMEDABAD","SEBC","GUJCET Based","Self-Finance","8528.00","12576.00"
"ELECTRONICS &
INSTRUMENTATION
ENGINEERING","VISHWAKARMA GOVERNMENT ENGINEERING
COLLEGE, CHANDKHEDA,GANDHINAGAR","EWS","GUJCET Based","Govt / GIA","13918.00","16551.00"
"ELECTRONICS &
INSTRUMENTATION
ENGINEERING","VISHWAKARMA GOVERNMENT ENGINEERING
COLLEGE, CHANDKHEDA,GANDHINAGAR","GEN","GUJCET Based","Govt / GIA","8746.00","13883.00"
"ELECTRONICS &
INSTRUMENTATION
ENGINEERING","VISHWAKARMA GOVERNMENT ENGINEERING
COLLEGE, CHANDKHEDA,GANDHINAGAR","SC","GUJCET Based","Govt / GIA","35698.00","39654.00"
"ELECTRONICS &
INSTRUMENTATION
ENGINEERING","VISHWAKARMA GOVERNMENT ENGINEERING
COLLEGE, CHANDKHEDA,GANDHINAGAR","SEBC","GUJCET Based","Govt / GIA","21167.00","22657.00"
"ELECTRONICS &
INSTRUMENTATION
ENGINEERING","VISHWAKARMA GOVERNMENT ENGINEERING
COLLEGE, CHANDKHEDA,GANDHINAGAR","EWS","JEE Based","Govt / GIA","905284.00","905284.00"
"ELECTRONICS &
INSTRUMENTATION
ENGINEERING","VISHWAKARMA GOVERNMENT ENGINEERING
COLLEGE, CHANDKHEDA,GANDHINAGAR","GEN","JEE Based","Govt / GIA","902404.00","902404.00"
"ELECTRONICS &
INSTRUMENTATION
ENGINEERING - TFW","VISHWAKARMA GOVERNMENT ENGINEERING
COLLEGE, CHANDKHEDA,GANDHINAGAR","TFWs","GUJCET Based","Govt / GIA","8918.00","10996.00"
"ELECTRONICS
ENGINEERING","BIRLA VISHVAKARMA MAHA VIDHYALAYA(GIA),
V.V.NAGAR","EWS","GUJCET Based","Govt / GIA","8469.00","9224.00"
"ELECTRONICS
ENGINEERING","BIRLA VISHVAKARMA MAHA VIDHYALAYA(GIA),
V.V.NAGAR","GEN","GUJCET Based","Govt / GIA","2287.00","8417.00"
"ELECTRONICS
ENGINEERING","BIRLA VISHVAKARMA MAHA VIDHYALAYA(GIA),
V.V.NAGAR","SC","GUJCET Based","Govt / GIA","26620.00","38995.00"
"ELECTRONICS
ENGINEERING","BIRLA VISHVAKARMA MAHA VIDHYALAYA(GIA),
V.V.NAGAR","SEBC","GUJCET Based","Govt / GIA","14077.00","14905.00"
"ELECTRONICS
ENGINEERING","BIRLA VISHVAKARMA MAHA VIDHYALAYA(GIA),
V.V.NAGAR","SC","JEE Based","Govt / GIA","911364.00","911364.00"
"ELECTRONICS
ENGINEERING","FACULTY OF TECHNOLOGY &
ENGINEERING(MSU), VADODARA","EWS","GUJCET Based","Govt / GIA","4910.00","5315.00"
"Course_name","Inst_Name","Alloted_
Cat","Quota","Institute Type","First Rank","Last Rank"
"ELECTRONICS
ENGINEERING","FACULTY OF TECHNOLOGY &
ENGINEERING(MSU), VADODARA","GEN","GUJCET Based","Govt / GIA","2323.00","4422.00"
"ELECTRONICS
ENGINEERING","FACULTY OF TECHNOLOGY &
ENGINEERING(MSU), VADODARA","SEBC","GUJCET Based","Govt / GIA","9755.00","10628.00"
"ELECTRONICS
ENGINEERING","FACULTY OF TECHNOLOGY &
ENGINEERING(MSU), VADODARA","GEN","JEE Based","Govt / GIA","900206.00","900206.00"
"ELECTRONICS
ENGINEERING","FACULTY OF TECHNOLOGY &
ENGINEERING(MSU), VADODARA","SEBC","JEE Based","Govt / GIA","902846.00","902846.00"
"ELECTRONICS
ENGINEERING (VLSI DESIGN
AND TECHNOLOGY)","DHIRUBHAI AMBANI INSTITUTE OF INFO. &
COMM. TECH., GANDHINAGAR","EWS","GUJCET Based","Self-Finance","347.00","347.00"
"ELECTRONICS
ENGINEERING (VLSI DESIGN
AND TECHNOLOGY)","DHIRUBHAI AMBANI INSTITUTE OF INFO. &
COMM. TECH., GANDHINAGAR","GEN","GUJCET Based","Self-Finance","290.00","290.00"
"ELECTRONICS
ENGINEERING (VLSI DESIGN
AND TECHNOLOGY)","DHIRUBHAI AMBANI INSTITUTE OF INFO. &
COMM. TECH., GANDHINAGAR","SC","GUJCET Based","Self-Finance","4118.00","4118.00"
"ELECTRONICS
ENGINEERING (VLSI DESIGN
AND TECHNOLOGY)","DHIRUBHAI AMBANI INSTITUTE OF INFO. &
COMM. TECH., GANDHINAGAR","ST","GUJCET Based","Self-Finance","29914.00","29914.00"
"ELECTRONICS
ENGINEERING-TFWS","FACULTY OF TECHNOLOGY &
ENGINEERING(MSU), VADODARA","TFWs","GUJCET Based","Govt / GIA","3841.00","3841.00"
"ENVIRONMENTAL
ENGINEERING","DR. S & S.S.GHANDHI GOVERNMENT
ENGINEERING COLLEGE SURAT","GEN","GUJCET Based","Govt / GIA","32551.00","50606.00"
"ENVIRONMENTAL
ENGINEERING","DR. S & S.S.GHANDHI GOVERNMENT
ENGINEERING COLLEGE SURAT","GEN","JEE Based","Govt / GIA","910583.00","931210.00"
"ENVIRONMENTAL
ENGINEERING","L.D.COLLEGE OF ENGINEERING, AHMEDABAD","EWS","GUJCET Based","Govt / GIA","21266.00","24781.00"
"ENVIRONMENTAL
ENGINEERING","L.D.COLLEGE OF ENGINEERING, AHMEDABAD","GEN","GUJCET Based","Govt / GIA","2599.00","19536.00"
"ENVIRONMENTAL
ENGINEERING","L.D.COLLEGE OF ENGINEERING, AHMEDABAD","SEBC","GUJCET Based","Govt / GIA","23222.00","23222.00"
"ENVIRONMENTAL
ENGINEERING","L.D.COLLEGE OF ENGINEERING, AHMEDABAD","ST","GUJCET Based","Govt / GIA","25335.00","25335.00"
"ENVIRONMENTAL
ENGINEERING","L.D.COLLEGE OF ENGINEERING, AHMEDABAD","EWS","JEE Based","Govt / GIA","908103.00","908103.00"
"ENVIRONMENTAL
ENGINEERING","L.D.COLLEGE OF ENGINEERING, AHMEDABAD","GEN","JEE Based","Govt / GIA","902748.00","902748.00"
"FOOD ENGINEERING AND
TECHNOLOGY","SHREE PAREKH ENGINEEIRNG COLLEGE,
MAHUVA","GEN","GUJCET Based","Self-Finance","30589.00","30589.00"
"FOOD PROCESSING
TECHNOLOGY","A.D.PATEL INSTITUTE OF TECH.,KARAMSAD","GEN","GUJCET Based","Self-Finance","12159.00","50523.00"
"FOOD TECHNOLOGY","GANPAT UNIVERSITY, U.V.PATEL COLLEGE OF
ENGINEERING, KHERVA, MEHSANA","GEN","GUJCET Based","Self-Finance","1209.00","36547.00"
"FOOD TECHNOLOGY","KRISHNA SCHOOL OF TECHNOLOGY, VARNAMA,
VADODARA","GEN","GUJCET Based","Self-Finance","35001.00","50028.00"
"FOOD TECHNOLOGY","PARUL INSTITUTE OF TECHNOLOGY,
WAGHODIA, VADODARA","GEN","GUJCET Based","Self-Finance","14966.00","28258.00"
"FOOD TECHNOLOGY -TFW","KRISHNA SCHOOL OF TECHNOLOGY, VARNAMA,
VADODARA","TFWs","GUJCET Based","Self-Finance","14189.00","19919.00"
"FOOD TECHNOLOGY -TFW","PARUL INSTITUTE OF TECHNOLOGY,
WAGHODIA, VADODARA","TFWs","GUJCET Based","Self-Finance","21365.00","21365.00"
"HONS. IN ICT WITH MINOR
IN COMPUTATIONAL
SCIENCE (CS)","DHIRUBHAI AMBANI INSTITUTE OF INFO. &
COMM. TECH., GANDHINAGAR","SEBC","GUJCET Based","Self-Finance","430.00","460.00"
"INFORMATION &
COMMUNICATION
TECHNOLOGY","ADANI UNIVERSITY - FACULTY OF ENGINEERING
SCIENCES & TECHNOLOGY (AU-FEST),
AHMEDABAD","EWS","GUJCET Based","Self-Finance","9010.00","9777.00"
"Course_name","Inst_Name","Alloted_
Cat","Quota","Institute Type","First Rank","Last Rank"
"INFORMATION &
COMMUNICATION
TECHNOLOGY","ADANI UNIVERSITY - FACULTY OF ENGINEERING
SCIENCES & TECHNOLOGY (AU-FEST),
AHMEDABAD","GEN","GUJCET Based","Self-Finance","5752.00","8940.00"
"INFORMATION &
COMMUNICATION
TECHNOLOGY","ADANI UNIVERSITY - FACULTY OF ENGINEERING
SCIENCES & TECHNOLOGY (AU-FEST),
AHMEDABAD","SC","GUJCET Based","Self-Finance","18098.00","18098.00"
"INFORMATION &
COMMUNICATION
TECHNOLOGY","ADANI UNIVERSITY - FACULTY OF ENGINEERING
SCIENCES & TECHNOLOGY (AU-FEST),
AHMEDABAD","SEBC","GUJCET Based","Self-Finance","15530.00","22043.00"
"INFORMATION &
COMMUNICATION
TECHNOLOGY","CHHOTUBHAI GOPALBHAI PATEL INSTITUTE OF
TECH., TARSADI, BARDOLI","GEN","GUJCET Based","Self-Finance","17796.00","17796.00"
"INFORMATION &
COMMUNICATION
TECHNOLOGY","DHIRUBHAI AMBANI INSTITUTE OF INFO. &
COMM. TECH., GANDHINAGAR","GEN","GUJCET Based","Self-Finance","139.00","139.00"
"INFORMATION &
COMMUNICATION
TECHNOLOGY","DHIRUBHAI AMBANI INSTITUTE OF INFO. &
COMM. TECH., GANDHINAGAR","SC","GUJCET Based","Self-Finance","1341.00","1341.00"
"INFORMATION &
COMMUNICATION
TECHNOLOGY","DHIRUBHAI AMBANI INSTITUTE OF INFO. &
COMM. TECH., GANDHINAGAR","SEBC","GUJCET Based","Self-Finance","468.00","515.00"
"INFORMATION &
COMMUNICATION
TECHNOLOGY","DHIRUBHAI AMBANI INSTITUTE OF INFO. &
COMM. TECH., GANDHINAGAR","ST","GUJCET Based","Self-Finance","15440.00","18285.00"
"INFORMATION &
COMMUNICATION
TECHNOLOGY","G.H.PATEL COLLEGE OF ENGG. & TECH. , V. V.
NAGAR","EWS","GUJCET Based","Self-Finance","17076.00","17430.00"
"INFORMATION &
COMMUNICATION
TECHNOLOGY","G.H.PATEL COLLEGE OF ENGG. & TECH. , V. V.
NAGAR","GEN","GUJCET Based","Self-Finance","7899.00","14506.00"
"INFORMATION &
COMMUNICATION
TECHNOLOGY","G.H.PATEL COLLEGE OF ENGG. & TECH. , V. V.
NAGAR","SEBC","GUJCET Based","Self-Finance","23714.00","36454.00"
"INFORMATION &
COMMUNICATION
TECHNOLOGY","GANDHINAGAR INSTITUTE OF TECHNOLOGY,
MOTI BHOYAN, KALOL, GANDHINAGAR","GEN","GUJCET Based","Self-Finance","33219.00","33219.00"
"INFORMATION &
COMMUNICATION
TECHNOLOGY","GOVERNMENT ENGINEERING COLLEGE,
BHAVNAGAR","EWS","GUJCET Based","Govt / GIA","19569.00","23904.00"
"INFORMATION &
COMMUNICATION
TECHNOLOGY","GOVERNMENT ENGINEERING COLLEGE,
BHAVNAGAR","GEN","GUJCET Based","Govt / GIA","13051.00","19401.00"
"INFORMATION &
COMMUNICATION
TECHNOLOGY","GOVERNMENT ENGINEERING COLLEGE,
BHAVNAGAR","SC","GUJCET Based","Govt / GIA","39870.00","39870.00"
"INFORMATION &
COMMUNICATION
TECHNOLOGY","GOVERNMENT ENGINEERING COLLEGE,
BHAVNAGAR","SEBC","GUJCET Based","Govt / GIA","22463.00","32042.00"
"INFORMATION &
COMMUNICATION
TECHNOLOGY","GOVERNMENT ENGINEERING COLLEGE,
BHAVNAGAR","EWS","JEE Based","Govt / GIA","904580.00","904580.00"
"INFORMATION &
COMMUNICATION
TECHNOLOGY","GOVERNMENT ENGINEERING COLLEGE,
BHAVNAGAR","GEN","JEE Based","Govt / GIA","902235.00","902235.00"
"INFORMATION &
COMMUNICATION
TECHNOLOGY","GOVERNMENT ENGINEERING COLLEGE,
BHAVNAGAR","SC","JEE Based","Govt / GIA","926903.00","926903.00"
"INFORMATION &
COMMUNICATION
TECHNOLOGY","MARWADI EDUCATION FOUNDATION'S GROUP
OF INSTITUTIONS - FACULTY OF ENGINEERING &
TECHNOLOGY, RAJKOT","EWS","GUJCET Based","Self-Finance","22458.00","22458.00"
"INFORMATION &
COMMUNICATION
TECHNOLOGY","MARWADI EDUCATION FOUNDATION'S GROUP
OF INSTITUTIONS - FACULTY OF ENGINEERING &
TECHNOLOGY, RAJKOT","GEN","GUJCET Based","Self-Finance","17388.00","17388.00"
"Course_name","Inst_Name","Alloted_
Cat","Quota","Institute Type","First Rank","Last Rank"
"INFORMATION &
COMMUNICATION
TECHNOLOGY","PANDIT DEENDAYAL ENERGY UNIVERSITY
,GANDHINAGAR","ESM","GUJCET Based","Self-Finance","5885.00","5885.00"
"INFORMATION &
COMMUNICATION
TECHNOLOGY","PANDIT DEENDAYAL ENERGY UNIVERSITY
,GANDHINAGAR","EWS","GUJCET Based","Self-Finance","3995.00","6284.00"
"INFORMATION &
COMMUNICATION
TECHNOLOGY","PANDIT DEENDAYAL ENERGY UNIVERSITY
,GANDHINAGAR","GEN","GUJCET Based","Self-Finance","2994.00","3869.00"
"INFORMATION &
COMMUNICATION
TECHNOLOGY","PANDIT DEENDAYAL ENERGY UNIVERSITY
,GANDHINAGAR","SC","GUJCET Based","Self-Finance","12032.00","12032.00"
"INFORMATION &
COMMUNICATION
TECHNOLOGY","PANDIT DEENDAYAL ENERGY UNIVERSITY
,GANDHINAGAR","SEBC","GUJCET Based","Self-Finance","6299.00","8504.00"
"INFORMATION &
COMMUNICATION
TECHNOLOGY","PANDIT DEENDAYAL ENERGY UNIVERSITY
,GANDHINAGAR","EWS","JEE Based","Self-Finance","902165.00","902320.00"
"INFORMATION &
COMMUNICATION
TECHNOLOGY","PANDIT DEENDAYAL ENERGY UNIVERSITY
,GANDHINAGAR","GEN","JEE Based","Self-Finance","901262.00","902091.00"
"INFORMATION &
COMMUNICATION
TECHNOLOGY","PANDIT DEENDAYAL ENERGY UNIVERSITY
,GANDHINAGAR","SC","JEE Based","Self-Finance","907336.00","907336.00"
"INFORMATION &
COMMUNICATION
TECHNOLOGY","PANDIT DEENDAYAL ENERGY UNIVERSITY
,GANDHINAGAR","SEBC","JEE Based","Self-Finance","902743.00","903349.00"
"INFORMATION &
COMMUNICATION
TECHNOLOGY","VISHWAKARMA GOVERNMENT ENGINEERING
COLLEGE, CHANDKHEDA,GANDHINAGAR","ESM","GUJCET Based","Govt / GIA","16308.00","16308.00"
"INFORMATION &
COMMUNICATION
TECHNOLOGY","VISHWAKARMA GOVERNMENT ENGINEERING
COLLEGE, CHANDKHEDA,GANDHINAGAR","EWS","GUJCET Based","Govt / GIA","4002.00","4302.00"
"INFORMATION &
COMMUNICATION
TECHNOLOGY","VISHWAKARMA GOVERNMENT ENGINEERING
COLLEGE, CHANDKHEDA,GANDHINAGAR","GEN","GUJCET Based","Govt / GIA","2848.00","3321.00"
"INFORMATION &
COMMUNICATION
TECHNOLOGY","VISHWAKARMA GOVERNMENT ENGINEERING
COLLEGE, CHANDKHEDA,GANDHINAGAR","SC","GUJCET Based","Govt / GIA","6270.00","14555.00"
"INFORMATION &
COMMUNICATION
TECHNOLOGY","VISHWAKARMA GOVERNMENT ENGINEERING
COLLEGE, CHANDKHEDA,GANDHINAGAR","SEBC","GUJCET Based","Govt / GIA","3339.00","5620.00"
"INFORMATION &
COMMUNICATION
TECHNOLOGY","VISHWAKARMA GOVERNMENT ENGINEERING
COLLEGE, CHANDKHEDA,GANDHINAGAR","GEN","JEE Based","Govt / GIA","900725.00","900725.00"
"INFORMATION &
COMMUNICATION
TECHNOLOGY","VISHWAKARMA GOVERNMENT ENGINEERING
COLLEGE, CHANDKHEDA,GANDHINAGAR","SEBC","JEE Based","Govt / GIA","902326.00","902326.00"
"INFORMATION &
COMMUNICATION
TECHNOLOGY - TFWS","BHAGWAN MAHAVIR COLLEGE OF ENGG. AND
TECH., SURAT","TFWs","GUJCET Based","Self-Finance","19487.00","36979.00"
"INFORMATION &
COMMUNICATION
TECHNOLOGY - TFWS","G.H.PATEL COLLEGE OF ENGG. & TECH. , V. V.
NAGAR","TFWs","GUJCET Based","Self-Finance","5911.00","7922.00"
"INFORMATION &
COMMUNICATION
TECHNOLOGY - TFWS","GOVERNMENT ENGINEERING COLLEGE,
BHAVNAGAR","TFWs","GUJCET Based","Govt / GIA","11045.00","11045.00"
"INFORMATION &
COMMUNICATION
TECHNOLOGY - TFWS","PANDIT DEENDAYAL ENERGY UNIVERSITY
,GANDHINAGAR","TFWs","GUJCET Based","Self-Finance","1333.00","1381.00"
"INFORMATION &
COMMUNICATION
TECHNOLOGY - TFWS","UNITEDWORLD INSTITUTE OF TECHNOLOGY,
UVARSAD, GANDHINAGAR","TFWs","GUJCET Based","Self-Finance","13868.00","13868.00"
"Course_name","Inst_Name","Alloted_
Cat","Quota","Institute Type","First Rank","Last Rank"
"INFORMATION &
COMMUNICATION
TECHNOLOGY - TFWS","VISHWAKARMA GOVERNMENT ENGINEERING
COLLEGE, CHANDKHEDA,GANDHINAGAR","TFWs","GUJCET Based","Govt / GIA","2294.00","2294.00"
"INFORMATION
TECHNOLOGY","A.D.PATEL INSTITUTE OF TECH.,KARAMSAD","EWS","GUJCET Based","Self-Finance","15948.00","17417.00"
"INFORMATION
TECHNOLOGY","A.D.PATEL INSTITUTE OF TECH.,KARAMSAD","GEN","GUJCET Based","Self-Finance","10671.00","15751.00"
"INFORMATION
TECHNOLOGY","A.D.PATEL INSTITUTE OF TECH.,KARAMSAD","SC","GUJCET Based","Self-Finance","30715.00","30715.00"
"INFORMATION
TECHNOLOGY","A.D.PATEL INSTITUTE OF TECH.,KARAMSAD","SEBC","GUJCET Based","Self-Finance","20295.00","35209.00"
"INFORMATION
TECHNOLOGY","ADITYA SILVER OAK INSTITUTE OF TECHNOLOGY
(WITHIN LIMITS OF AHMEDABAD MUNICIPAL
CORPORATION) AHMEDABAD","GEN","GUJCET Based","Self-Finance","22699.00","39354.00"
"INFORMATION
TECHNOLOGY","AHMEDABAD INSTITUTE OF TECH, AHMEDABAD","GEN","GUJCET Based","Self-Finance","15947.00","36502.00"
"INFORMATION
TECHNOLOGY","APOLLO INSTITUTE OF ENGINEERING &
TECHNOLOGY AHMEDABAD","GEN","GUJCET Based","Self-Finance","12942.00","33883.00"
"INFORMATION
TECHNOLOGY","ASHA M. TARSADIA INSTITUTE OF COMPUTER
SCIENCE & TECH. BARDOLI","GEN","GUJCET Based","Self-Finance","21458.00","38887.00"
"INFORMATION
TECHNOLOGY","BHAGWAN ARIHANT INSTITUTE OF TECH.,
SURAT","GEN","GUJCET Based","Self-Finance","26274.00","50052.00"
"INFORMATION
TECHNOLOGY","BIRLA VISHVAKARMA MAHA VIDHYLAYA(SFI),
V.V.NAGAR","EWS","GUJCET Based","Self-Finance","4456.00","5109.00"
"INFORMATION
TECHNOLOGY","BIRLA VISHVAKARMA MAHA VIDHYLAYA(SFI),
V.V.NAGAR","GEN","GUJCET Based","Self-Finance","2875.00","4335.00"
"INFORMATION
TECHNOLOGY","BIRLA VISHVAKARMA MAHA VIDHYLAYA(SFI),
V.V.NAGAR","SC","GUJCET Based","Self-Finance","18804.00","33969.00"
"INFORMATION
TECHNOLOGY","BIRLA VISHVAKARMA MAHA VIDHYLAYA(SFI),
V.V.NAGAR","SEBC","GUJCET Based","Self-Finance","4666.00","8431.00"
"INFORMATION
TECHNOLOGY","C. K. PITHAWALA COLLEGE OF ENGG. & TECH.,
SURAT","EWS","GUJCET Based","Self-Finance","25698.00","27218.00"
"INFORMATION
TECHNOLOGY","C. K. PITHAWALA COLLEGE OF ENGG. & TECH.,
SURAT","GEN","GUJCET Based","Self-Finance","18740.00","25322.00"
"INFORMATION
TECHNOLOGY","C. K. PITHAWALA COLLEGE OF ENGG. & TECH.,
SURAT","SEBC","GUJCET Based","Self-Finance","29893.00","29893.00"
"INFORMATION
TECHNOLOGY","CHAROTAR UNIVERSITY OF SCIENCE &
TECHNOLOGY (CHARUSAT) - CHANDUBHAI S
PATEL INSTITUTE OF TECHNOLOGY (CSPIT),
CHANGA","EWS","GUJCET Based","Self-Finance","5631.00","6090.00"
"INFORMATION
TECHNOLOGY","CHAROTAR UNIVERSITY OF SCIENCE &
TECHNOLOGY (CHARUSAT) - CHANDUBHAI S
PATEL INSTITUTE OF TECHNOLOGY (CSPIT),
CHANGA","GEN","GUJCET Based","Self-Finance","4200.00","5586.00"
"INFORMATION
TECHNOLOGY","CHAROTAR UNIVERSITY OF SCIENCE &
TECHNOLOGY (CHARUSAT) - CHANDUBHAI S
PATEL INSTITUTE OF TECHNOLOGY (CSPIT),
CHANGA","SC","GUJCET Based","Self-Finance","22290.00","31007.00"
"INFORMATION
TECHNOLOGY","CHAROTAR UNIVERSITY OF SCIENCE &
TECHNOLOGY (CHARUSAT) - CHANDUBHAI S
PATEL INSTITUTE OF TECHNOLOGY (CSPIT),
CHANGA","SEBC","GUJCET Based","Self-Finance","8525.00","13646.00"
"INFORMATION
TECHNOLOGY","CHAROTAR UNIVERSITY OF SCIENCE &
TECHNOLOGY (CHARUSAT) - DEVANG PATEL
INSTITUTE OF ADVANCE TECHNOLOGY AND
RESEARCH (DEPSTAR), CHANGA","EWS","GUJCET Based","Self-Finance","8181.00","8524.00"
"INFORMATION
TECHNOLOGY","CHAROTAR UNIVERSITY OF SCIENCE &
TECHNOLOGY (CHARUSAT) - DEVANG PATEL
INSTITUTE OF ADVANCE TECHNOLOGY AND
RESEARCH (DEPSTAR), CHANGA","GEN","GUJCET Based","Self-Finance","6267.00","7620.00"
"Course_name","Inst_Name","Alloted_
Cat","Quota","Institute Type","First Rank","Last Rank"
"INFORMATION
TECHNOLOGY","CHAROTAR UNIVERSITY OF SCIENCE &
TECHNOLOGY (CHARUSAT) - DEVANG PATEL
INSTITUTE OF ADVANCE TECHNOLOGY AND
RESEARCH (DEPSTAR), CHANGA","SC","GUJCET Based","Self-Finance","27724.00","27724.00"
"INFORMATION
TECHNOLOGY","CHAROTAR UNIVERSITY OF SCIENCE &
TECHNOLOGY (CHARUSAT) - DEVANG PATEL
INSTITUTE OF ADVANCE TECHNOLOGY AND
RESEARCH (DEPSTAR), CHANGA","SEBC","GUJCET Based","Self-Finance","14471.00","18009.00"
"INFORMATION
TECHNOLOGY","DR. JIVRAJ MEHTA INSTITUTE OF TECHNOLOGY,
ANAND","GEN","GUJCET Based","Self-Finance","18652.00","32702.00"
"INFORMATION
TECHNOLOGY","FACULTY OF TECHNOLOGY(SFI), DHARMSINH
DESAI UNIVERSITY, NADIAD","EWS","GUJCET Based","Self-Finance","1501.00","2021.00"
"INFORMATION
TECHNOLOGY","FACULTY OF TECHNOLOGY(SFI), DHARMSINH
DESAI UNIVERSITY, NADIAD","GEN","GUJCET Based","Self-Finance","1259.00","1493.00"
"INFORMATION
TECHNOLOGY","FACULTY OF TECHNOLOGY(SFI), DHARMSINH
DESAI UNIVERSITY, NADIAD","SC","GUJCET Based","Self-Finance","9447.00","12162.00"
"INFORMATION
TECHNOLOGY","FACULTY OF TECHNOLOGY(SFI), DHARMSINH
DESAI UNIVERSITY, NADIAD","SEBC","GUJCET Based","Self-Finance","1538.00","3462.00"
"INFORMATION
TECHNOLOGY","FACULTY OF TECHNOLOGY(SFI), DHARMSINH
DESAI UNIVERSITY, NADIAD","ST","GUJCET Based","Self-Finance","24857.50","24857.50"
"INFORMATION
TECHNOLOGY","G.H.PATEL COLLEGE OF ENGG. & TECH. , V. V.
NAGAR","EWS","GUJCET Based","Self-Finance","7737.00","8466.00"
"INFORMATION
TECHNOLOGY","G.H.PATEL COLLEGE OF ENGG. & TECH. , V. V.
NAGAR","GEN","GUJCET Based","Self-Finance","5517.00","7606.00"
"INFORMATION
TECHNOLOGY","G.H.PATEL COLLEGE OF ENGG. & TECH. , V. V.
NAGAR","SC","GUJCET Based","Self-Finance","40007.00","40007.00"
"INFORMATION
TECHNOLOGY","G.H.PATEL COLLEGE OF ENGG. & TECH. , V. V.
NAGAR","SEBC","GUJCET Based","Self-Finance","8572.00","18202.00"
"INFORMATION
TECHNOLOGY","GANDHINAGAR INSTITUTE OF TECHNOLOGY,
MOTI BHOYAN, KALOL, GANDHINAGAR","GEN","GUJCET Based","Self-Finance","12192.00","35353.00"
"INFORMATION
TECHNOLOGY","GANPAT UNIVERSITY, U.V.PATEL COLLEGE OF
ENGINEERING, KHERVA, MEHSANA","GEN","GUJCET Based","Self-Finance","15725.00","50415.00"
"INFORMATION
TECHNOLOGY","GOVERNMENT ENGINEERING COLLEGE,
BHAVNAGAR","EWS","GUJCET Based","Govt / GIA","7612.00","9615.00"
"INFORMATION
TECHNOLOGY","GOVERNMENT ENGINEERING COLLEGE,
BHAVNAGAR","GEN","GUJCET Based","Govt / GIA","7041.00","7150.00"
"INFORMATION
TECHNOLOGY","GOVERNMENT ENGINEERING COLLEGE,
BHAVNAGAR","SC","GUJCET Based","Govt / GIA","36989.00","36989.00"
"INFORMATION
TECHNOLOGY","GOVERNMENT ENGINEERING COLLEGE,
BHAVNAGAR","SEBC","GUJCET Based","Govt / GIA","10585.00","12545.00"
"INFORMATION
TECHNOLOGY","GOVERNMENT ENGINEERING COLLEGE,
BHAVNAGAR","ST","GUJCET Based","Govt / GIA","38900.00","38900.00"
"INFORMATION
TECHNOLOGY","GOVERNMENT ENGINEERING COLLEGE,
MODASA","EWS","GUJCET Based","Govt / GIA","18604.00","21999.00"
"INFORMATION
TECHNOLOGY","GOVERNMENT ENGINEERING COLLEGE,
MODASA","GEN","GUJCET Based","Govt / GIA","9372.00","18141.00"
"INFORMATION
TECHNOLOGY","GOVERNMENT ENGINEERING COLLEGE,
MODASA","SC","GUJCET Based","Govt / GIA","23194.00","31053.00"
"INFORMATION
TECHNOLOGY","GOVERNMENT ENGINEERING COLLEGE,
MODASA","SEBC","GUJCET Based","Govt / GIA","20490.00","25089.00"
"INFORMATION
TECHNOLOGY","GOVERNMENT ENGINEERING COLLEGE,
MODASA","ST","GUJCET Based","Govt / GIA","28390.00","28390.00"
"INFORMATION
TECHNOLOGY","GOVERNMENT ENGINEERING COLLEGE,
MODASA","GEN","JEE Based","Govt / GIA","904413.00","905753.00"
"INFORMATION
TECHNOLOGY","GOVERNMENT ENGINEERING COLLEGE,
MODASA","SEBC","JEE Based","Govt / GIA","909721.00","909757.00"
"INFORMATION
TECHNOLOGY","GOVERNMENT ENGINEERING COLLEGE, SECTOR
28 GANDHINAGAR","ESM","GUJCET Based","Govt / GIA","23791.00","23791.00"
"INFORMATION
TECHNOLOGY","GOVERNMENT ENGINEERING COLLEGE, SECTOR
28 GANDHINAGAR","EWS","GUJCET Based","Govt / GIA","4376.00","4614.00"
"INFORMATION
TECHNOLOGY","GOVERNMENT ENGINEERING COLLEGE, SECTOR
28 GANDHINAGAR","GEN","GUJCET Based","Govt / GIA","3540.00","4018.00"
"Course_name","Inst_Name","Alloted_
Cat","Quota","Institute Type","First Rank","Last Rank"
"INFORMATION
TECHNOLOGY","GOVERNMENT ENGINEERING COLLEGE, SECTOR
28 GANDHINAGAR","SC","GUJCET Based","Govt / GIA","14864.00","15186.00"
"INFORMATION
TECHNOLOGY","GOVERNMENT ENGINEERING COLLEGE, SECTOR
28 GANDHINAGAR","SEBC","GUJCET Based","Govt / GIA","4484.00","6504.00"
"INFORMATION
TECHNOLOGY","GOVERNMENT ENGINEERING COLLEGE, SECTOR
28 GANDHINAGAR","ST","GUJCET Based","Govt / GIA","26540.00","34799.00"
"INFORMATION
TECHNOLOGY","GOVERNMENT ENGINEERING COLLEGE, SECTOR
28 GANDHINAGAR","GEN","JEE Based","Govt / GIA","901241.00","901534.00"
"INFORMATION
TECHNOLOGY","GOVERNMENT ENGINEERING COLLEGE, SECTOR
28 GANDHINAGAR","SEBC","JEE Based","Govt / GIA","902887.00","902887.00"
"INFORMATION
TECHNOLOGY","GROW MORE FACULTY OF ENGINEERING,
BERNA, HIMMATNAGAR","GEN","GUJCET Based","Self-Finance","26237.00","26237.00"
"INFORMATION
TECHNOLOGY","INDUS INSTITUTE OF TECH. & ENGG.,
RACHARDA, AHMEDABAD","GEN","GUJCET Based","Self-Finance","20939.00","50481.00"
"INFORMATION
TECHNOLOGY","INSTITUTE OF ADVANCED RESEARCH,
GANDHINAGAR","GEN","GUJCET Based","Self-Finance","9230.00","50350.00"
"INFORMATION
TECHNOLOGY","ITM (SLS) BARODA UNIVERSITY (FORMERLY
KNOWN AS ITM UNIVERSE), VADODARA","GEN","GUJCET Based","Self-Finance","13905.00","14893.00"
"INFORMATION
TECHNOLOGY","JG UNIVERSITY - SCHOOL OF ENGINEERING,
AHMEDABAD","GEN","GUJCET Based","Self-Finance","20020.00","35184.00"
"INFORMATION
TECHNOLOGY","K.J. INSTITUTE OF ENGG. AND TECH., SAVALI","GEN","GUJCET Based","Self-Finance","35344.00","50421.00"
"INFORMATION
TECHNOLOGY","L.D.COLLEGE OF ENGINEERING, AHMEDABAD","EWS","GUJCET Based","Govt / GIA","1184.00","1404.00"
"INFORMATION
TECHNOLOGY","L.D.COLLEGE OF ENGINEERING, AHMEDABAD","GEN","GUJCET Based","Govt / GIA","956.00","1073.00"
"INFORMATION
TECHNOLOGY","L.D.COLLEGE OF ENGINEERING, AHMEDABAD","SC","GUJCET Based","Govt / GIA","5922.00","5922.00"
"INFORMATION
TECHNOLOGY","L.D.COLLEGE OF ENGINEERING, AHMEDABAD","SEBC","GUJCET Based","Govt / GIA","1260.00","1708.00"
"INFORMATION
TECHNOLOGY","L.D.COLLEGE OF ENGINEERING, AHMEDABAD","ST","GUJCET Based","Govt / GIA","17249.00","17249.00"
"INFORMATION
TECHNOLOGY","L.D.COLLEGE OF ENGINEERING, AHMEDABAD","EWS","JEE Based","Govt / GIA","900949.00","900949.00"
"INFORMATION
TECHNOLOGY","L.D.COLLEGE OF ENGINEERING, AHMEDABAD","GEN","JEE Based","Govt / GIA","900307.00","900307.00"
"INFORMATION
TECHNOLOGY","L.D.COLLEGE OF ENGINEERING, AHMEDABAD","SEBC","JEE Based","Govt / GIA","901411.00","901411.00"
"INFORMATION
TECHNOLOGY","L.D.COLLEGE OF ENGINEERING, AHMEDABAD","ST","JEE Based","Govt / GIA","912047.00","912047.00"
"INFORMATION
TECHNOLOGY","L.D.R.P. INSTITUTE OF TECH. & RESEARCH.,
GANDHINAGAR","EWS","GUJCET Based","Self-Finance","33510.00","38472.00"
"INFORMATION
TECHNOLOGY","L.D.R.P. INSTITUTE OF TECH. & RESEARCH.,
GANDHINAGAR","GEN","GUJCET Based","Self-Finance","6517.00","33154.00"
"INFORMATION
TECHNOLOGY","L.D.R.P. INSTITUTE OF TECH. & RESEARCH.,
GANDHINAGAR","SC","GUJCET Based","Self-Finance","34706.00","50228.00"
"INFORMATION
TECHNOLOGY","L.E.COLLEGE ,MORBI","EWS","GUJCET Based","Govt / GIA","15798.00","18596.00"
"INFORMATION
TECHNOLOGY","L.E.COLLEGE ,MORBI","GEN","GUJCET Based","Govt / GIA","10392.00","13989.00"
"INFORMATION
TECHNOLOGY","L.E.COLLEGE ,MORBI","SEBC","GUJCET Based","Govt / GIA","14070.00","18240.00"
"INFORMATION
TECHNOLOGY","L.E.COLLEGE ,MORBI","GEN","JEE Based","Govt / GIA","905309.00","905309.00"
"INFORMATION
TECHNOLOGY","L.E.COLLEGE ,MORBI","SEBC","JEE Based","Govt / GIA","905396.00","905396.00"
"INFORMATION
TECHNOLOGY","L.J. INSTITUTE OF ENGG AND TECH.,
AHMEDABAD","EWS","GUJCET Based","Self-Finance","15252.00","18928.00"
"INFORMATION
TECHNOLOGY","L.J. INSTITUTE OF ENGG AND TECH.,
AHMEDABAD","GEN","GUJCET Based","Self-Finance","11300.00","15068.00"
"INFORMATION
TECHNOLOGY","L.J. INSTITUTE OF ENGG AND TECH.,
AHMEDABAD","SC","GUJCET Based","Self-Finance","27564.00","27564.00"
"INFORMATION
TECHNOLOGY","L.J. INSTITUTE OF ENGG AND TECH.,
AHMEDABAD","SEBC","GUJCET Based","Self-Finance","20783.00","29312.00"
"Course_name","Inst_Name","Alloted_
Cat","Quota","Institute Type","First Rank","Last Rank"
"INFORMATION
TECHNOLOGY","MADHUBEN & BHANUBHAI PATEL INSTITUTE OF
TECHNOLOGY, NEW V.V.NAGAR","GEN","GUJCET Based","Self-Finance","2877.00","50590.00"
"INFORMATION
TECHNOLOGY","MARWADI EDUCATION FOUNDATION'S GROUP
OF INSTITUTIONS - FACULTY OF ENGINEERING &
TECHNOLOGY, RAJKOT","GEN","GUJCET Based","Self-Finance","24080.00","38647.00"
"INFORMATION
TECHNOLOGY","P.P. SAVANI SCHOOL OF ENGINEERING, P.P.
SAVANI UNIVERSITY, KOSAMBA","GEN","GUJCET Based","Self-Finance","17465.00","37918.00"
"INFORMATION
TECHNOLOGY","PARUL INSTITUTE OF ENGINEERING &
TECHNOLOGY, WAGHODIA, VADODARA","GEN","GUJCET Based","Self-Finance","26252.00","34322.00"
"INFORMATION
TECHNOLOGY","R.K. UNIVERSITY - SCHOOL OF ENGINEERING,
RAJKOT","GEN","GUJCET Based","Self-Finance","14005.00","19269.00"
"INFORMATION
TECHNOLOGY","R.N.G. PATEL INSTITUTE OF TECHNOLOGY-
RNGPIT (FETR), BARDOLI","GEN","GUJCET Based","Self-Finance","11950.00","31618.00"
"INFORMATION
TECHNOLOGY","SAL COLLEGE OF ENGINEERING , AHMEDABAD","GEN","GUJCET Based","Self-Finance","11206.00","39719.00"
"INFORMATION
TECHNOLOGY","SAL ENGINEERING &TECHNICAL INSTITUTE,
SOLA, AHMEDABAD","GEN","GUJCET Based","Self-Finance","13731.00","39905.00"
"INFORMATION
TECHNOLOGY","SANKALCHAND PATEL COLLEGE OF ENGG.,
VISNAGAR","GEN","GUJCET Based","Self-Finance","17710.00","35889.00"
"INFORMATION
TECHNOLOGY","SARDAR PATEL COLLEGE OF ENGINEERING,
BAKROL ANAND","GEN","GUJCET Based","Self-Finance","23770.00","50179.00"
"INFORMATION
TECHNOLOGY","SARDAR VALLABHBHAI PATEL INSTITUTE OF
TECH.,VASAD","EWS","GUJCET Based","Self-Finance","19155.00","26533.00"
"INFORMATION
TECHNOLOGY","SARDAR VALLABHBHAI PATEL INSTITUTE OF
TECH.,VASAD","GEN","GUJCET Based","Self-Finance","13997.00","18933.00"
"INFORMATION
TECHNOLOGY","SARDAR VALLABHBHAI PATEL INSTITUTE OF
TECH.,VASAD","SC","GUJCET Based","Self-Finance","27770.00","28433.00"
"INFORMATION
TECHNOLOGY","SARDAR VALLABHBHAI PATEL INSTITUTE OF
TECH.,VASAD","SEBC","GUJCET Based","Self-Finance","25174.00","50320.00"
"INFORMATION
TECHNOLOGY","SARVAJANIK COLLEGE OF ENGG. & TECH. ,
SURAT","EWS","GUJCET Based","Self-Finance","10025.00","12069.00"
"INFORMATION
TECHNOLOGY","SARVAJANIK COLLEGE OF ENGG. & TECH. ,
SURAT","GEN","GUJCET Based","Self-Finance","4926.00","9900.00"
"INFORMATION
TECHNOLOGY","SARVAJANIK COLLEGE OF ENGG. & TECH. ,
SURAT","SC","GUJCET Based","Self-Finance","28249.00","28249.00"
"INFORMATION
TECHNOLOGY","SARVAJANIK COLLEGE OF ENGG. & TECH. ,
SURAT","SEBC","GUJCET Based","Self-Finance","12293.00","20142.00"
"INFORMATION
TECHNOLOGY","SCHOOL OF ENGINEERING, INDRASHIL
UNIVERSITY, KADI","GEN","GUJCET Based","Self-Finance","28014.00","28014.00"
"INFORMATION
TECHNOLOGY","SHANKERSINH VAGHELA BAPU INSTITUTE OF
TECH., UNAVA, GANDHINAGAR","GEN","GUJCET Based","Self-Finance","21900.00","21900.00"
"INFORMATION
TECHNOLOGY","SHANTILAL SHAH ENGINEERING COLLEGE
,BHAVNAGAR","EWS","GUJCET Based","Govt / GIA","16520.00","20027.00"
"INFORMATION
TECHNOLOGY","SHANTILAL SHAH ENGINEERING COLLEGE
,BHAVNAGAR","GEN","GUJCET Based","Govt / GIA","11305.00","15545.00"
"INFORMATION
TECHNOLOGY","SHANTILAL SHAH ENGINEERING COLLEGE
,BHAVNAGAR","SEBC","GUJCET Based","Govt / GIA","15848.00","20282.00"
"INFORMATION
TECHNOLOGY","SHANTILAL SHAH ENGINEERING COLLEGE
,BHAVNAGAR","GEN","JEE Based","Govt / GIA","902304.00","902924.00"
"INFORMATION
TECHNOLOGY","SHANTILAL SHAH ENGINEERING COLLEGE
,BHAVNAGAR","SC","JEE Based","Govt / GIA","922087.00","922087.00"
"INFORMATION
TECHNOLOGY","SHREE PAREKH ENGINEEIRNG COLLEGE,
MAHUVA","GEN","GUJCET Based","Self-Finance","11331.00","11331.00"
"INFORMATION
TECHNOLOGY","SHREE SWAMINARAYAN INSTITUTE OF
TECHNOLOGY, BHAT, GANDHINAGAR","GEN","GUJCET Based","Self-Finance","17811.00","34008.00"
"INFORMATION
TECHNOLOGY","SHRI SADVIDHYA MANDAL INSTITUTE OF TECH.,
BHARUCH","GEN","GUJCET Based","Self-Finance","33082.00","50494.00"
"INFORMATION
TECHNOLOGY","SHRI SITARAM N PATEL INST. OF TECH. & RES.
(SNPIT), BARDOLI, UMRAKH (VIDHYABHARTI
TRUST)","GEN","GUJCET Based","Self-Finance","38357.00","50095.00"
"INFORMATION
TECHNOLOGY","SHRI SWAMI ATMANAND SARASWATI INSTITUTE
OF TECH., SURAT","EWS","GUJCET Based","Self-Finance","22923.00","23242.00"
"INFORMATION
TECHNOLOGY","SHRI SWAMI ATMANAND SARASWATI INSTITUTE
OF TECH., SURAT","GEN","GUJCET Based","Self-Finance","18785.00","21996.00"
"Course_name","Inst_Name","Alloted_
Cat","Quota","Institute Type","First Rank","Last Rank"
"INFORMATION
TECHNOLOGY","SILVER OAK COLLEGE OF ENGG., & TECH.
(WITHIN AMHEDABAD MUNICIPAL
CORPORATION LIMIT), AHMEDABAD","GEN","GUJCET Based","Self-Finance","9448.00","34400.00"
"INFORMATION
TECHNOLOGY","SWARRNIM INSTITUTE OF TECHNOLOGY","GEN","GUJCET Based","Self-Finance","28756.00","39020.00"
"INFORMATION
TECHNOLOGY","V.V.P. ENGINEERING COLLEGE, RAJKOT","EWS","GUJCET Based","Self-Finance","23646.00","25466.00"
"INFORMATION
TECHNOLOGY","V.V.P. ENGINEERING COLLEGE, RAJKOT","GEN","GUJCET Based","Self-Finance","15250.00","21176.00"
"INFORMATION
TECHNOLOGY","V.V.P. ENGINEERING COLLEGE, RAJKOT","SC","GUJCET Based","Self-Finance","34229.00","34229.00"
"INFORMATION
TECHNOLOGY","V.V.P. ENGINEERING COLLEGE, RAJKOT","SEBC","GUJCET Based","Self-Finance","34964.00","39904.00"
"INFORMATION
TECHNOLOGY","VADODARA INSTITUTE OF ENGINEERING,
KOTAMBI, WAGHODIYA, VADODARA","GEN","GUJCET Based","Self-Finance","26821.00","26821.00"
"INFORMATION
TECHNOLOGY","VIDHYADEEP INSTITUTE OF ENGINEERING &
TECHNOLOGY, ANITA(KIM), SURAT","GEN","GUJCET Based","Self-Finance","38411.00","38411.00"
"INFORMATION
TECHNOLOGY","VIDUSH SOMANY INSTITUTE OF TECH. & RES.,
KADI","GEN","GUJCET Based","Self-Finance","37183.00","37183.00"
"INFORMATION
TECHNOLOGY","VISHWAKARMA GOVERNMENT ENGINEERING
COLLEGE, CHANDKHEDA,GANDHINAGAR","EWS","GUJCET Based","Govt / GIA","1969.00","2231.00"
"INFORMATION
TECHNOLOGY","VISHWAKARMA GOVERNMENT ENGINEERING
COLLEGE, CHANDKHEDA,GANDHINAGAR","GEN","GUJCET Based","Govt / GIA","1824.00","1920.00"
"INFORMATION
TECHNOLOGY","VISHWAKARMA GOVERNMENT ENGINEERING
COLLEGE, CHANDKHEDA,GANDHINAGAR","SC","GUJCET Based","Govt / GIA","6729.00","8939.00"
"INFORMATION
TECHNOLOGY","VISHWAKARMA GOVERNMENT ENGINEERING
COLLEGE, CHANDKHEDA,GANDHINAGAR","SEBC","GUJCET Based","Govt / GIA","1946.00","2494.00"
"INFORMATION
TECHNOLOGY","VISHWAKARMA GOVERNMENT ENGINEERING
COLLEGE, CHANDKHEDA,GANDHINAGAR","ST","GUJCET Based","Govt / GIA","28003.00","28627.00"
"INFORMATION
TECHNOLOGY","VISHWAKARMA GOVERNMENT ENGINEERING
COLLEGE, CHANDKHEDA,GANDHINAGAR","EWS","JEE Based","Govt / GIA","901323.00","901323.00"
"INFORMATION
TECHNOLOGY","VISHWAKARMA GOVERNMENT ENGINEERING
COLLEGE, CHANDKHEDA,GANDHINAGAR","GEN","JEE Based","Govt / GIA","900390.00","900390.00"
"INFORMATION
TECHNOLOGY","VISHWAKARMA GOVERNMENT ENGINEERING
COLLEGE, CHANDKHEDA,GANDHINAGAR","SEBC","JEE Based","Govt / GIA","902202.00","902202.00"
"INFORMATION
TECHNOLOGY - TFWS","A.D.PATEL INSTITUTE OF TECH.,KARAMSAD","TFWs","GUJCET Based","Self-Finance","4869.00","7257.00"
"INFORMATION
TECHNOLOGY - TFWS","AHMEDABAD INSTITUTE OF TECH, AHMEDABAD","TFWs","GUJCET Based","Self-Finance","9632.00","10226.00"
"INFORMATION
TECHNOLOGY - TFWS","CHAROTAR UNIVERSITY OF SCIENCE &
TECHNOLOGY (CHARUSAT) - CHANDUBHAI S
PATEL INSTITUTE OF TECHNOLOGY (CSPIT),
CHANGA","TFWs","GUJCET Based","Self-Finance","862.00","862.00"
"INFORMATION
TECHNOLOGY - TFWS","CHAROTAR UNIVERSITY OF SCIENCE &
TECHNOLOGY (CHARUSAT) - DEVANG PATEL
INSTITUTE OF ADVANCE TECHNOLOGY AND
RESEARCH (DEPSTAR), CHANGA","TFWs","GUJCET Based","Self-Finance","2235.00","2235.00"
"INFORMATION
TECHNOLOGY - TFWS","FACULTY OF TECHNOLOGY(SFI), DHARMSINH
DESAI UNIVERSITY, NADIAD","TFWs","GUJCET Based","Self-Finance","581.00","664.00"
"INFORMATION
TECHNOLOGY - TFWS","G.H.PATEL COLLEGE OF ENGG. & TECH. , V. V.
NAGAR","TFWs","GUJCET Based","Self-Finance","2641.00","2870.00"
"INFORMATION
TECHNOLOGY - TFWS","GOVERNMENT ENGINEERING COLLEGE,
BHAVNAGAR","TFWs","GUJCET Based","Govt / GIA","5803.00","5803.00"
"INFORMATION
TECHNOLOGY - TFWS","GOVERNMENT ENGINEERING COLLEGE,
MODASA","TFWs","GUJCET Based","Govt / GIA","10033.00","11202.00"
"Course_name","Inst_Name","Alloted_
Cat","Quota","Institute Type","First Rank","Last Rank"
"INFORMATION
TECHNOLOGY - TFWS","GOVERNMENT ENGINEERING COLLEGE, SECTOR
28 GANDHINAGAR","TFWs","GUJCET Based","Govt / GIA","3260.00","3335.00"
"INFORMATION
TECHNOLOGY - TFWS","INDUS INSTITUTE OF TECH. & ENGG.,
RACHARDA, AHMEDABAD","TFWs","GUJCET Based","Self-Finance","8750.00","9294.00"
"INFORMATION
TECHNOLOGY - TFWS","L.D.COLLEGE OF ENGINEERING, AHMEDABAD","TFWs","GUJCET Based","Govt / GIA","731.00","731.00"
"INFORMATION
TECHNOLOGY - TFWS","L.D.R.P. INSTITUTE OF TECH. & RESEARCH.,
GANDHINAGAR","TFWs","GUJCET Based","Self-Finance","6905.00","6906.00"
"INFORMATION
TECHNOLOGY - TFWS","L.J. INSTITUTE OF ENGG AND TECH.,
AHMEDABAD","TFWs","GUJCET Based","Self-Finance","4608.00","5168.00"
"INFORMATION
TECHNOLOGY - TFWS","SAL COLLEGE OF ENGINEERING , AHMEDABAD","TFWs","GUJCET Based","Self-Finance","7325.00","7325.00"
"INFORMATION
TECHNOLOGY - TFWS","SHANTILAL SHAH ENGINEERING COLLEGE
,BHAVNAGAR","TFWs","GUJCET Based","Govt / GIA","9841.00","9841.00"
"INFORMATION
TECHNOLOGY - TFWS","SHREE SWAMINARAYAN INSTITUTE OF
TECHNOLOGY, BHAT, GANDHINAGAR","TFWs","GUJCET Based","Self-Finance","6913.00","6913.00"
"INFORMATION
TECHNOLOGY - TFWS","SHRI SWAMI ATMANAND SARASWATI INSTITUTE
OF TECH., SURAT","TFWs","GUJCET Based","Self-Finance","3009.00","3009.00"
"INFORMATION
TECHNOLOGY - TFWS","V.V.P. ENGINEERING COLLEGE, RAJKOT","TFWs","GUJCET Based","Self-Finance","6263.00","6263.00"
"INFORMATION
TECHNOLOGY - TFWS","VISHWAKARMA GOVERNMENT ENGINEERING
COLLEGE, CHANDKHEDA,GANDHINAGAR","TFWs","GUJCET Based","Govt / GIA","1572.00","1575.00"
"INFORMATION
TECHNOLOGY &
ENGINEERING","P.P. SAVANI SCHOOL OF ENGINEERING, P.P.
SAVANI UNIVERSITY, KOSAMBA","GEN","GUJCET Based","Self-Finance","23536.00","23536.00"
"INFORMATION
TECHNOLOGY &
ENGINEERING - TFW","P.P. SAVANI SCHOOL OF ENGINEERING, P.P.
SAVANI UNIVERSITY, KOSAMBA","TFWs","GUJCET Based","Self-Finance","13836.00","13836.00"
"INSTRUMENTATION &
CONTROL ENGINEERING","FACULTY OF TECHNOLOGY AND
ENGINEERING(GIA), DHARMSINH DESAI
UNIVERSITY, (DDU), NADIAD","EWS","GUJCET Based","Govt / GIA","14335.00","15540.00"
"INSTRUMENTATION &
CONTROL ENGINEERING","FACULTY OF TECHNOLOGY AND
ENGINEERING(GIA), DHARMSINH DESAI
UNIVERSITY, (DDU), NADIAD","GEN","GUJCET Based","Govt / GIA","7891.00","12200.00"
"INSTRUMENTATION &
CONTROL ENGINEERING","FACULTY OF TECHNOLOGY AND
ENGINEERING(GIA), DHARMSINH DESAI
UNIVERSITY, (DDU), NADIAD","SEBC","GUJCET Based","Govt / GIA","12219.00","21980.00"
"INSTRUMENTATION &
CONTROL ENGINEERING","FACULTY OF TECHNOLOGY AND
ENGINEERING(GIA), DHARMSINH DESAI
UNIVERSITY, (DDU), NADIAD","EWS","JEE Based","Govt / GIA","903514.00","903514.00"
"INSTRUMENTATION &
CONTROL ENGINEERING","FACULTY OF TECHNOLOGY AND
ENGINEERING(GIA), DHARMSINH DESAI
UNIVERSITY, (DDU), NADIAD","GEN","JEE Based","Govt / GIA","902238.00","902238.00"
"INSTRUMENTATION &
CONTROL ENGINEERING","FACULTY OF TECHNOLOGY AND
ENGINEERING(GIA), DHARMSINH DESAI
UNIVERSITY, (DDU), NADIAD","SEBC","JEE Based","Govt / GIA","905888.00","905888.00"
"INSTRUMENTATION &
CONTROL ENGINEERING","FACULTY OF TECHNOLOGY(SFI), DHARMSINH
DESAI UNIVERSITY, NADIAD","EWS","GUJCET Based","Self-Finance","21737.00","21737.00"
"INSTRUMENTATION &
CONTROL ENGINEERING","FACULTY OF TECHNOLOGY(SFI), DHARMSINH
DESAI UNIVERSITY, NADIAD","GEN","GUJCET Based","Self-Finance","7936.00","18633.00"
"INSTRUMENTATION &
CONTROL ENGINEERING","FACULTY OF TECHNOLOGY(SFI), DHARMSINH
DESAI UNIVERSITY, NADIAD","SEBC","GUJCET Based","Self-Finance","24876.00","24876.00"
"INSTRUMENTATION &
CONTROL ENGINEERING","GOVERNMENT ENGINEERING COLLEGE, RAJKOT","GEN","GUJCET Based","Govt / GIA","35157.00","39221.00"
"INSTRUMENTATION &
CONTROL ENGINEERING","GOVERNMENT ENGINEERING COLLEGE, RAJKOT","GEN","JEE Based","Govt / GIA","903221.00","930695.00"
"INSTRUMENTATION &
CONTROL ENGINEERING","GOVERNMENT ENGINEERING COLLEGE, SECTOR
28 GANDHINAGAR","EWS","GUJCET Based","Govt / GIA","25497.00","29078.00"
"INSTRUMENTATION &
CONTROL ENGINEERING","GOVERNMENT ENGINEERING COLLEGE, SECTOR
28 GANDHINAGAR","GEN","GUJCET Based","Govt / GIA","21404.00","25228.00"
"INSTRUMENTATION &
CONTROL ENGINEERING","GOVERNMENT ENGINEERING COLLEGE, SECTOR
28 GANDHINAGAR","SEBC","GUJCET Based","Govt / GIA","25302.00","50315.00"
"INSTRUMENTATION &
CONTROL ENGINEERING","GOVERNMENT ENGINEERING COLLEGE, SECTOR
28 GANDHINAGAR","SEBC","JEE Based","Govt / GIA","910020.00","910020.00"
"Course_name","Inst_Name","Alloted_
Cat","Quota","Institute Type","First Rank","Last Rank"
"INSTRUMENTATION &
CONTROL ENGINEERING","L.D.COLLEGE OF ENGINEERING, AHMEDABAD","EWS","GUJCET Based","Govt / GIA","11281.00","11988.00"
"INSTRUMENTATION &
CONTROL ENGINEERING","L.D.COLLEGE OF ENGINEERING, AHMEDABAD","GEN","GUJCET Based","Govt / GIA","2820.00","10377.00"
"INSTRUMENTATION &
CONTROL ENGINEERING","L.D.COLLEGE OF ENGINEERING, AHMEDABAD","SC","GUJCET Based","Govt / GIA","22260.00","27910.00"
"INSTRUMENTATION &
CONTROL ENGINEERING","L.D.COLLEGE OF ENGINEERING, AHMEDABAD","SEBC","GUJCET Based","Govt / GIA","10640.00","10640.00"
"INSTRUMENTATION &
CONTROL ENGINEERING","L.D.COLLEGE OF ENGINEERING, AHMEDABAD","GEN","JEE Based","Govt / GIA","901740.00","901826.00"
"INSTRUMENTATION &
CONTROL ENGINEERING","L.D.COLLEGE OF ENGINEERING, AHMEDABAD","SC","JEE Based","Govt / GIA","916485.00","916485.00"
"INSTRUMENTATION &
CONTROL ENGINEERING","SARVAJANIK COLLEGE OF ENGG. & TECH. ,
SURAT","GEN","GUJCET Based","Self-Finance","28972.00","50242.00"
"INSTRUMENTATION &
CONTROL ENGINEERING","VISHWAKARMA GOVERNMENT ENGINEERING
COLLEGE, CHANDKHEDA,GANDHINAGAR","EWS","GUJCET Based","Govt / GIA","16393.00","19766.00"
"INSTRUMENTATION &
CONTROL ENGINEERING","VISHWAKARMA GOVERNMENT ENGINEERING
COLLEGE, CHANDKHEDA,GANDHINAGAR","GEN","GUJCET Based","Govt / GIA","14500.00","16386.00"
"INSTRUMENTATION &
CONTROL ENGINEERING","VISHWAKARMA GOVERNMENT ENGINEERING
COLLEGE, CHANDKHEDA,GANDHINAGAR","SEBC","GUJCET Based","Govt / GIA","21905.00","26008.00"
"INSTRUMENTATION &
CONTROL ENGINEERING","VISHWAKARMA GOVERNMENT ENGINEERING
COLLEGE, CHANDKHEDA,GANDHINAGAR","GEN","JEE Based","Govt / GIA","902668.00","902668.00"
"INSTRUMENTATION &
CONTROL ENGINEERING -
TFWS","FACULTY OF TECHNOLOGY AND
ENGINEERING(GIA), DHARMSINH DESAI
UNIVERSITY, (DDU), NADIAD","TFWs","GUJCET Based","Govt / GIA","6538.00","6538.00"
"INSTRUMENTATION &
CONTROL ENGINEERING -
TFWS","VISHWAKARMA GOVERNMENT ENGINEERING
COLLEGE, CHANDKHEDA,GANDHINAGAR","TFWs","GUJCET Based","Govt / GIA","12946.00","13022.00"
"MARINE ENGINEERING","GANPAT UNIVERSITY, U.V.PATEL COLLEGE OF
ENGINEERING, KHERVA, MEHSANA","GEN","GUJCET Based","Self-Finance","50194.00","50194.00"
"MATHEMATICS AND
COMPUTING","DHIRUBHAI AMBANI INSTITUTE OF INFO. &
COMM. TECH., GANDHINAGAR","EWS","GUJCET Based","Self-Finance","113.00","113.00"
"MATHEMATICS AND
COMPUTING","DHIRUBHAI AMBANI INSTITUTE OF INFO. &
COMM. TECH., GANDHINAGAR","GEN","GUJCET Based","Self-Finance","80.00","80.00"
"MATHEMATICS AND
COMPUTING","DHIRUBHAI AMBANI INSTITUTE OF INFO. &
COMM. TECH., GANDHINAGAR","SC","GUJCET Based","Self-Finance","1262.00","1262.00"
"MATHEMATICS AND
COMPUTING","DHIRUBHAI AMBANI INSTITUTE OF INFO. &
COMM. TECH., GANDHINAGAR","ST","GUJCET Based","Self-Finance","12629.00","12629.00"
"MATHEMATICS AND
COMPUTING","L.J. INSTITUTE OF ENGG AND TECH.,
AHMEDABAD","EWS","GUJCET Based","Self-Finance","32292.00","32292.00"
"MATHEMATICS AND
COMPUTING","L.J. INSTITUTE OF ENGG AND TECH.,
AHMEDABAD","GEN","GUJCET Based","Self-Finance","16685.00","29347.00"
"MATHEMATICS AND
COMPUTING","PARUL INSTITUTE OF ENGINEERING &
TECHNOLOGY, WAGHODIA, VADODARA","GEN","GUJCET Based","Self-Finance","34893.00","34893.00"
"MATHEMATICS AND
COMPUTING - TFWS","DHIRUBHAI AMBANI INSTITUTE OF INFO. &
COMM. TECH., GANDHINAGAR","TFWs","GUJCET Based","Self-Finance","33.00","33.00"
"MATHEMATICS AND
COMPUTING - TFWS","L.J. INSTITUTE OF ENGG AND TECH.,
AHMEDABAD","TFWs","GUJCET Based","Self-Finance","6053.00","6053.00"
"MECHANICAL
ENGINEERING","A.D.PATEL INSTITUTE OF TECH.,KARAMSAD","GEN","GUJCET Based","Self-Finance","17167.00","34902.00"
"MECHANICAL
ENGINEERING","AHMEDABAD INSTITUTE OF TECH, AHMEDABAD","GEN","GUJCET Based","Self-Finance","12394.00","12394.00"
"MECHANICAL
ENGINEERING","AHMEDABAD UNIVERSITY, AHMEDABAD","EWS","GUJCET Based","Self-Finance","23276.00","23276.00"
"MECHANICAL
ENGINEERING","AHMEDABAD UNIVERSITY, AHMEDABAD","GEN","GUJCET Based","Self-Finance","7803.00","12781.00"
"MECHANICAL
ENGINEERING","AHMEDABAD UNIVERSITY, AHMEDABAD","SC","GUJCET Based","Self-Finance","50451.00","50451.00"
"MECHANICAL
ENGINEERING","AHMEDABAD UNIVERSITY, AHMEDABAD","SEBC","GUJCET Based","Self-Finance","22129.00","37604.00"
"Course_name","Inst_Name","Alloted_
Cat","Quota","Institute Type","First Rank","Last Rank"
"MECHANICAL
ENGINEERING","BIRLA VISHVAKARMA MAHA VIDHYALAYA(GIA),
V.V.NAGAR","ESM","GUJCET Based","Govt / GIA","34014.00","34014.00"
"MECHANICAL
ENGINEERING","BIRLA VISHVAKARMA MAHA VIDHYALAYA(GIA),
V.V.NAGAR","EWS","GUJCET Based","Govt / GIA","12879.00","12879.00"
"MECHANICAL
ENGINEERING","BIRLA VISHVAKARMA MAHA VIDHYALAYA(GIA),
V.V.NAGAR","GEN","GUJCET Based","Govt / GIA","7481.00","11123.00"
"MECHANICAL
ENGINEERING","BIRLA VISHVAKARMA MAHA VIDHYALAYA(GIA),
V.V.NAGAR","SEBC","GUJCET Based","Govt / GIA","14039.00","16285.00"
"MECHANICAL
ENGINEERING","BIRLA VISHVAKARMA MAHA VIDHYALAYA(GIA),
V.V.NAGAR","ST","GUJCET Based","Govt / GIA","38364.00","38364.00"
"MECHANICAL
ENGINEERING","BIRLA VISHVAKARMA MAHA VIDHYALAYA(GIA),
V.V.NAGAR","GEN","JEE Based","Govt / GIA","902071.00","902071.00"
"MECHANICAL
ENGINEERING","BIRLA VISHVAKARMA MAHA VIDHYLAYA(SFI),
V.V.NAGAR","EWS","GUJCET Based","Self-Finance","17393.00","18352.00"
"MECHANICAL
ENGINEERING","BIRLA VISHVAKARMA MAHA VIDHYLAYA(SFI),
V.V.NAGAR","GEN","GUJCET Based","Self-Finance","12091.00","17282.00"
"MECHANICAL
ENGINEERING","BIRLA VISHVAKARMA MAHA VIDHYLAYA(SFI),
V.V.NAGAR","SEBC","GUJCET Based","Self-Finance","23877.00","24953.00"
"MECHANICAL
ENGINEERING","C. K. PITHAWALA COLLEGE OF ENGG. & TECH.,
SURAT","GEN","GUJCET Based","Self-Finance","23435.00","39081.00"
"MECHANICAL
ENGINEERING","CHAROTAR UNIVERSITY OF SCIENCE &
TECHNOLOGY (CHARUSAT) - CHANDUBHAI S
PATEL INSTITUTE OF TECHNOLOGY (CSPIT),
CHANGA","EWS","GUJCET Based","Self-Finance","27216.00","30907.00"
"MECHANICAL
ENGINEERING","CHAROTAR UNIVERSITY OF SCIENCE &
TECHNOLOGY (CHARUSAT) - CHANDUBHAI S
PATEL INSTITUTE OF TECHNOLOGY (CSPIT),
CHANGA","GEN","GUJCET Based","Self-Finance","15327.00","25306.00"
"MECHANICAL
ENGINEERING","CHAROTAR UNIVERSITY OF SCIENCE &
TECHNOLOGY (CHARUSAT) - CHANDUBHAI S
PATEL INSTITUTE OF TECHNOLOGY (CSPIT),
CHANGA","SEBC","GUJCET Based","Self-Finance","39015.00","39259.00"
"MECHANICAL
ENGINEERING","D. A. DEGREE ENGINEERING AND TECHNOLOGY,
MAHEMDABAD, KHEDA","GEN","GUJCET Based","Self-Finance","36037.00","36037.00"
"MECHANICAL
ENGINEERING","DR. S & S.S.GHANDHI GOVERNMENT
ENGINEERING COLLEGE SURAT","EWS","GUJCET Based","Govt / GIA","25007.00","31310.00"
"MECHANICAL
ENGINEERING","DR. S & S.S.GHANDHI GOVERNMENT
ENGINEERING COLLEGE SURAT","GEN","GUJCET Based","Govt / GIA","5902.00","23901.00"
"MECHANICAL
ENGINEERING","DR. S & S.S.GHANDHI GOVERNMENT
ENGINEERING COLLEGE SURAT","SEBC","GUJCET Based","Govt / GIA","24326.00","37724.00"
"MECHANICAL
ENGINEERING","DR. S & S.S.GHANDHI GOVERNMENT
ENGINEERING COLLEGE SURAT","ST","GUJCET Based","Govt / GIA","39531.00","39531.00"
"MECHANICAL
ENGINEERING","DR. S & S.S.GHANDHI GOVERNMENT
ENGINEERING COLLEGE SURAT","GEN","JEE Based","Govt / GIA","904196.00","904544.00"
"MECHANICAL
ENGINEERING","DR. S & S.S.GHANDHI GOVERNMENT
ENGINEERING COLLEGE SURAT","SEBC","JEE Based","Govt / GIA","907224.00","907224.00"
"MECHANICAL
ENGINEERING","FACULTY OF TECHNOLOGY &
ENGINEERING(MSU), VADODARA","EWS","GUJCET Based","Govt / GIA","9275.00","9659.00"
"MECHANICAL
ENGINEERING","FACULTY OF TECHNOLOGY &
ENGINEERING(MSU), VADODARA","GEN","GUJCET Based","Govt / GIA","5475.00","7003.00"
"MECHANICAL
ENGINEERING","FACULTY OF TECHNOLOGY &
ENGINEERING(MSU), VADODARA","SEBC","GUJCET Based","Govt / GIA","10725.00","10725.00"
"MECHANICAL
ENGINEERING","FACULTY OF TECHNOLOGY(SFI), DHARMSINH
DESAI UNIVERSITY, NADIAD","EWS","GUJCET Based","Self-Finance","16148.00","22038.00"
"MECHANICAL
ENGINEERING","FACULTY OF TECHNOLOGY(SFI), DHARMSINH
DESAI UNIVERSITY, NADIAD","GEN","GUJCET Based","Self-Finance","11278.00","15000.00"
"MECHANICAL
ENGINEERING","FACULTY OF TECHNOLOGY(SFI), DHARMSINH
DESAI UNIVERSITY, NADIAD","SC","GUJCET Based","Self-Finance","25844.00","25844.00"
"MECHANICAL
ENGINEERING","FACULTY OF TECHNOLOGY(SFI), DHARMSINH
DESAI UNIVERSITY, NADIAD","SEBC","GUJCET Based","Self-Finance","21967.00","22168.00"
"MECHANICAL
ENGINEERING","G.H.PATEL COLLEGE OF ENGG. & TECH. , V. V.
NAGAR","GEN","GUJCET Based","Self-Finance","28163.00","35726.00"
"MECHANICAL
ENGINEERING","GANPAT UNIVERSITY, U.V.PATEL COLLEGE OF
ENGINEERING, KHERVA, MEHSANA","GEN","GUJCET Based","Self-Finance","50447.00","50447.00"
"Course_name","Inst_Name","Alloted_
Cat","Quota","Institute Type","First Rank","Last Rank"
"MECHANICAL
ENGINEERING","GIDC DEGREE ENGINEERING COLLEGE, ABRAMA,
NAVSARI","GEN","GUJCET Based","Self-Finance","37177.00","37177.00"
"MECHANICAL
ENGINEERING","GOVERNMENT ENGINEERING COLLEGE,
BHARUCH","EWS","GUJCET Based","Govt / GIA","39793.00","50146.00"
"MECHANICAL
ENGINEERING","GOVERNMENT ENGINEERING COLLEGE,
BHARUCH","GEN","GUJCET Based","Govt / GIA","20144.00","37979.00"
"MECHANICAL
ENGINEERING","GOVERNMENT ENGINEERING COLLEGE,
BHARUCH","SEBC","GUJCET Based","Govt / GIA","38522.00","50249.00"
"MECHANICAL
ENGINEERING","GOVERNMENT ENGINEERING COLLEGE,
BHARUCH","GEN","JEE Based","Govt / GIA","906336.00","908835.00"
"MECHANICAL
ENGINEERING","GOVERNMENT ENGINEERING COLLEGE,
BHARUCH","SEBC","JEE Based","Govt / GIA","920070.00","920070.00"
"MECHANICAL
ENGINEERING","GOVERNMENT ENGINEERING COLLEGE,
BHAVNAGAR","GEN","GUJCET Based","Govt / GIA","20639.00","50084.00"
"MECHANICAL
ENGINEERING","GOVERNMENT ENGINEERING COLLEGE,
BHAVNAGAR","GEN","JEE Based","Govt / GIA","904990.00","990390.00"
"MECHANICAL
ENGINEERING","GOVERNMENT ENGINEERING COLLEGE, BHUJ","GEN","JEE Based","Govt / GIA","911242.00","921592.00"
"MECHANICAL
ENGINEERING","GOVERNMENT ENGINEERING COLLEGE, DAHOD","GEN","GUJCET Based","Govt / GIA","37157.00","37157.00"
"MECHANICAL
ENGINEERING","GOVERNMENT ENGINEERING COLLEGE,
GODHRA","GEN","GUJCET Based","Govt / GIA","33746.00","33746.00"
"MECHANICAL
ENGINEERING","GOVERNMENT ENGINEERING COLLEGE,
GODHRA","GEN","JEE Based","Govt / GIA","990374.00","990374.00"
"MECHANICAL
ENGINEERING","GOVERNMENT ENGINEERING COLLEGE,
MODASA","GEN","GUJCET Based","Govt / GIA","30145.00","39680.00"
"MECHANICAL
ENGINEERING","GOVERNMENT ENGINEERING COLLEGE,
MODASA","GEN","JEE Based","Govt / GIA","909029.00","921119.00"
"MECHANICAL
ENGINEERING","GOVERNMENT ENGINEERING COLLEGE,
PALANPUR","GEN","JEE Based","Govt / GIA","907253.00","990420.50"
"MECHANICAL
ENGINEERING","GOVERNMENT ENGINEERING COLLEGE, PATAN","GEN","GUJCET Based","Govt / GIA","26432.00","50609.00"
"MECHANICAL
ENGINEERING","GOVERNMENT ENGINEERING COLLEGE, PATAN","GEN","JEE Based","Govt / GIA","911619.00","930388.00"
"MECHANICAL
ENGINEERING","GOVERNMENT ENGINEERING COLLEGE, RAJKOT","EWS","GUJCET Based","Govt / GIA","27192.00","30374.00"
"MECHANICAL
ENGINEERING","GOVERNMENT ENGINEERING COLLEGE, RAJKOT","GEN","GUJCET Based","Govt / GIA","14967.00","24978.00"
"MECHANICAL
ENGINEERING","GOVERNMENT ENGINEERING COLLEGE, RAJKOT","SEBC","GUJCET Based","Govt / GIA","29332.00","32444.00"
"MECHANICAL
ENGINEERING","GOVERNMENT ENGINEERING COLLEGE, RAJKOT","GEN","JEE Based","Govt / GIA","904997.00","904997.00"
"MECHANICAL
ENGINEERING","GOVERNMENT ENGINEERING COLLEGE, RAJKOT","SEBC","JEE Based","Govt / GIA","916166.00","916166.00"
"MECHANICAL
ENGINEERING","GOVERNMENT ENGINEERING COLLEGE, SECTOR
28 GANDHINAGAR","EWS","GUJCET Based","Govt / GIA","19562.00","21880.00"
"MECHANICAL
ENGINEERING","GOVERNMENT ENGINEERING COLLEGE, SECTOR
28 GANDHINAGAR","GEN","GUJCET Based","Govt / GIA","13447.00","19158.00"
"MECHANICAL
ENGINEERING","GOVERNMENT ENGINEERING COLLEGE, SECTOR
28 GANDHINAGAR","SC","GUJCET Based","Govt / GIA","34846.00","34846.00"
"MECHANICAL
ENGINEERING","GOVERNMENT ENGINEERING COLLEGE, SECTOR
28 GANDHINAGAR","SEBC","GUJCET Based","Govt / GIA","19813.00","27353.00"
"MECHANICAL
ENGINEERING","GOVERNMENT ENGINEERING COLLEGE, SECTOR
28 GANDHINAGAR","SEBC","JEE Based","Govt / GIA","913173.00","913173.00"
"MECHANICAL
ENGINEERING","GOVERNMENT ENGINEERING COLLEGE, VALSAD","GEN","GUJCET Based","Govt / GIA","27718.00","50623.00"
"MECHANICAL
ENGINEERING","GOVERNMENT ENGINEERING COLLEGE, VALSAD","GEN","JEE Based","Govt / GIA","910437.00","990177.00"
"MECHANICAL
ENGINEERING","INDUS INSTITUTE OF TECH. & ENGG.,
RACHARDA, AHMEDABAD","GEN","GUJCET Based","Self-Finance","37731.00","37731.00"
"MECHANICAL
ENGINEERING","INSTITUTE OF
INFRASTRUCTURE,TECHNOLOGY,RESEARCH AND
MANAGEMENT(IITRAM),AHMEDABAD","EWS","GUJCET Based","Autonomous","20675.00","25938.00"
"Course_name","Inst_Name","Alloted_
Cat","Quota","Institute Type","First Rank","Last Rank"
"MECHANICAL
ENGINEERING","INSTITUTE OF
INFRASTRUCTURE,TECHNOLOGY,RESEARCH AND
MANAGEMENT(IITRAM),AHMEDABAD","GEN","GUJCET Based","Autonomous","12516.00","20299.00"
"MECHANICAL
ENGINEERING","INSTITUTE OF
INFRASTRUCTURE,TECHNOLOGY,RESEARCH AND
MANAGEMENT(IITRAM),AHMEDABAD","SEBC","GUJCET Based","Autonomous","27336.00","38559.00"
"MECHANICAL
ENGINEERING","INSTITUTE OF TECHNOLOGY, NIRMA UNIVERSITY
OF SCIENCE & TECHNOLOGY, AHMEDABAD","ESM","GUJCET Based","Self-Finance","21876.00","21876.00"
"MECHANICAL
ENGINEERING","INSTITUTE OF TECHNOLOGY, NIRMA UNIVERSITY
OF SCIENCE & TECHNOLOGY, AHMEDABAD","EWS","GUJCET Based","Self-Finance","7376.00","7376.00"
"MECHANICAL
ENGINEERING","INSTITUTE OF TECHNOLOGY, NIRMA UNIVERSITY
OF SCIENCE & TECHNOLOGY, AHMEDABAD","GEN","GUJCET Based","Self-Finance","3138.00","6141.00"
"MECHANICAL
ENGINEERING","INSTITUTE OF TECHNOLOGY, NIRMA UNIVERSITY
OF SCIENCE & TECHNOLOGY, AHMEDABAD","SC","GUJCET Based","Self-Finance","9966.00","13321.00"
"MECHANICAL
ENGINEERING","INSTITUTE OF TECHNOLOGY, NIRMA UNIVERSITY
OF SCIENCE & TECHNOLOGY, AHMEDABAD","SEBC","GUJCET Based","Self-Finance","10758.00","11715.00"
"MECHANICAL
ENGINEERING","ITM (SLS) BARODA UNIVERSITY (FORMERLY
KNOWN AS ITM UNIVERSE), VADODARA","GEN","GUJCET Based","Self-Finance","50472.00","50472.00"
"MECHANICAL
ENGINEERING","L.D.COLLEGE OF ENGINEERING, AHMEDABAD","EWS","GUJCET Based","Govt / GIA","6142.00","6142.00"
"MECHANICAL
ENGINEERING","L.D.COLLEGE OF ENGINEERING, AHMEDABAD","GEN","GUJCET Based","Govt / GIA","3406.00","4933.00"
"MECHANICAL
ENGINEERING","L.D.COLLEGE OF ENGINEERING, AHMEDABAD","SC","GUJCET Based","Govt / GIA","16365.00","21903.00"
"MECHANICAL
ENGINEERING","L.D.COLLEGE OF ENGINEERING, AHMEDABAD","SEBC","GUJCET Based","Govt / GIA","8630.00","8630.00"
"MECHANICAL
ENGINEERING","L.D.COLLEGE OF ENGINEERING, AHMEDABAD","ST","GUJCET Based","Govt / GIA","19484.00","19484.00"
"MECHANICAL
ENGINEERING","L.D.COLLEGE OF ENGINEERING, AHMEDABAD","EWS","JEE Based","Govt / GIA","903153.00","903153.00"
"MECHANICAL
ENGINEERING","L.D.COLLEGE OF ENGINEERING, AHMEDABAD","GEN","JEE Based","Govt / GIA","901462.00","901758.00"
"MECHANICAL
ENGINEERING","L.D.COLLEGE OF ENGINEERING, AHMEDABAD","SEBC","JEE Based","Govt / GIA","902653.00","902653.00"
"MECHANICAL
ENGINEERING","L.D.R.P. INSTITUTE OF TECH. & RESEARCH.,
GANDHINAGAR","GEN","GUJCET Based","Self-Finance","23570.00","50141.00"
"MECHANICAL
ENGINEERING","L.E.COLLEGE ,MORBI","GEN","GUJCET Based","Govt / GIA","26789.00","26789.00"
"MECHANICAL
ENGINEERING","L.E.COLLEGE ,MORBI","GEN","JEE Based","Govt / GIA","903892.00","929846.00"
"MECHANICAL
ENGINEERING","L.J. INSTITUTE OF ENGG AND TECH.,
AHMEDABAD","GEN","GUJCET Based","Self-Finance","21451.00","38710.00"
"MECHANICAL
ENGINEERING","LAXMI INSTITUTE OF TECHNOLOGY, SARIGAM,
VALSAD","GEN","GUJCET Based","Self-Finance","39143.00","39143.00"
"MECHANICAL
ENGINEERING","P.P. SAVANI SCHOOL OF ENGINEERING, P.P.
SAVANI UNIVERSITY, KOSAMBA","GEN","GUJCET Based","Self-Finance","4053.00","34464.00"
"MECHANICAL
ENGINEERING","PANDIT DEENDAYAL ENERGY UNIVERSITY
,GANDHINAGAR","EWS","GUJCET Based","Self-Finance","11885.00","16658.00"
"MECHANICAL
ENGINEERING","PANDIT DEENDAYAL ENERGY UNIVERSITY
,GANDHINAGAR","GEN","GUJCET Based","Self-Finance","9626.00","11883.00"
"MECHANICAL
ENGINEERING","PANDIT DEENDAYAL ENERGY UNIVERSITY
,GANDHINAGAR","SC","GUJCET Based","Self-Finance","16402.00","34253.00"
"MECHANICAL
ENGINEERING","PANDIT DEENDAYAL ENERGY UNIVERSITY
,GANDHINAGAR","SEBC","GUJCET Based","Self-Finance","17635.00","20838.00"
"MECHANICAL
ENGINEERING","PANDIT DEENDAYAL ENERGY UNIVERSITY
,GANDHINAGAR","GEN","JEE Based","Self-Finance","902236.00","903707.00"
"Course_name","Inst_Name","Alloted_
Cat","Quota","Institute Type","First Rank","Last Rank"
"MECHANICAL
ENGINEERING","PANDIT DEENDAYAL ENERGY UNIVERSITY
,GANDHINAGAR","SEBC","JEE Based","Self-Finance","907956.00","912734.00"
"MECHANICAL
ENGINEERING","SAL INSTITUTE OF TECH. & ENGG. RESEARCH,
AHMEDABAD","GEN","GUJCET Based","Self-Finance","35193.00","35193.00"
"MECHANICAL
ENGINEERING","SARDAR PATEL COLLEGE OF ENGINEERING,
BAKROL ANAND","GEN","GUJCET Based","Self-Finance","38588.00","38588.00"
"MECHANICAL
ENGINEERING","SARDAR VALLABHBHAI PATEL INSTITUTE OF
TECH.,VASAD","GEN","GUJCET Based","Self-Finance","10460.00","50178.00"
"MECHANICAL
ENGINEERING","SARVAJANIK COLLEGE OF ENGG. & TECH. ,
SURAT","GEN","GUJCET Based","Self-Finance","23043.00","39745.00"
"MECHANICAL
ENGINEERING","SCHOOL OF ENGINEERING AND TECHNOLOGY,
NAVRACHANA UNIVERSITY, VADODARA","GEN","GUJCET Based","Self-Finance","25973.00","25973.00"
"MECHANICAL
ENGINEERING","SHANTILAL SHAH ENGINEERING COLLEGE
,BHAVNAGAR","GEN","JEE Based","Govt / GIA","922257.00","922257.00"
"MECHANICAL
ENGINEERING","SHRI SITARAM N PATEL INST. OF TECH. & RES.
(SNPIT), BARDOLI, UMRAKH (VIDHYABHARTI
TRUST)","GEN","GUJCET Based","Self-Finance","17912.00","30530.00"
"MECHANICAL
ENGINEERING","SHRI SWAMI ATMANAND SARASWATI INSTITUTE
OF TECH., SURAT","GEN","GUJCET Based","Self-Finance","25514.00","37821.00"
"MECHANICAL
ENGINEERING","SWAMINARAYAN COLLEGE OF ENGG. & TECH.,
KALOL","GEN","GUJCET Based","Self-Finance","34555.00","34555.00"
"MECHANICAL
ENGINEERING","V.V.P. ENGINEERING COLLEGE, RAJKOT","GEN","GUJCET Based","Self-Finance","9074.00","39831.00"
"MECHANICAL
ENGINEERING","VISHWAKARMA GOVERNMENT ENGINEERING
COLLEGE, CHANDKHEDA,GANDHINAGAR","EWS","GUJCET Based","Govt / GIA","13501.00","14332.00"
"MECHANICAL
ENGINEERING","VISHWAKARMA GOVERNMENT ENGINEERING
COLLEGE, CHANDKHEDA,GANDHINAGAR","GEN","GUJCET Based","Govt / GIA","6546.00","12796.00"
"MECHANICAL
ENGINEERING","VISHWAKARMA GOVERNMENT ENGINEERING
COLLEGE, CHANDKHEDA,GANDHINAGAR","SC","GUJCET Based","Govt / GIA","27150.00","28989.00"
"MECHANICAL
ENGINEERING","VISHWAKARMA GOVERNMENT ENGINEERING
COLLEGE, CHANDKHEDA,GANDHINAGAR","SEBC","GUJCET Based","Govt / GIA","14699.00","18139.00"
"MECHANICAL
ENGINEERING","VISHWAKARMA GOVERNMENT ENGINEERING
COLLEGE, CHANDKHEDA,GANDHINAGAR","SEBC","JEE Based","Govt / GIA","906109.00","906397.00"
"MECHANICAL
ENGINEERING - TFWS","AMRUT INSTITUTE, JUNAGADH","TFWs","GUJCET Based","Self-Finance","30824.00","30824.00"
"MECHANICAL
ENGINEERING - TFWS","GOVERNMENT ENGINEERING COLLEGE, SECTOR
28 GANDHINAGAR","TFWs","GUJCET Based","Govt / GIA","14252.00","14523.00"
"MECHANICAL
ENGINEERING - TFWS","GOVERNMENT ENGINEERING COLLEGE, VALSAD","TFWs","GUJCET Based","Govt / GIA","19220.00","19220.00"
"MECHANICAL
ENGINEERING - TFWS","GOVERNMENT ENGINEERING COLLEGE, VALSAD","TFWs","JEE Based","Govt / GIA","914192.00","914192.00"
"MECHANICAL
ENGINEERING - TFWS","L.D.COLLEGE OF ENGINEERING, AHMEDABAD","TFWs","JEE Based","Govt / GIA","901774.00","901774.00"
"MECHANICAL
ENGINEERING - TFWS","PANDIT DEENDAYAL ENERGY UNIVERSITY
,GANDHINAGAR","TFWs","GUJCET Based","Self-Finance","4852.00","4852.00"
"MECHANICAL
ENGINEERING (ELECTRIC
VEHICLE)-TFWS","BHAGWAN MAHAVIR COLLEGE OF ENGG. AND
TECH., SURAT","TFWs","GUJCET Based","Self-Finance","39925.00","39925.00"
"MECHATRONICS
ENGINEERING","PARUL INSTITUTE OF TECHNOLOGY,
WAGHODIA, VADODARA","GEN","GUJCET Based","Self-Finance","23896.00","31290.00"
"METALLURGICAL AND
MATERIALS ENGINEERING","FACULTY OF TECHNOLOGY &
ENGINEERING(MSU), VADODARA","GEN","GUJCET Based","Govt / GIA","13153.00","25015.00"
"METALLURGICAL AND
MATERIALS ENGINEERING","FACULTY OF TECHNOLOGY &
ENGINEERING(MSU), VADODARA","SEBC","GUJCET Based","Govt / GIA","33478.00","33478.00"
"METALLURGICAL AND
MATERIALS ENGINEERING","FACULTY OF TECHNOLOGY &
ENGINEERING(MSU), VADODARA","GEN","JEE Based","Govt / GIA","905116.00","905205.00"
"Course_name","Inst_Name","Alloted_
Cat","Quota","Institute Type","First Rank","Last Rank"
"METALLURGY","GOVERNMENT ENGINEERING COLLEGE, SECTOR
28 GANDHINAGAR","GEN","JEE Based","Govt / GIA","922616.00","927242.00"
"MINING ENGINEERING","GOVERNMENT ENGINEERING COLLEGE, BHUJ","GEN","GUJCET Based","Govt / GIA","29665.00","29665.00"
"PETROLEUM ENGINEERING","PANDIT DEENDAYAL ENERGY UNIVERSITY
,GANDHINAGAR","EWS","GUJCET Based","Self-Finance","25982.00","30481.00"
"PETROLEUM ENGINEERING","PANDIT DEENDAYAL ENERGY UNIVERSITY
,GANDHINAGAR","GEN","GUJCET Based","Self-Finance","13048.00","19459.00"
"PETROLEUM ENGINEERING","PANDIT DEENDAYAL ENERGY UNIVERSITY
,GANDHINAGAR","SC","GUJCET Based","Self-Finance","21121.00","28408.00"
"PETROLEUM ENGINEERING","PANDIT DEENDAYAL ENERGY UNIVERSITY
,GANDHINAGAR","SEBC","GUJCET Based","Self-Finance","38275.00","38275.00"
"PETROLEUM ENGINEERING","PANDIT DEENDAYAL ENERGY UNIVERSITY
,GANDHINAGAR","EWS","JEE Based","Self-Finance","905221.00","905221.00"
"PETROLEUM ENGINEERING","PANDIT DEENDAYAL ENERGY UNIVERSITY
,GANDHINAGAR","GEN","JEE Based","Self-Finance","902161.00","904627.00"
"PETROLEUM ENGINEERING","PANDIT DEENDAYAL ENERGY UNIVERSITY
,GANDHINAGAR","SEBC","JEE Based","Self-Finance","918927.00","921249.00"
"PETROLEUM ENGINEERING","PARUL INSTITUTE OF TECHNOLOGY,
WAGHODIA, VADODARA","GEN","GUJCET Based","Self-Finance","39893.00","39893.00"
"PHARMACEUTICAL
ENGINEERING","BHAGWAN ARIHANT INSTITUTE OF TECH.,
SURAT","GEN","GUJCET Based","Self-Finance","15473.00","50181.00"
"PLASTIC TECHNOLOGY","L.D.COLLEGE OF ENGINEERING, AHMEDABAD","GEN","GUJCET Based","Govt / GIA","38161.00","38899.00"
"PLASTIC TECHNOLOGY","L.D.COLLEGE OF ENGINEERING, AHMEDABAD","GEN","JEE Based","Govt / GIA","905856.00","990137.00"
"POWER ELECTRONICS","VISHWAKARMA GOVERNMENT ENGINEERING
COLLEGE, CHANDKHEDA,GANDHINAGAR","EWS","GUJCET Based","Govt / GIA","32563.00","39532.00"
"POWER ELECTRONICS","VISHWAKARMA GOVERNMENT ENGINEERING
COLLEGE, CHANDKHEDA,GANDHINAGAR","GEN","GUJCET Based","Govt / GIA","21363.00","31284.00"
"POWER ELECTRONICS","VISHWAKARMA GOVERNMENT ENGINEERING
COLLEGE, CHANDKHEDA,GANDHINAGAR","GEN","JEE Based","Govt / GIA","904358.00","904358.00"
"POWER ELECTRONICS","VISHWAKARMA GOVERNMENT ENGINEERING
COLLEGE, CHANDKHEDA,GANDHINAGAR","SC","JEE Based","Govt / GIA","929637.00","929637.00"
"PRODUCTION
ENGINEERING","BIRLA VISHVAKARMA MAHA VIDHYALAYA(GIA),
V.V.NAGAR","GEN","GUJCET Based","Govt / GIA","33726.00","39608.00"
"PRODUCTION
ENGINEERING","BIRLA VISHVAKARMA MAHA VIDHYALAYA(GIA),
V.V.NAGAR","GEN","JEE Based","Govt / GIA","912453.00","990117.00"
"ROBOTICS & ARTIFICIAL
INTELLIGENCE","L.J. INSTITUTE OF ENGG AND TECH.,
AHMEDABAD","GEN","GUJCET Based","Self-Finance","27848.00","50570.00"
"ROBOTICS & ARTIFICIAL
INTELLIGENCE - TFW","PARUL INSTITUTE OF ENGINEERING &
TECHNOLOGY, WAGHODIA, VADODARA","TFWs","GUJCET Based","Self-Finance","30260.00","39575.00"
"ROBOTICS AND
AUTOMATION","GANDHINAGAR INSTITUTE OF TECHNOLOGY,
MOTI BHOYAN, KALOL, GANDHINAGAR","GEN","GUJCET Based","Self-Finance","31327.00","31327.00"
"ROBOTICS AND
AUTOMATION","GOVERNMENT ENGINEERING COLLEGE, RAJKOT","GEN","GUJCET Based","Govt / GIA","19616.00","50564.00"
"ROBOTICS AND
AUTOMATION","GOVERNMENT ENGINEERING COLLEGE, RAJKOT","GEN","JEE Based","Govt / GIA","903957.00","908729.00"
"ROBOTICS AND
AUTOMATION","GOVERNMENT ENGINEERING COLLEGE, SECTOR
28 GANDHINAGAR","EWS","GUJCET Based","Govt / GIA","20548.00","24432.00"
"ROBOTICS AND
AUTOMATION","GOVERNMENT ENGINEERING COLLEGE, SECTOR
28 GANDHINAGAR","GEN","GUJCET Based","Govt / GIA","10730.00","20233.00"
"ROBOTICS AND
AUTOMATION","GOVERNMENT ENGINEERING COLLEGE, SECTOR
28 GANDHINAGAR","SEBC","GUJCET Based","Govt / GIA","20828.00","34884.00"
"ROBOTICS AND
AUTOMATION","GOVERNMENT ENGINEERING COLLEGE, SECTOR
28 GANDHINAGAR","GEN","JEE Based","Govt / GIA","903874.00","904007.00"
"ROBOTICS AND
AUTOMATION","GOVERNMENT ENGINEERING COLLEGE, SECTOR
28 GANDHINAGAR","SEBC","JEE Based","Govt / GIA","904281.00","904281.00"
"ROBOTICS AND
AUTOMATION","L.D.COLLEGE OF ENGINEERING, AHMEDABAD","EWS","GUJCET Based","Govt / GIA","7980.00","10230.00"
"Course_name","Inst_Name","Alloted_
Cat","Quota","Institute Type","First Rank","Last Rank"
"ROBOTICS AND
AUTOMATION","L.D.COLLEGE OF ENGINEERING, AHMEDABAD","GEN","GUJCET Based","Govt / GIA","2958.00","7855.00"
"ROBOTICS AND
AUTOMATION","L.D.COLLEGE OF ENGINEERING, AHMEDABAD","SC","GUJCET Based","Govt / GIA","28978.00","31041.00"
"ROBOTICS AND
AUTOMATION","L.D.COLLEGE OF ENGINEERING, AHMEDABAD","SEBC","GUJCET Based","Govt / GIA","13107.00","16207.00"
"ROBOTICS AND
AUTOMATION","L.D.COLLEGE OF ENGINEERING, AHMEDABAD","EWS","JEE Based","Govt / GIA","901516.00","901516.00"
"ROBOTICS AND
AUTOMATION","L.D.COLLEGE OF ENGINEERING, AHMEDABAD","GEN","JEE Based","Govt / GIA","900987.00","900987.00"
"ROBOTICS AND
AUTOMATION","L.D.COLLEGE OF ENGINEERING, AHMEDABAD","SEBC","JEE Based","Govt / GIA","902883.00","902883.00"
"ROBOTICS AND
AUTOMATION","PARUL INSTITUTE OF TECHNOLOGY,
WAGHODIA, VADODARA","GEN","GUJCET Based","Self-Finance","32715.00","32715.00"
"ROBOTICS AND
AUTOMATION - TFWS","GANDHINAGAR INSTITUTE OF TECHNOLOGY,
MOTI BHOYAN, KALOL, GANDHINAGAR","TFWs","GUJCET Based","Self-Finance","17884.00","22586.00"
"ROBOTICS AND
AUTOMATION - TFWS","GOVERNMENT ENGINEERING COLLEGE, RAJKOT","TFWs","GUJCET Based","Govt / GIA","17615.00","17615.00"
"ROBOTICS AND
AUTOMATION - TFWS","GOVERNMENT ENGINEERING COLLEGE, SECTOR
28 GANDHINAGAR","TFWs","JEE Based","Govt / GIA","901564.00","901564.00"
"RUBBER TECHNOLOGY","L.D.COLLEGE OF ENGINEERING, AHMEDABAD","EWS","GUJCET Based","Govt / GIA","30618.00","36101.00"
"RUBBER TECHNOLOGY","L.D.COLLEGE OF ENGINEERING, AHMEDABAD","GEN","GUJCET Based","Govt / GIA","27430.00","29147.00"
"TEXTILE ENGINEERING","FACULTY OF TECHNOLOGY &
ENGINEERING(MSU), VADODARA","GEN","GUJCET Based","Govt / GIA","33566.00","37105.00"
"TEXTILE ENGINEERING","FACULTY OF TECHNOLOGY &
ENGINEERING(MSU), VADODARA","GEN","JEE Based","Govt / GIA","903431.00","990398.00"
"TEXTILE PROCESSING","FACULTY OF TECHNOLOGY &
ENGINEERING(MSU), VADODARA","GEN","GUJCET Based","Govt / GIA","33236.00","33236.00"
"TEXTILE PROCESSING","FACULTY OF TECHNOLOGY &
ENGINEERING(MSU), VADODARA","GEN","JEE Based","Govt / GIA","909750.00","919033.00"
"TEXTILE TECHNOLOGY","FACULTY OF TECHNOLOGY &
ENGINEERING(MSU), VADODARA","GEN","GUJCET Based","Govt / GIA","23551.00","39082.00"
"TEXTILE TECHNOLOGY","FACULTY OF TECHNOLOGY &
ENGINEERING(MSU), VADODARA","GEN","JEE Based","Govt / GIA","926949.00","931654.00"
"TEXTILE TECHNOLOGY","L.D.COLLEGE OF ENGINEERING, AHMEDABAD","GEN","GUJCET Based","Govt / GIA","31160.00","39943.00"
"TEXTILE TECHNOLOGY","L.D.COLLEGE OF ENGINEERING, AHMEDABAD","GEN","JEE Based","Govt / GIA","911880.00","930932.00"
